segment_id,segment_name,segment_type,start_x,start_y,end_x,end_y,start_lon,start_lat,end_lon,end_lat,length_m,geom_wkt
TRAIL-001,금정로 1,금정로 1-1,207506.1155958843,291321.9754187995,207254.3666294963,291366.1966512131,129.082444,35.218346999999994,129.07967928775227,35.218747439487416,1210.3983257996401,"LINESTRING (207506.1155958843 291321.9754187995, 207518.2875984086 291355.7127153016, 207518.6256792881 291387.1103469924, 207545.0108753492 291408.3227563954, 207558.1949444112 291429.0804243456, 207585.3995050405 291450.0717487037, 207601.5931719848 291464.5081569387, 207623.6073972017 291486.2718503531, 207644.4458315668 291498.715247377, 207658.8115030402 291521.3601248471, 207685.4847560278 291524.156368159, 207725.4351062876 291544.7151784011, 207740.7164346503 291560.9261753845, 207748.799364485 291584.1205477153, 207761.8006246106 291604.8783631108, 207710.8734181885 291645.4405810972, 207683.2695666196 291666.8294272741, 207667.3457560785 291656.8308861063, 207645.3955221908 291667.6848906512, 207616.3569071361 291663.3335451908, 207584.5772460072 291670.6291930737, 207564.8124179259 291681.1523917374, 207541.8627624292 291689.7869165005, 207509.0768269815 291703.0730073577, 207482.4858194729 291711.4827707761, 207457.1643134338 291726.1065654584, 207432.851541487 291731.9666240749, 207403.8093087113 291732.1646924601, 207378.1497100048 291715.0582310011, 207372.1596276107 291692.1987273769, 207366.6268008249 291666.7878718238, 207359.9118434981 291639.6009427999, 207349.1086945939 291601.6490578445, 207340.2096961564 291573.1290352463, 207334.5897114488 291542.7256208318, 207328.8727124007 291519.6444843099, 207318.6988722158 291491.2343985593, 207305.7100532443 291453.6136405866, 207288.8927144279 291421.6479975561, 207273.2555323151 291393.7882903077, 207263.3480942378 291373.3665050996, 207254.3666294963 291366.1966512131)"
TRAIL-002,금정로 2,금정로 2-1,205071.3737990296,294917.7829607373,204659.51557364553,295689.36769157124,129.055724,35.250773,129.05120289746915,35.257729641273116,1126.4622079161447,"LINESTRING (205071.3737990296 294917.7829607373, 205073.8253044247 294927.9912980731, 205083.4682310719 294935.0972133099, 205095.9318445097 294943.2032365781, 205105.6665610895 294948.8669394781, 205117.6760362961 294955.3085578334, 205128.5034563891 294959.8634521763, 205141.9704228799 294963.8651352696, 205151.4312411676 294970.971019937, 205149.6963293771 294981.0660474993, 205144.0492118692 294989.1618328371, 205137.4922137459 294996.9242686068, 205129.8427538116 295005.3517602827, 205127.3796842028 295015.6682696541, 205117.5471952654 295022.0975188279, 205109.1685218018 295032.6325748927, 205103.8837480469 295043.8350577034, 205102.8779026173 295052.2663284115, 205097.5945879227 295060.91707525, 205092.8535118225 295076.3357913414, 205089.3844254758 295095.5273654365, 205084.5543727137 295107.3957882305, 205080.9081069913 295118.0444816396, 205076.6232444912 295131.466449342, 205070.6103295728 295143.0013797473, 205070.0643526539 295142.8901280547, 205064.3258412141 295151.9844209818, 205053.5814956495 295161.9634781427, 205042.1141395895 295162.955577984, 205028.8269684825 295163.3919528458, 205013.173141832 295164.7145957464, 205003.0710726325 295165.3746670777, 204996.6962744524 295173.2482528335, 204988.142669444 295171.4684015701, 204972.0338317131 295172.7908645144, 204961.2034811301 295173.8943629193, 204949.0968582411 295178.9912046352, 204938.7214880614 295180.2059245204, 204927.7039942376 295190.739708547, 204918.5090611284 295196.8366874553, 204913.2256453588 295206.1532151202, 204904.7561942093 295217.0212494293, 204899.2002085031 295225.5610206345, 204885.2703971486 295236.5370591106, 204876.9858940203 295242.0798465866, 204869.2451614842 295251.8388553091, 204855.226091333 295259.7084244975, 204842.4799300049 295269.7976033475, 204832.0107061949 295276.5596594825, 204819.7199751459 295285.9834425452, 204810.3404251718 295297.2948619777, 204807.0591098247 295306.9453550546, 204807.417520284 295317.4853479989, 204802.5890179441 295327.3569103015, 204800.671729046 295339.0051466148, 204798.1178265165 295349.8764283216, 204788.7417221996 295354.863991199, 204776.6349113087 295360.959572417, 204765.7118161312 295365.8353960649, 204755.4206227307 295380.474751612, 204744.6766571143 295390.8979599752, 204736.3925563329 295396.1080416149, 204725.3786955996 295400.6510307007, 204714.6392473302 295402.531489249, 204698.8941277378 295405.2969177245, 204686.4246961804 295408.9516348743, 204672.7711347769 295414.7137173384, 204661.025749581 295426.1350152658, 204659.0171454109 295438.7817436656, 204658.5550327812 295452.5387232393, 204668.8378444347 295453.6534852408, 204669.6537779221 295459.6449536193, 204669.744895968 295459.4231101061, 204669.6451175363 295476.3976908923, 204679.0110877832 295490.603537507, 204689.2850991078 295508.5820062882, 204688.9138888469 295522.4499783163, 204686.4511172946 295533.4322869026, 204682.6236020379 295543.8591621293, 204678.3414859168 295553.5091863952, 204674.6945002055 295566.8207372413, 204669.4998008767 295581.4628335138, 204674.3124634458 295601.6573728197, 204677.1260542643 295616.0817225701, 204681.7567930792 295636.0542820648, 204685.1142404241 295654.5838945867, 204680.9225427067 295665.4543648123, 204674.275316684 295673.438987129, 204663.0764435524 295684.527733084, 204659.51557364553 295689.36769157124)"
TRAIL-003,금정로 2,금정로 2-2,204659.51557364553,295689.36769157124,204944.9435236354,296567.7029038328,129.05120289746915,35.257729641273116,129.0543447173603,35.26564509577341,1126.4622079160936,"LINESTRING (204659.51557364553 295689.36769157124, 204652.8771796589 295698.3906416249, 204643.583391905 295721.1296554135, 204638.9365440256 295732.4436935023, 204638.1121834311 295742.8721333936, 204639.4721757 295752.6360231346, 204634.8299036147 295755.0744376105, 204642.014199387 295764.2865917368, 204651.9312856601 295768.0638362106, 204661.6672794527 295770.0658723851, 204673.8609629749 295770.7378461996, 204684.1426049255 295773.4058611586, 204694.9715681309 295773.5224290274, 204706.2525836812 295779.2974588452, 204718.7177448212 295782.8542141352, 204731.0003149469 295787.5203446567, 204745.4672218327 295791.5219671382, 204761.115185376 295799.1854324122, 204775.5793618853 295808.2905887162, 204787.3096948789 295824.6057679605, 204793.6751370577 295833.1519377805, 204796.8597686315 295833.819300816, 204802.5845412856 295849.2437500509, 204808.3131335236 295857.4567558072, 204812.0371310375 295870.5502937274, 204816.3985844945 295882.756610322, 204820.3950236908 295896.848805959, 204822.7534721305 295910.9401288763, 204821.2876008917 295929.4672259455, 204819.916878604 295940.2281971384, 204811.0825187676 295954.3135515481, 204807.6174943658 295967.6251536716, 204804.1540735656 295977.9412325102, 204801.4190576212 295987.4810822511, 204797.9529991723 296002.7897053569, 204797.8556359042 296014.7717570084, 204796.8468234497 296029.5269598474, 204800.6589328065 296047.9459228969, 204802.3812171259 296060.4836698017, 204801.1878127795 296080.1203731887, 204799.8173727864 296090.4375682666, 204797.3545018805 296101.6417466725, 204794.6180577769 296113.9552348735, 204792.8834082552 296124.7160198349, 204787.9628255859 296137.4721332554, 204791.5053321473 296149.456117851, 204799.5084741792 296158.0031653525, 204812.6089854553 296163.5574084981, 204828.5284643231 296172.6634312189, 204837.8050796778 296181.9878120373, 204839.1586061845 296203.2900603313, 204836.421066063 296217.6005550508, 204832.2289116947 296229.4694727693, 204835.4991684945 296239.9000945731, 204842.8645069229 296249.7781856619, 204848.6821946831 296260.98679717, 204866.3321671615 296266.7654541081, 204879.8906327749 296266.4399342074, 204896.1770910861 296269.5552221411, 204906.7305425135 296273.2221498972, 204921.560332073 296277.6680376995, 204932.0206479526 296285.2180350678, 204932.9287194473 296288.6578400182, 204948.7562536527 296298.8734812321, 204957.6697932378 296306.0898247572, 204962.3049198049 296316.2993524535, 204972.2152794965 296330.9496040614, 204974.2085430341 296346.5940116171, 204974.3841759322 296358.1324364136, 204972.7397416562 296370.0026953658, 204973.0038649367 296386.0899334235, 204975.3639631019 296396.5201074895, 204975.994440064 296408.2806747436, 204975.7141228667 296421.5939769715, 204976.8887243112 296436.6832088416, 204976.6088957321 296449.1089480527, 204976.5994795748 296466.1945467105, 204972.9532751231 296477.9527590346, 204972.2190381574 296489.3797395346, 204968.8452777989 296502.1366133002, 204965.1977557482 296516.3356293745, 204960.5510336239 296527.4276244875, 204953.265602148 296538.4072288239, 204944.8851207345 296555.155405165, 204945.5157473817 296566.6940821172, 204944.9435236354 296567.7029038328)"
TRAIL-004,금정로 3,금정로 3-1,204600.8740422887,298101.2226253904,204563.9301049396,298077.2177269717,129.050572,35.279469,129.05016578543342,35.27925280296417,46.316786202431466,"LINESTRING (204600.8740422887 298101.2226253904, 204586.7736099831 298099.3293705436, 204578.6820840684 298088.6744705522, 204568.4054074863 298081.3468438665, 204563.9301049396 298077.2177269717)"
TRAIL-005,금정로 4,금정로 4-1,203628.5104626814,303987.5855128841,203534.80863461984,303126.6316673072,129.03991,35.33252900000001,129.03887565797427,35.324769263802146,958.0294407177448,"LINESTRING (203628.5104626814 303987.5855128841, 203630.3345328904 303973.3850699736, 203635.0668532252 303961.959468389, 203638.6165831229 303952.1975921465, 203637.7113939803 303942.3229705127, 203633.6238977659 303932.8908516047, 203629.1746431877 303918.6878811581, 203627.1794056253 303906.3719947987, 203626.7308006566 303891.5049578768, 203626.8264987542 303879.6337009498, 203631.3780553417 303865.6562524729, 203624.6588320027 303843.907996656, 203622.4780305392 303840.8006123685, 203621.2061929966 303838.2483273815, 203614.8448573761 303830.8123449212, 203613.2130787043 303818.9403958809, 203610.0351365629 303808.3991876573, 203607.5852518517 303796.0831255345, 203604.1368007992 303779.8835313131, 203600.9594550955 303767.7890738398, 203598.3274415919 303756.1386221943, 203589.6928586298 303749.1455373837, 203579.4232927921 303738.1577313042, 203572.2444525273 303728.5025221672, 203564.337270745 303721.2878571724, 203564.5204717176 303717.8485832626, 203569.7065638014 303708.6420643311, 203567.6214201062 303693.4415465472, 203571.4449111124 303681.2389297887, 203572.9971590163 303664.5975477547, 203574.1831324408 303654.5018732313, 203574.8236277699 303644.2950358886, 203573.9185572966 303633.865692156, 203571.4696749998 303618.775977536, 203570.2926700028 303606.2385406158, 203573.7510638166 303597.6970207351, 203575.3952643198 303578.5039050415, 203577.8567531927 303561.8628872755, 203579.0441558871 303548.2169233223, 203579.9570769817 303538.8977692097, 203581.1440447989 303526.3612720833, 203572.5091839921 303519.4791529365, 203562.9647816041 303513.3733087533, 203550.1467743945 303508.2647037244, 203538.8737330762 303504.9318697027, 203532.6039296192 303495.1661063044, 203536.9745159905 303479.0805613968, 203544.3438185707 303467.4340628688, 203552.2613448959 303449.0200432668, 203544.1731905921 303438.9207160367, 203535.2653617858 303432.2604194556, 203522.9044848104 303420.3842902396, 203510.3587028116 303416.2743686293, 203504.5437678545 303405.6212305657, 203503.0010499821 303397.9653148718, 203503.82004989 303396.1904876961, 203506.7348639695 303382.6561362765, 203511.7408424324 303369.3444941381, 203514.2001064289 303358.2507932344, 203515.4766744841 303348.9317771435, 203517.5726429228 303336.8394163887, 203518.6678461184 303326.2999177138, 203518.4905042717 303314.7614029611, 203526.8643398931 303292.2425196368, 203528.2324630036 303281.3702898938, 203523.3301350901 303261.9527193534, 203528.2434118357 303253.411755361, 203529.5205306599 303242.761383957, 203526.7990391007 303226.7840111097, 203527.7119381937 303217.4648561969, 203527.4443753403 303204.151162651, 203527.0848873495 303193.3892045044, 203529.9994537769 303180.7424370433, 203519.821131967 303167.0920272454, 203524.1016222895 303149.231303611, 203532.1984541349 303137.9179248661, 203534.9301923532 303127.8228592109, 203534.80863461984 303126.6316673072)"
TRAIL-006,금정로 4,금정로 4-2,203534.80863461984,303126.6316673072,203985.7950622695,302397.3418014947,129.03887565797427,35.324769263802146,129.04383203655223,35.31819422046889,958.0294407177173,"LINESTRING (203534.80863461984 303126.6316673072, 203534.1149915861 303119.8343871756, 203538.7572767527 303106.9664086335, 203541.6706662353 303097.4261495885, 203545.4048006701 303081.7841541395, 203548.7727507383 303072.4659697096, 203558.868623257 303064.8146398011, 203564.0558304837 303053.7220352876, 203566.2429468926 303041.4078339951, 203565.7922202005 303031.5334131134, 203561.7070845892 303014.8898159654, 203566.6199611805 303007.7911807141, 203575.2607323434 303001.0268662588, 203585.8082534709 303001.1420041621, 203589.176761487 302990.6034241785, 203599.1815666121 302983.6177831718, 203607.2771755549 302975.9657095756, 203630.6554330185 302951.4559152737, 203635.8425251005 302941.0290329164, 203642.5727140976 302937.2595691071, 203644.1208670169 302931.3800290462, 203644.398093418 302920.3964349237, 203639.5845505704 302906.4152271207, 203639.4987309309 302893.7672887929, 203645.4162565539 302876.018237523, 203659.604354474 302868.0358393011, 203670.8820356483 302861.8274216267, 203679.7038857713 302857.5041056809, 203689.7102717133 302847.1901714917, 203703.8998680392 302835.7685019376, 203714.4511941546 302827.1190171911, 203719.3661251028 302815.5826073548, 203725.3707062687 302807.7078856032, 203733.2843999253 302800.8324772594, 203743.1976763077 302796.0658899757, 203749.1125158708 302785.4174842989, 203759.935529352 302779.6527755067, 203784.220048365 302764.5742165638, 203793.9514387451 302760.0295019124, 203804.5009726443 302756.0398756829, 203818.0507762604 302753.0500510585, 203828.5106719007 302746.0648594479, 203840.7868179989 302744.6277789944, 203848.6081615268 302741.4136675334, 203857.341042176 302732.9854675461, 203867.0782170152 302715.1272547899, 203874.8126249759 302702.7045697765, 203881.9102067099 302691.0582426966, 203893.9158982943 302684.406633006, 203904.1027081755 302678.4199300959, 203910.8362390213 302667.661040344, 203920.0264609116 302653.3529365317, 203925.1250611639 302638.4883268192, 203928.8605340253 302621.7370357063, 203924.6861584707 302602.3195827129, 203923.7811930357 302592.3340056485, 203919.6934295335 302582.7908297774, 203917.8820827716 302566.0371245708, 203914.5223817631 302555.0519638845, 203912.3443055896 302545.1767822382, 203916.1678323453 302535.0823144038, 203914.8997487837 302523.6542774168, 203918.4503461434 302513.8925316879, 203916.8189671476 302501.46581868, 203925.1055515455 302474.5094344204, 203926.9292797637 302462.8608510058, 203930.843645274 302453.0992695158, 203929.6619540287 302452.1002360827, 203929.6619540287 302452.1002360827, 203968.5967901608 302416.7253796199, 203977.5128942034 302406.1893978153, 203986.3362699201 302399.7584024344, 203985.7950622695 302397.3418014947)"
TRAIL-007,금정로 4,금정로 4-3,203985.7950622695,302397.3418014947,204401.27123638074,301708.2747738267,129.04383203655223,35.31819422046889,129.0483973523813,35.31198166752165,958.0294407176981,"LINESTRING (203985.7950622695 302397.3418014947, 203984.2489228008 302390.4379780018, 203993.5259047346 302386.4480120912, 203993.8911137261 302383.1197806274, 203996.3473028661 302380.9019405938, 204010.2618636178 302377.02499605, 204013.3488131071 302387.788175217, 204021.3485334543 302393.2281170277, 204032.0803651463 302389.460732947, 204035.4494240249 302379.3661144865, 204041.4542731675 302372.1572865229, 204051.8212564241 302370.9415305834, 204061.8247578664 302369.1708905304, 204074.191235012 302370.285936999, 204087.7438722991 302362.5258230116, 204101.8418328413 302355.431656284, 204109.4835102868 302348.3345653817, 204118.8536039724 302339.7959670791, 204121.4060969942 302325.9288293618, 204134.3203174842 302322.4954048268, 204142.0539004572 302313.4013481582, 204153.7863592893 302309.1907834599, 204164.8806994913 302308.4192785678, 204173.4294466641 302306.4261974054, 204173.7975512293 302296.9959210903, 204179.8959702558 302284.4618007046, 204178.6272593236 302275.0307659017, 204180.2701547039 302261.9398493477, 204186.1847783839 302253.6216127163, 204193.7389260098 302239.5349287963, 204198.4719895325 302229.9957401131, 204201.7499451951 302220.7887148061, 204209.1203568552 302210.8069762047, 204217.2172294936 302203.0445119871, 204216.8583675615 302192.6153809497, 204216.2265424118 302182.5189616346, 204217.1407257555 302172.2013729423, 204219.9636270871 302163.8817133741, 204220.4239685779 302151.7887702702, 204224.521646616 302139.9194243633, 204235.6170355569 302137.3728644269, 204244.5309587125 302132.7173088387, 204254.9904905491 302128.7281700616, 204265.9957534891 302124.517408908, 204275.4570063182 302116.3118581027, 204283.8260915603 302110.1028333913, 204296.2003009599 302095.685690995, 204303.6602666362 302089.0324659472, 204309.7581047032 302078.3845253598, 204310.3089239239 302067.5120418345, 204312.7690991996 302057.3061502997, 204319.0485774523 302047.2130353355, 204312.3245536829 302036.115176562, 204309.6916767777 302027.1272596531, 204313.9711377663 302015.8127752348, 204320.8855587693 302009.159304034, 204328.9819626287 302002.9501913429, 204334.4429529016 301993.078587542, 204348.5448435707 301979.4389748442, 204357.2767841552 301975.4491220488, 204366.3735581219 301969.2405268299, 204374.6485123353 301970.021163911, 204384.2908763595 301963.9237979964, 204387.2063928063 301952.6086859039, 204390.3968921305 301936.8558538149, 204390.3134655707 301921.4342670871, 204394.2304603671 301907.7897720019, 204398.7869599506 301888.1544870368, 204400.8832586571 301878.5031763353, 204397.431867028 301869.7367289873, 204395.3464441317 301857.0878263479, 204397.4455608486 301841.667305899, 204400.6356294809 301826.9129969736, 204403.9168646201 301811.7149486036, 204404.2878858165 301796.8483184004, 204402.384172064 301784.5323433594, 204401.3026481637 301764.5614723342, 204400.3141174025 301740.3746863637, 204403.6844805736 301728.948858949, 204402.8717093788 301717.2990961349, 204401.27123638074 301708.2747738267)"
TRAIL-008,금정로 4,금정로 4-4,204401.27123638074,301708.2747738267,204832.86774406245,300933.36716715683,129.0483973523813,35.31198166752165,129.05313871368375,35.30499514528144,958.0294407176842,"LINESTRING (204401.27123638074 301708.2747738267, 204400.7858251161 301705.5377656364, 204402.3366336383 301695.6642988736, 204399.7059123709 301682.2385079341, 204403.1663157947 301672.6988128845, 204402.5354203457 301661.0491399295, 204402.7222330088 301650.9531151623, 204405.1831679079 301639.6377919849, 204408.6448956283 301627.4353884533, 204411.9237727431 301617.2299307838, 204418.0240143929 301602.588003898, 204424.0327897789 301589.0554997327, 204432.4068850616 301573.8599677579, 204442.2359140824 301558.9979996473, 204455.428184258 301547.4660935238, 204464.8888407553 301542.0344049963, 204476.0802174811 301530.9453237586, 204488.6365287167 301518.3036877561, 204498.1869602461 301515.3128978117, 204509.9194031653 301513.5436187212, 204522.4733928129 301505.6727200935, 204527.3901876761 301493.9148795874, 204529.6696036007 301482.266662682, 204531.6755836905 301471.8387184078, 204529.3167027647 301460.6319565864, 204531.8683448711 301450.2042868515, 204535.966359612 301439.1117181473, 204540.609484613 301429.1288889581, 204553.9011961361 301401.3990202073, 204563.1807959804 301394.7469350576, 204573.096451722 301389.2046450177, 204587.1050339365 301382.7768772291, 204603.1156435572 301373.9093349249, 204618.0358683749 301363.2661219493, 204624.0423146424 301355.170121942, 204631.9609894636 301342.4153644339, 204634.967504204 301331.9879592077, 204636.6108893216 301319.5628209671, 204646.5306184336 301306.3653211082, 204656.4469383806 301299.8246071081, 204665.6358313373 301293.0616350273, 204675.823459962 301289.5166322297, 204683.9271522975 301270.992811248, 204693.2079063959 301262.5657211579, 204704.3099498305 301249.5907938539, 204711.6799711732 301242.9378664489, 204718.3254618656 301230.5153600994, 204725.3323097145 301222.7527913058, 204735.2485457189 301216.6559495744, 204740.8919383039 301207.5613218424, 204747.4434534199 301201.0189398885, 204744.9027611458 301190.0339226713, 204747.6387232223 301175.6123494777, 204743.7389151586 301154.9742933425, 204744.3811413224 301144.3237910631, 204748.3896031408 301131.3451900023, 204760.2205705809 301116.262738941, 204765.318313934 301107.2787858997, 204764.3242937968 301095.1851199216, 204776.8792054789 301087.0926872329, 204776.3342311183 301085.7610436043, 204778.7041943849 301075.6661914451, 204782.075048768 301064.6843009443, 204780.1707532326 301054.1433985261, 204781.9057473065 301040.9417164581, 204782.2747140797 301031.1786435516, 204783.3713186564 301021.3050105673, 204792.6516557407 301014.3203262118, 204797.0219684214 301005.2250594538, 204803.5744985595 300997.1294733095, 204817.3155165483 300982.270010013, 204823.0503233497 300972.73170047, 204827.6051368063 300958.865860142, 204827.5198914454 300948.2149772548, 204832.4379220688 300935.458796504, 204832.86774406245 300933.36716715683)"
TRAIL-009,금정로 4,금정로 4-5,204832.86774406245,300933.36716715683,205200.44094901494,300156.4554534677,129.05313871368375,35.30499514528144,129.05717535464086,35.29799070082364,958.0294407177296,"LINESTRING (204832.86774406245 300933.36716715683, 204834.4440158979 300925.6966047404, 204836.1805419437 300909.8322271559, 204838.0052842414 300899.0714233613, 204836.9208655369 300886.0901348354, 204833.8368198168 300870.7779041186, 204831.8483720516 300847.589081336, 204835.7670342039 300832.9462833203, 204834.5909409857 300821.2963016021, 204832.5955270343 300811.088181667, 204835.4211457711 300799.5512920081, 204839.3399535213 300784.6866042421, 204841.3469815415 300773.2602237701, 204841.4424585677 300764.8283645154, 204848.6312558907 300757.8426172156, 204852.1816464193 300751.6315404322, 204856.46221167 300740.6501722864, 204864.7452551636 300728.450556737, 204868.7523367105 300718.6894552381, 204877.3956181339 300713.1468170759, 204878.2224543728 300697.8366913371, 204878.8649308361 300687.0752595596, 204880.7820404745 300673.8737019457, 204879.7897472055 300658.784485138, 204877.8893801023 300641.0320694293, 204878.2599667292 300628.4953527468, 204877.0835411346 300617.5110458177, 204874.2695666428 300607.3024770874, 204877.1868536318 300594.6561917595, 204877.643351832 300591.4389999532, 204884.014591322 300582.8995939663, 204891.6583252427 300575.9141289872, 204897.0320105389 300562.0487756897, 204897.6743982628 300551.5092396453, 204899.860200433 300546.0740654266, 204901.4095212884 300540.3057073445, 204898.9569480696 300534.5351746377, 204907.8729791776 300529.5474458375, 204909.3337716653 300519.3411950106, 204916.3429081728 300508.694183106, 204919.2589543221 300498.4887276718, 204923.5385699116 300489.6153714502, 204929.4555855567 300480.2991276822, 204938.8292460674 300470.2081573228, 204946.3824083657 300462.7789055069, 204954.7509901877 300461.1193074306, 204958.4879294328 300446.8093091773, 204994.3376932914 300421.089587942, 205007.0778120188 300409.1144699056, 205019.9986983109 300399.2474471776, 205029.6431777204 300393.1507836427, 205033.2864616347 300383.9442873703, 205034.4756108078 300371.8518229595, 205033.5721411755 300360.9785980778, 205030.7602435355 300347.2197094198, 205028.4044074009 300331.1312076381, 205034.9598020053 300319.1526840174, 205041.6953862943 300310.2807574037, 205044.1606505453 300293.3073799209, 205050.3517774872 300282.2162332683, 205060.5425669809 300275.3432867509, 205072.184781244 300275.3498270058, 205083.5557570958 300272.471630436, 205091.5651060407 300263.0457290664, 205103.5744206636 300257.283319249, 205116.6745187416 300252.7419514515, 205126.4994906127 300249.5300937337, 205136.2361681785 300241.6584598145, 205142.6996768883 300231.6769933715, 205152.1645993737 300221.9191380282, 205157.3541292305 300213.0464156796, 205162.9986374125 300203.8411185568, 205164.4545610668 300202.732491113, 205164.825181528 300190.861470349, 205169.0151823024 300180.3239912201, 205176.1139339626 300173.0056199737, 205183.6608448968 300177.2259062446, 205188.8496015862 300169.7955013541, 205196.6765365587 300161.5899965602, 205200.44094901494 300156.4554534677)"
TRAIL-010,금정로 4,금정로 4-6,205200.44094901494,300156.4554534677,205753.49508000413,299475.47489017446,129.05717535464086,35.29799070082364,129.06325103467682,35.29184973048695,958.0294407177141,"LINESTRING (205200.44094901494 300156.4554534677, 205205.0510788152 300150.1673778658, 205204.8755054002 300139.1836131322, 205205.1502308111 300135.9663349598, 205211.7031807679 300128.8695693026, 205218.3474825385 300121.1071847707, 205222.3568857769 300108.4616511654, 205232.0941210073 300100.0353918704, 205241.1055908833 300088.3912848664, 205246.1144038394 300077.7433727027, 205260.5795754887 300072.5373321873, 205273.9502319305 300072.5451407528, 205286.3228991522 300068.2254868495, 205293.5130516091 300060.4634781546, 205309.8875267655 300056.7009366313, 205317.5317745993 300050.1596214143, 205327.360446562 300041.1787889441, 205335.7337563902 300032.3080522525, 205345.926887137 300022.3289411036, 205352.5728313843 300012.1258436402, 205359.6738421641 300001.4792373107, 205362.499265451 299991.8286083028, 205368.9628069905 299982.5129834356, 205377.8824222672 299972.8659892019, 205389.7144347581 299960.3361459751, 205396.3611378952 299949.0236213372, 205402.0062542305 299939.4856388742, 205410.3805969258 299929.1726743181, 205421.2101686725 299919.9706536567, 205429.8554899951 299912.8753060602, 205442.1388983696 299906.2259453996, 205453.9684711116 299898.0230822302, 205464.5259880168 299887.600542716, 205470.8053020471 299882.3898844545, 205476.7217311738 299875.6257654567, 205482.459083666 299864.2018072303, 205488.6513810126 299852.5562375429, 205495.3862049052 299846.2364132706, 205506.4001841907 299833.2624423367, 205515.3179230658 299827.1658580506, 205520.1446743964 299817.5165044902, 205528.8833753959 299806.7600901937, 205537.2579862348 299796.4472451569, 205545.9937265363 299790.5724717922, 205551.8230682229 299777.7063168938, 205558.3773714261 299769.2784542958, 205566.2970452752 299759.2981944581, 205563.2119318784 299747.0922269844, 205556.3046341656 299737.8794485289, 205553.5822483298 299727.4488447537, 205554.7715648155 299716.3549738075, 205556.3251364519 299704.5956513842, 205566.0662001347 299691.1771874618, 205568.6213870842 299677.7542952856, 205580.0054231037 299655.2392874001, 205577.4650304101 299644.6978442607, 205581.2026755825 299631.3866337463, 205587.5753269352 299622.736789532, 205587.4901381958 299613.4172714064, 205591.4098717855 299599.884286454, 205595.7843570298 299586.4625315551, 205600.7039377389 299574.1505775323, 205607.6211094951 299567.6090603585, 205616.2679509423 299558.8497051127, 205625.0040417467 299552.8640640408, 205634.1964793949 299544.4379043606, 205639.9320908122 299536.4533762133, 205649.391887632 299536.9030796016, 205659.2164373517 299535.9107236755, 205668.1345035541 299529.9252386489, 205679.4143904531 299529.0447652818, 205689.2395118643 299527.1648743765, 205710.1664709933 299518.3024165963, 205714.5387124295 299508.7638291173, 205718.819367446 299500.2236998124, 205726.5566135148 299491.6857662426, 205729.4727755791 299483.2557220839, 205738.841308213 299484.2601911655, 205750.6712088537 299476.8343429264, 205753.49508000413 299475.47489017446)"
TRAIL-011,금정로 4,금정로 4-7,205753.49508000413,299475.47489017446,206403.0209587634,299682.0109129666,129.06325103467682,35.29184973048695,129.07039320303997,35.29370737584633,958.0294407177215,"LINESTRING (205753.49508000413 299475.47489017446, 205758.4964227365 299473.0671708492, 205768.7730307972 299476.5130626248, 205779.2335468374 299476.8525960298, 205786.3338448965 299468.7580898318, 205796.2499461107 299466.989319831, 205806.527832187 299468.4382274817, 205819.5318831454 299474.1048530183, 205831.3591384312 299470.8950567379, 205831.5483079962 299459.6896333694, 205833.4677148514 299445.4897870581, 205838.930963044 299437.0614260736, 205849.1220854797 299432.0754584408, 205861.945821823 299435.3012160132, 205883.95336356 299443.8583849715, 205894.5021218151 299448.4140573186, 205905.0563162147 299444.6487959429, 205911.429191897 299436.3320202096, 205918.0759883467 299426.4621848625, 205924.4494717481 299417.2578509765, 205938.4532438827 299424.2566560179, 205950.2794362242 299422.8221508535, 205960.7400814134 299423.0509486829, 205970.8382676964 299421.1715448712, 205984.2127612776 299416.8535132871, 205993.8576163018 299412.7549146915, 206002.7750670013 299408.2120583972, 206016.6028592707 299406.2242423018, 206026.2442571148 299407.3401376272, 206035.9802535584 299403.0197529678, 206047.3486221043 299406.1338543565, 206060.2618724625 299411.4679276552, 206069.6314139157 299411.0304428471, 206094.0112131824 299408.71701318, 206104.6559006843 299405.8396143661, 206116.9388427107 299401.6319868854, 206129.2208916711 299398.7557274377, 206137.9582334219 299391.6611245174, 206150.5161439635 299384.4581880998, 206172.0779795265 299379.4803447344, 206182.9921964095 299381.5957923574, 206186.093030774 299369.8376431597, 206195.7430571377 299358.4168287167, 206207.7505420563 299358.0922453553, 206218.9364449691 299361.9830591382, 206231.581134061 299360.9932708528, 206241.8600699365 299361.0003770109, 206252.0453506671 299364.8905396243, 206266.5940410088 299372.8887454338, 206278.1388143671 299383.8804256817, 206285.4078021953 299395.5348168079, 206290.3116410474 299407.2985105447, 206297.6738812136 299415.6245970545, 206310.2176845438 299428.7249907715, 206307.3948729063 299432.9389647703, 206305.206713058 299440.1489253397, 206304.0175233687 299449.6894506646, 206310.4701632411 299457.9039666412, 206316.6445420727 299473.7735671551, 206327.733143848 299486.4291836977, 206330.8176247702 299498.191625257, 206331.7171278512 299512.6152385992, 206333.1632589632 299525.8188298853, 206337.0637295598 299541.3540119577, 206344.516388878 299550.2349323217, 206355.5161621668 299559.6730875251, 206362.2423446126 299566.7783746077, 206367.966447592 299575.9909338843, 206376.6902383232 299588.0902137095, 206384.8705132119 299596.9716825777, 206394.8691381623 299607.0748542713, 206398.8618450407 299620.6131019795, 206403.3110789297 299631.7108629615, 206404.8488346177 299643.8050729887, 206405.2035408505 299656.6750656647, 206407.6495592016 299670.656004381, 206403.4585838396 299680.194388211, 206403.0209587634 299682.0109129666)"
TRAIL-012,금정로 4,금정로 4-8,206403.0209587634,299682.0109129666,207125.48096400363,299783.2319069922,129.07039320303997,35.29370737584633,129.0783366195254,35.29461483678725,958.0294407177356,"LINESTRING (206403.0209587634 299682.0109129666, 206400.8129261315 299691.1761691535, 206407.2626252143 299703.1629214929, 206414.5318980683 299713.8189088487, 206420.8910761596 299725.1399307141, 206412.6959671179 299737.3381669487, 206416.5045379377 299753.8718379572, 206428.2338808701 299760.2041147075, 206432.8649291085 299771.3020223778, 206438.9523521093 299780.9586733144, 206437.7598974589 299794.9370263761, 206442.7552297089 299805.3695233581, 206445.655628845 299819.7945845438, 206446.8242242264 299839.2109823557, 206455.0954784794 299847.6487995962, 206468.8275222517 299851.5417501168, 206479.1945474627 299854.7666273141, 206494.113270913 299852.7803267927, 206505.209558407 299853.7868374412, 206522.7681889052 299848.9178905991, 206537.6826697889 299852.8118011891, 206550.8654512548 299861.475160075, 206560.4122720668 299866.8075106429, 206569.873537082 299864.7064215669, 206580.5151687829 299865.4908016103, 206593.883701535 299868.8289471877, 206618.1624063048 299878.8318763134, 206628.1671425329 299879.8377375159, 206639.8066030885 299884.2841417349, 206654.2615162699 299894.5018342602, 206662.1691834122 299902.2738978474, 206673.9958514393 299899.5089888265, 206692.8272474771 299895.52888327, 206708.742948362 299898.3143593897, 206718.1979348523 299904.6453240693, 206727.3004934135 299895.6654751795, 206736.0365837477 299890.2356367411, 206755.3166716379 299894.4660074095, 206766.0453828731 299900.3541919526, 206773.3152393151 299909.4572279819, 206775.8552432364 299918.5567155597, 206790.135214017 299919.2331310405, 206803.6901934993 299916.3587471386, 206812.9726475818 299910.1527724695, 206821.2542345835 299904.3898347853, 206832.2676162498 299894.6349142272, 206841.9149571703 299887.0978927383, 206860.4609196868 299899.7598345753, 206873.7365647966 299905.4281928223, 206888.5636563797 299904.3300435089, 206901.8442860368 299903.4526272745, 206911.1249509295 299899.687566304, 206919.2246079843 299894.0355251976, 206941.9607743765 299898.6017852608, 206951.7883246851 299893.394887772, 206961.6175133393 299886.0800264472, 206971.0871699762 299873.2175932805, 206982.55580462 299863.1303698063, 206988.2929251885 299854.481017767, 207005.6737766661 299844.6202985829, 207029.6931364075 299836.7618138678, 207036.0640917757 299831.8851534272, 207040.6220157176 299819.1299099167, 207062.0968662319 299808.3849275381, 207073.4708973279 299803.1793738734, 207086.8425669364 299802.4132472514, 207105.1305145198 299795.9927613504, 207114.6892423674 299785.9042022247, 207125.48096400363 299783.2319069922)"
TRAIL-013,금정로 4,금정로 4-9,207125.48096400363,299783.2319069922,207674.10311478976,299103.9462065779,129.0783366195254,35.29461483678725,129.08436174246674,35.28848811291444,958.0294407177157,"LINESTRING (207125.48096400363 299783.2319069922, 207129.4276177707 299782.2546186223, 207137.5271661362 299777.0465582196, 207146.0816991797 299771.6169733877, 207155.2788588624 299758.7545190186, 207169.2911136553 299753.2183412273, 207189.7611141268 299748.2420606204, 207202.8653106107 299740.8191278951, 207216.4322298037 299723.5223835629, 207224.1704385169 299715.3185680632, 207234.9983837127 299710.7784574171, 207237.5513316418 299703.2361724154, 207248.3809028336 299696.6990498558, 207256.6650173395 299688.3847550496, 207261.4023891425 299679.1800435204, 207269.6902870789 299666.20602899, 207278.335786869 299660.998535489, 207286.5269393643 299655.2359529312, 207296.8091316299 299650.8064218735, 207312.6446424851 299640.6122073396, 207325.0182528989 299637.0719726748, 207336.2100979631 299632.6432252765, 207343.5865447167 299622.1093513433, 207338.2296588059 299610.0118711481, 207336.8756130395 299597.2519728436, 207336.4334371486 299581.7191651553, 207343.4489680421 299567.6347245453, 207345.09712396 299554.3225400343, 207354.1125022151 299541.9039275408, 207362.7607959051 299533.4790823629, 207373.862641833 299528.0517941102, 207380.6908104689 299520.7349390573, 207400.432663746 299517.0898935338, 207410.0781495749 299512.881861761, 207420.1779096789 299509.3398902413, 207430.1896393826 299502.2475840418, 207443.5798212437 299479.6256299379, 207450.5001455857 299470.9775515694, 207457.7891047705 299456.5605892768, 207463.7096915745 299446.9131804833, 207477.4509263782 299439.9349596068, 207488.5507462387 299437.1705160045, 207497.0193675865 299426.3048383688, 207504.9391824153 299419.0999313509, 207515.3147482113 299412.229914926, 207525.7796274395 299407.3570135686, 207535.4271427011 299400.9301971177, 207549.8024637319 299397.2809972473, 207559.2683583124 299390.5212162313, 207571.098954104 299384.2072135743, 207580.8369309713 299378.4461978649, 207584.7568661863 299368.3534040905, 207580.6715979399 299358.69766588, 207591.503792192 299349.8310926397, 207601.7904091688 299340.7421806762, 207606.8018628782 299330.7612627954, 207609.6344854208 299315.6749927337, 207616.7403958493 299303.0331431585, 207622.844869996 299291.3889672882, 207626.2197570994 299280.519109994, 207632.142985674 299268.0981654333, 207633.4271033669 299255.5623524788, 207638.2582116133 299243.8061643836, 207641.3587353282 299234.7112172745, 207642.9148268949 299223.2850966761, 207645.6558252095 299209.0863305183, 207653.5011719804 299182.7987801236, 207656.2405984659 299170.4860985965, 207662.0735393845 299157.3994228425, 207666.1772901248 299145.3097955197, 207668.6445061844 299132.2202651329, 207673.65652646 299121.7956035346, 207674.2153484969 299106.4855323561, 207674.10311478976 299103.9462065779)"
TRAIL-014,금정로 4,금정로 4-10,207674.10311478976,299103.9462065779,207926.11715040947,298240.3972795986,129.08436174246674,35.28848811291444,129.08712380243912,35.28070263709932,958.0294407176974,"LINESTRING (207674.10311478976 299103.9462065779, 207673.7691026325 299096.3890679704, 207676.9641721037 299083.1892138704, 207684.16538917 299065.7768249662, 207683.4593839698 299040.2586484531, 207684.9234601631 299030.1638115439, 207683.2101963243 299012.4109965553, 207686.5855429893 299001.2083284002, 207688.0497234063 298991.0025466793, 207691.4236653225 298981.4640689744, 207697.4365376329 298970.9293299408, 207707.5464002324 298956.4040392797, 207715.649395447 298948.422855568, 207724.2060117357 298941.8843650306, 207730.2211348427 298928.7978931418, 207730.8689409184 298915.9287169193, 207729.8776017466 298905.0551637659, 207732.2540059872 298891.9655772666, 207734.719959358 298880.5402576776, 207731.9109518713 298867.6681197681, 207734.3777672703 298855.2442876889, 207733.4786308626 298842.9285168685, 207733.3071520997 298830.724315941, 207735.592991449 298817.190870322, 207739.5132465185 298807.2090973996, 207742.5277160524 298792.6777655449, 207741.1745913316 298779.3630921251, 207735.5433018147 298769.0402906847, 207737.2799139741 298759.5004294086, 207747.3807411355 298755.8478807031, 207754.4864249786 298744.2046617474, 207761.3162576014 298736.0005350608, 207769.5134296614 298724.5801589617, 207774.4352032336 298713.7116974012, 207782.6324120791 298702.2913335356, 207792.3760496913 298690.9832585169, 207801.6670633278 298677.1230466091, 207805.4054138037 298667.2520927038, 207811.1518606215 298649.6166643608, 207823.2577676489 298641.8609378293, 207822.8140683496 298628.9908270721, 207818.9193122885 298609.3500250344, 207818.5650387307 298598.2551271501, 207821.3966065189 298585.0550180669, 207821.0456043696 298570.1879625824, 207823.4232855048 298555.8780022594, 207827.6182070232 298544.1213747083, 207830.7201225767 298533.9170432913, 207834.6442653179 298519.7193746561, 207830.8316984747 298510.174718374, 207827.9289471142 298500.5199071575, 207821.2108116031 298484.5378736268, 207819.5902198244 298465.0099929238, 207822.5126111218 298452.0318571755, 207828.3450994162 298440.2766513326, 207832.5376731627 298431.2936729229, 207834.2772448802 298418.5364067629, 207833.6447638679 298413.543293166, 207834.3842072478 298400.1194839696, 207839.2192122572 298384.7022061951, 207840.683084639 298375.1621328972, 207851.6071076371 298366.9616362768, 207855.3463161239 298356.3140868175, 207862.8212794949 298339.0130411661, 207862.4664681686 298328.5838206434, 207859.9226617041 298324.5875536023, 207863.839689501 298318.7108352462, 207868.0288724449 298313.7219228077, 207875.5006032642 298300.1930450356, 207882.8812846281 298286.7750399931, 207891.440394551 298278.2396892977, 207899.3614327501 298271.1460843834, 207908.9250915138 298258.2847413915, 207924.4954859359 298242.7659807127, 207926.11715040947 298240.3972795986)"
TRAIL-015,금정로 4,금정로 4-11,207926.11715040947,298240.3972795986,208410.1004847997,297485.001812272,129.08712380243912,35.28070263709932,129.092436,35.273889999999994,958.0294407177397,"LINESTRING (207926.11715040947 298240.3972795986, 207932.2383360056 298231.4563060631, 207938.7972543833 298221.5878926928, 207947.1771655244 298210.0568998505, 207958.5576355933 298200.4146398813, 207966.5691830145 298193.9868493559, 207974.0367490218 298185.4506142569, 207981.7778458802 298176.2489522603, 207988.4263614753 298168.0448423999, 207995.9846508708 298159.8415435094, 208002.8142585291 298152.6361173933, 208010.554132642 298144.8767752022, 208019.9331727349 298135.3437627672, 208025.6717907441 298127.360763827, 208034.594599222 298119.3806027863, 208038.1509862181 298110.0643194234, 208040.9803571539 298099.8598231359, 208042.2630286203 298089.7648953168, 208042.8176893209 298079.8912106818, 208044.0095862859 298069.5743108499, 208048.20897668 298053.3799639749, 208052.9477129575 298044.5085249759, 208064.965445688 298034.7560235207, 208074.8937982643 298021.5623480837, 208084.2733323136 298011.6965667253, 208094.3814054945 298001.0548278335, 208102.8523986462 297989.8569013988, 208111.6901167565 297975.5528298177, 208112.0641003392 297964.3476387649, 208108.5284118647 297950.4762351718, 208107.629392513 297938.4932801362, 208110.5538615581 297923.8510610927, 208111.5634997888 297913.9777917625, 208118.7631882594 297900.2269855238, 208127.5979218041 297889.3622482619, 208134.8845334877 297880.160311309, 208140.2622001538 297869.1815256984, 208148.3714598521 297855.7644015454, 208157.4835221637 297840.1292752716, 208163.1372891097 297825.7114338025, 208167.7002213447 297810.29409686, 208170.0805563916 297793.8762745732, 208173.00286223 297781.7858296063, 208178.9298316606 297767.1463549395, 208182.3967319427 297756.4987020834, 208188.3233304949 297742.3030168292, 208192.5196057148 297729.9918432465, 208195.6231173723 297718.789137288, 208199.4556919575 297706.2557455354, 208202.5605309484 297693.6107484976, 208195.6547483841 297683.9521936163, 208192.7538299902 297672.4112002619, 208204.4962394171 297665.9870113563, 208219.059992574 297658.5668943976, 208229.9018309485 297642.0458540686, 208233.6463374533 297626.4059164477, 208240.2105809283 297611.5451746701, 208246.6822423286 297598.4594854562, 208261.0705720499 297584.0496937877, 208267.9928241745 297575.7351000251, 208280.1035139885 297564.7625713913, 208291.6634477923 297559.1149492382, 208301.952296996 297550.5815832617, 208311.6023478602 297544.1556101026, 208326.2596195756 297534.2949463068, 208336.0010975551 297527.4253006313, 208352.935145366 297515.2369223843, 208363.5860805244 297508.811931144, 208374.6024030836 297500.8340510409, 208384.7041756846 297497.9588391247, 208396.0871449145 297487.0967365203, 208410.1004847997 297485.001812272)"
TRAIL-016,금정로 5,금정로 5-1,206641.4576916196,298382.6317590806,206179.5163719273,298387.7857839002,129.073004,35.28199399999999,129.06792630680258,35.282043413039624,761.5804973393442,"LINESTRING (206641.4576916196 298382.6317590806, 206638.355601407 298394.8335188692, 206639.1665295673 298405.4849161401, 206636.5208682104 298415.5790417409, 206627.2376529593 298420.8976199517, 206618.3145182235 298431.4309265175, 206618.0362279073 298438.7531482493, 206625.1289716424 298443.0852407112, 206619.7530017096 298454.7306095386, 206618.561074002 298467.3775621761, 206618.9154451255 298480.358486813, 206619.3620900869 298491.5643457171, 206620.7173212272 298504.3241134075, 206630.0785403225 298516.5350309319, 206630.8932170519 298522.0829225419, 206631.8893484267 298528.2966227995, 206620.4241354645 298531.9494173662, 206608.7783683983 298533.7160146067, 206598.4930538719 298541.1418605614, 206591.75461969 298550.0126047802, 206587.655362344 298557.5539300447, 206578.5586336509 298556.8816184903, 206578.9227648979 298556.5490463643, 206567.8208518316 298561.0897395927, 206551.5318510899 298567.9565421689, 206538.8805478601 298576.4901974447, 206530.0503276397 298584.6937972658, 206519.3125214722 298589.0129219981, 206513.951991563 298579.5786519997, 206506.6747182179 298578.9077264524, 206501.8546451991 298576.9072265442, 206487.9413621334 298569.3528934453, 206469.2916209141 298570.0051789273, 206456.9195859736 298569.7744258786, 206447.1839157692 298572.0973278913, 206433.5407273916 298568.4263770128, 206419.7117951849 298570.0807160608, 206409.3416163357 298569.1857774734, 206399.6063512665 298570.9540017636, 206381.6852591818 298570.386580592, 206382.6859512642 298570.3872883513, 206371.0482708165 298560.8377201833, 206362.0478991083 298552.5104306625, 206353.9568428957 298544.7385197783, 206349.8687120177 298536.747540452, 206337.6802877257 298534.0762713965, 206323.2155249425 298534.2880156645, 206309.2975279581 298533.1688151422, 206299.6595673913 298525.8396552718, 206290.0221325152 298517.7338852199, 206282.2025879401 298511.8483079748, 206274.3847302851 298503.5219300847, 206264.3845901164 298493.640802053, 206251.8348815128 298487.0862939179, 206240.1935028407 298482.5294566011, 206231.0985885875 298479.083850776, 206218.0911420683 298476.6340698964, 206206.9938157462 298474.6294047979, 206195.6209756845 298476.3967228057, 206192.3517354401 298467.9625949155, 206184.6234374014 298461.5224363032, 206181.2640442209 298451.8678466518, 206180.8164732293 298441.2167397983, 206183.0981035795 298430.5675027074, 206179.5588773888 298417.8063076608, 206175.8375419428 298405.2668812909, 206177.3919167977 298393.8405248525, 206179.5163719273 298387.7857839002)"
TRAIL-017,금정로 6,금정로 6-1,202265.787338524,290791.0488109533,202730.0794310357,291007.73158345907,129.024885,35.21358699999999,129.02998500848912,35.215538917699035,830.2130271799732,"LINESTRING (202265.787338524 290791.0488109533, 202264.6042952281 290788.6077357217, 202275.0741649848 290792.271531061, 202291.3712159534 290796.0477570274, 202303.4807332827 290796.7164991454, 202315.6813842895 290797.0524472897, 202327.4276107817 290794.1709043914, 202347.9132651337 290796.7279212247, 202367.4880571013 290800.6160801022, 202363.6603531631 290814.3721978809, 202356.1007395549 290823.8005090729, 202347.0852355098 290829.7891691045, 202337.705658566 290835.3339660451, 202329.8734830145 290842.6542832849, 202317.6702223427 290852.7470993168, 202308.10694625 290864.7266618207, 202299.5454651934 290875.8189330867, 202294.1696637011 290891.1279115906, 202292.8916270964 290904.3299853811, 202300.1722335009 290917.4232871114, 202309.8210539373 290926.7450854871, 202321.8362138733 290939.617726149, 202332.5771154746 290950.7149419429, 202343.8642823685 290961.8123122059, 202352.4195339125 290974.5731539383, 202361.3394759788 290985.3370975854, 202367.8006581141 290997.7645743815, 202373.8063780891 291010.9685482822, 202382.1808764163 291018.2930892515, 202396.5644682155 291025.8411170723, 202407.1254417002 291028.0628118755, 202423.8767470495 291033.7254563586, 202439.6293177698 291028.9590754596, 202452.1049897327 291021.196330564, 202461.3030726166 291012.988932447, 202475.6007201948 291001.6764907683, 202478.7876506789 291000.7898071388, 202484.6152545888 290998.905348668, 202498.8184117011 291000.2405951683, 202505.5557958279 291000.9081259088, 202521.5789521312 291005.6831931271, 202537.3281692479 291013.2318254497, 202547.3413038177 291020.8898128233, 202556.7167723163 291029.6570765766, 202567.4581921243 291037.5371813843, 202575.8322248775 291045.8604028455, 202584.2976385315 291052.9632682552, 202589.6660858568 291064.7249256573, 202598.4024465278 291079.3721115777, 202603.4083947239 291085.1426675999, 202614.5162058027 291085.0349265786, 202625.5334205888 291083.3739491514, 202635.2762666509 291080.7141128394, 202645.3820429236 291082.3812307146, 202650.02705269 291076.9463071483, 202657.2217241 291070.4026890583, 202669.6046776023 291068.7421665896, 202675.8910596464 291054.8759551305, 202679.5357270064 291045.5576918838, 202679.9939567836 291035.4618738616, 202681.9091524479 291024.700820564, 202695.4787721296 291013.0556765497, 202702.9463070545 291007.7325666386, 202715.4194372002 291009.2895256104, 202729.5323664713 291007.7405492234, 202730.0794310357 291007.73158345907)"
TRAIL-018,금정로 6,금정로 6-2,202730.0794310357,291007.73158345907,203340.7147048759,291403.5513634357,129.02998500848912,35.215538917699035,129.03669334229028,35.21910479611047,830.2130271799964,"LINESTRING (202730.0794310357 291007.73158345907, 202756.1185611125 291007.3048318134, 202770.3245531896 290999.2102194618, 202790.0844837829 290991.2282852497, 202797.3689322159 290989.3444776439, 202812.5754527446 290984.6895219377, 202822.5900823704 290986.9115318283, 202835.6081198345 290992.9066081039, 202845.986788222 290995.572536217, 202854.9065778512 291004.8946882813, 202867.013348497 291013.2193578479, 202875.2052087101 291020.9880758983, 202886.7650142936 291031.3096001689, 202892.4067214029 291041.5183007043, 202900.5071307229 291050.3964583077, 202906.3310838552 291060.0505035175, 202905.5078780974 291071.8103617633, 202908.4167969157 291086.1231442273, 202913.2383054419 291098.5504861614, 202915.7830507715 291112.7522097499, 202917.9648886105 291122.9598130064, 202925.6072025124 291140.3805780468, 202929.9724547361 291155.8032857583, 202935.0674679692 291166.8993944287, 202938.7963035796 291179.4373416665, 202943.3446898939 291191.5317790136, 202953.807732697 291213.8350494589, 202957.2650534853 291221.2694658808, 202962.1785221155 291230.479473734, 202968.7324439097 291234.6975164034, 202980.93116409 291239.028366857, 202994.4949349341 291245.245743514, 203001.5032128599 291252.0156859294, 203013.2463331732 291257.3449302277, 203021.1651916147 291263.6714130436, 203032.8181696428 291266.2270380505, 203045.0188707715 291264.4560234957, 203054.4883215371 291262.3512689479, 203068.87130375 291268.9018678652, 203079.7966153471 291269.3493593869, 203090.5388872139 291272.5704163127, 203110.0180819676 291285.7794989252, 203118.8473390376 291291.9954360797, 203129.8605945823 291301.3185860057, 203155.3429552213 291330.8387021518, 203166.9941775207 291338.0541730441, 203168.6312743929 291342.9363088749, 203181.1034725608 291345.6033569753, 203192.1191044129 291347.8261297377, 203201.3139545254 291349.7154375305, 203210.8724282176 291353.1581082157, 203219.7023795539 291357.0443081017, 203235.1792931629 291358.9358886385, 203245.01250985 291357.8299648731, 203255.117186022 291361.3838229534, 203260.9408002445 291370.3724337665, 203268.2218751091 291377.2536273598, 203278.0545532792 291377.5900192333, 203286.8859436126 291377.3713348434, 203297.446005747 291380.3706827908, 203305.8199417329 291386.2538037511, 203318.015773295 291397.4636751129, 203334.7668890916 291400.243450671, 203340.7147048759 291403.5513634357)"
TRAIL-019,금정로 6,금정로 6-3,203340.7147048759,291403.5513634357,203625.3611955572,292045.93156677333,129.03669334229028,35.21910479611047,129.03982263603876,35.22489390325958,830.2130271799623,"LINESTRING (203340.7147048759 291403.5513634357, 203346.1450749813 291406.5714957397, 203357.977929899 291414.3420040023, 203368.7203439892 291416.4539461563, 203377.5497929997 291421.3388020201, 203386.9252053327 291427.0004833027, 203396.2091038327 291433.8825308287, 203407.8603776759 291440.0998118639, 203417.9676231441 291436.4424530058, 203431.5329446466 291437.0023123236, 203446.0979713156 291442.2222469529, 203461.4833937283 291444.7798480452, 203473.7705085285 291454.6586301278, 203484.7837560852 291462.5399349228, 203518.8214506099 291494.9489445567, 203528.470001013 291500.1671010938, 203539.5737978864 291509.0470102952, 203535.4726081304 291519.9179806386, 203537.9256917539 291532.8994624916, 203540.0155092176 291543.5509656207, 203537.6446222221 291553.2022218341, 203542.4664072382 291562.0796805049, 203547.7432646588 291571.2901542987, 203554.7506143725 291578.7261969071, 203559.936494575 291587.7147530176, 203566.2138213125 291599.3664141229, 203571.6718407366 291610.7958669244, 203583.7781521059 291616.5697777024, 203594.7903569793 291626.3372774182, 203601.0691138197 291634.2168456938, 203609.0769450142 291643.8722227632, 203621.5431791984 291660.0751261817, 203625.8179086356 291670.6165817839, 203627.2661184289 291691.6966488277, 203634.5440254491 291705.1238753971, 203637.0859941838 291722.9869892362, 203643.4555090832 291731.3104033905, 203648.1830111733 291747.7321209858, 203650.727806994 291758.4947815397, 203655.1832812475 291772.1427766718, 203662.9183954115 291780.3558125343, 203663.9152551349 291791.6725739835, 203669.554484817 291804.6553884368, 203673.9172904156 291822.1864203081, 203678.1035943872 291825.9602413092, 203668.3600279343 291831.6144631371, 203662.6199336805 291842.9284952197, 203657.0632340461 291851.025209154, 203654.5092815937 291863.0062037916, 203648.677468942 291876.095323305, 203647.2144401817 291891.9598251193, 203646.7544570796 291903.8307226549, 203644.4740078011 291914.9242736936, 203640.6456346149 291926.6828704495, 203639.3654644684 291940.6613882769, 203639.4525742266 291950.4245577222, 203635.3497689475 291965.5113882404, 203633.3421077141 291977.4926104437, 203629.6966979601 291987.143336792, 203628.7816851588 291998.6812201216, 203627.1381921633 292010.6625904104, 203625.5858748734 292022.3111635941, 203626.2172682258 292036.9561201454, 203625.6679723282 292044.6110858982, 203625.3611955572 292045.93156677333)"
TRAIL-020,금정로 6,금정로 6-4,203625.3611955572,292045.93156677333,204033.7952506311,292477.6315343916,129.03982263603876,35.22489390325958,129.04431117793564,35.22878346937168,830.2130271799641,"LINESTRING (203625.3611955572 292045.93156677333, 203623.2969021449 292054.8170503859, 203624.0184451117 292071.6809382009, 203623.9227839025 292083.2191518473, 203625.1008433715 292096.7548813985, 203627.0069732511 292110.8456270459, 203633.194060592 292119.3908554172, 203641.4742696591 292129.7120465918, 203645.2928089546 292142.1393959957, 203645.1066212253 292152.34623725, 203643.8244191416 292171.4282166199, 203642.9976718215 292189.8447116824, 203646.1802278687 292199.0544086317, 203637.4300902947 292225.5666807082, 203641.7043988328 292236.4409871585, 203639.6045474144 292251.4176841286, 203640.4196696948 292261.8468197313, 203648.4258725676 292274.0539703038, 203652.7010411808 292282.7093878265, 203655.5195481461 292291.5861080426, 203666.8979174153 292294.1424446149, 203668.7139852987 292305.5704923504, 203673.1715050309 292313.4493805909, 203670.2544669157 292323.1003912178, 203678.2607105663 292334.9747351301, 203680.7152178939 292343.4075367804, 203696.7320656155 292356.2836647195, 203696.7283917182 292365.27019028, 203703.4615360742 292373.5938039613, 203710.8316351079 292382.5833528434, 203713.8312564202 292393.5681178928, 203714.189787935 292407.2144737581, 203721.9265421039 292409.9912746903, 203733.2148089634 292409.884983381, 203743.8659756093 292409.4456079933, 203754.5175579092 292408.0077422374, 203766.899576755 292404.6845483621, 203773.8209461364 292398.0307471916, 203783.743437624 292398.5896177522, 203790.3905587429 292394.7093341828, 203796.4022159737 292386.6128868718, 203805.6889729391 292383.6212815033, 203808.5146345521 292375.0797228816, 203812.6131937209 292370.3108244309, 203819.6231737309 292369.5371693603, 203827.4490838801 292376.7518893976, 203837.2797607259 292379.1968411237, 203836.9105860697 292391.0677764318, 203839.8201480296 292399.3898704995, 203845.8284962031 292399.1705343835, 203846.4662543958 292397.9504129965, 203856.4811479465 292395.2920038658, 203867.9501270444 292398.4033566398, 203892.6223422427 292393.8652078879, 203900.1774155673 292395.6435800347, 203911.3723649624 292400.8628206909, 203927.4859849944 292399.53846779, 203937.6828724429 292397.1021171868, 203945.1501432465 292391.4471878947, 203951.3375619716 292398.1065768744, 203952.4274017015 292403.987127011, 203961.8926637181 292409.2056744401, 203979.1898657085 292407.5490979652, 203989.2021447601 292410.8818533166, 203998.39363867 292417.5426005744, 204008.0401901875 292424.4254485413, 204015.0461548336 292432.638471536, 204024.967457913 292435.7493366811, 204031.3359151791 292444.5168126999, 204041.8936417992 292449.4030970393, 204033.2392099813 292463.378277343, 204029.3204185699 292473.1396727461, 204033.7952506311 292477.6315343916)"
TRAIL-021,금정로 7,금정로 7-1,201338.2736049903,293144.0009257769,201991.91332017878,293087.3777029327,129.014702,35.234797,129.0218826147163,35.23428554227657,893.4860908721573,"LINESTRING (201338.2736049903 293144.0009257769, 201343.5544690421 293135.1261184256, 201354.2952404613 293137.679453433, 201365.6746171727 293130.8025826297, 201371.9556326648 293129.6940848604, 201388.0677136099 293127.477646818, 201407.5485723602 293120.2692417502, 201419.7454593674 293124.8198891607, 201436.9493892027 293125.7101664641, 201447.8725544572 293126.0447439815, 201457.8856475736 293125.1587941883, 201473.9068575094 293122.1658803139, 201484.1930016547 293121.501893944, 201495.9357975568 293119.5068216345, 201506.1312336957 293116.9567822467, 201515.8712990689 293115.8489614406, 201527.0680226404 293113.4100585074, 201538.0822075418 293113.8557052703, 201550.4624613914 293110.4185288408, 201560.2030562524 293106.3152441503, 201572.4917421501 293106.0954836033, 201586.8744006989 293103.8790992645, 201603.4402006234 293110.2058804795, 201617.4584147897 293109.8755431121, 201627.3795169361 293114.5370086213, 201635.4799306027 293119.9747696594, 201645.9474763767 293122.9721812645, 201656.9608101011 293127.9667129276, 201665.9715636256 293132.8499438945, 201676.7118970473 293137.2897249736, 201697.2822036064 293146.5019892127, 201708.4781415115 293148.2792163992, 201721.7676862985 293150.0568559665, 201731.9621953149 293152.4995909026, 201740.3387526558 293141.5176558196, 201754.6295296424 293143.6283711453, 201766.007253037 293146.7370435076, 201774.3802422145 293154.1719905755, 201785.0298430564 293156.7258196082, 201797.0445043411 293160.9441058007, 201805.9648100564 293162.3881670299, 201818.9797846537 293171.3773126395, 201830.4478932855 293177.3706516642, 201842.3714118736 293181.9218144829, 201855.1135624066 293189.3577282871, 201866.2165807475 293199.8997787141, 201874.4075013042 293206.7800570236, 201881.7792683353 293213.2163926791, 201888.2403489641 293221.6495523511, 201895.2472930397 293231.4141700072, 201902.8915650749 293240.4023130563, 201909.8073360125 293250.7216476243, 201916.2682460753 293259.7095523345, 201920.9108517256 293258.268253897, 201923.0067036746 293247.6179885297, 201927.6509963332 293238.2996057347, 201932.5683996317 293228.8703389275, 201937.3039516365 293218.5534767445, 201942.0388232372 293211.4540191193, 201946.2287881489 293198.5853120347, 201949.7813182194 293186.9368634707, 201947.9631608713 293175.9529269631, 201951.4242445232 293166.3014677754, 201953.1559037459 293156.3168015563, 201952.2488730956 293141.3390456207, 201944.5139451917 293130.464779623, 201937.5068095207 293121.4767394165, 201932.4105145287 293115.8174595197, 201927.3159161648 293102.1701514281, 201933.4146580167 293102.5042883526, 201947.2506989695 293102.8400926977, 201957.99229979 293100.9563498448, 201971.9204099061 293096.5215820121, 201987.1230846757 293091.3105015728, 201991.91332017878 293087.3777029327)"
TRAIL-022,금정로 7,금정로 7-2,201991.91332017878,293087.3777029327,202590.16651778092,293232.06182061153,129.0218826147163,35.23428554227657,129.02845531543701,35.23558828361616,893.4860908721075,"LINESTRING (201991.91332017878 293087.3777029327, 201995.4991026521 293084.4337640751, 202008.0614777457 293081.6629238131, 202023.3552256885 293076.4519246194, 202034.5528344353 293070.9071939109, 202043.747201316 293068.2465907893, 202055.8549054885 293063.5896513161, 202071.4213111066 293060.4867481751, 202081.4348703944 293058.1592057777, 202093.0871358388 293054.9444947362, 202108.3808228291 293050.3993087561, 202129.0449985043 293046.5210810959, 202138.0578350557 293041.8635234897, 202146.1611938891 293033.8774127871, 202157.2675852773 293029.6641511349, 202170.2865037311 293021.5682916261, 202199.5108507385 293003.4913410649, 202211.7107814965 292994.6187281931, 202219.0859130229 292987.0762846693, 202230.9216076403 292978.869277691, 202237.0224256333 292971.1046448622, 202247.4020054038 292961.6769059711, 202253.3212068259 292952.2480662879, 202265.2492299201 292939.1595539076, 202273.3527652631 292931.2845031861, 202283.6392138593 292930.5104816659, 202295.3816742965 292931.5119591006, 202306.1244287825 292926.1893399518, 202315.8663044591 292919.2023043428, 202319.7810312991 292917.3172454707, 202338.4436249969 292910.8872519253, 202355.2855196915 292905.0115466955, 202365.4815858026 292901.9077528593, 202379.6828521573 292899.1378584398, 202390.2415832325 292901.5814305837, 202399.0700204952 292906.7981770696, 202400.1596296262 292917.1163376715, 202409.8980981418 292923.2208953561, 202419.5451980913 292930.5458325711, 202430.3772066363 292932.1019660254, 202440.7528096621 292938.3176732719, 202446.5761552782 292947.5276706329, 202452.7639944322 292955.2954875618, 202466.0518917847 292963.6199670794, 202477.4286552633 292970.1688245034, 202486.9853240626 292974.9420775993, 202498.4545274824 292976.2765783543, 202512.9263667796 292982.2716121648, 202520.8439392224 292989.0414533204, 202516.4698605304 293006.0147996758, 202510.2753642441 293022.5438634068, 202515.7324359794 293039.0761666464, 202521.6475962283 293044.9578930966, 202521.6443159208 293056.7180492422, 202529.8328187903 293070.921281666, 202538.0221991914 293081.9071204543, 202540.4744792873 293101.3231641123, 202547.5725899259 293108.4256343979, 202557.4012461905 293116.4164414983, 202555.9394515465 293135.3876043925, 202554.7527178861 293147.3693174111, 202558.0267875469 293157.577173625, 202558.6610213208 293168.0061734181, 202568.3963386137 293183.8740547133, 202581.5910563569 293198.1897055258, 202590.78071757 293212.0604475926, 202593.8722893247 293223.5996044141, 202590.16651778092 293232.06182061153)"
TRAIL-023,금정로 7,금정로 7-3,202590.16651778092,293232.06182061153,203083.03413191493,293217.308374187,129.02845531543701,35.23558828361616,129.0338698546747,35.23545390968339,893.486090872152,"LINESTRING (202590.16651778092 293232.06182061153, 202587.3141419737 293238.5752876377, 202582.3939372373 293255.4375072134, 202580.3883355251 293266.0876461644, 202577.3817448569 293275.7389960254, 202580.1976078455 293296.4864988926, 202588.3881837577 293302.3689212227, 202588.3881837577 293302.3689212227, 202619.870985166 293343.3166678054, 202630.8815756058 293354.969083172, 202636.1582474885 293364.4009395425, 202639.7044093572 293377.3825314693, 202634.7847318711 293392.3586622855, 202629.6844105473 293402.5641112254, 202633.2307282732 293414.9909767061, 202644.0597181915 293424.7572925592, 202653.527269786 293421.0988838328, 202663.1746867808 293424.873849057, 202670.8186875509 293431.6437458719, 202676.9137958153 293443.4057128833, 202680.3693709222 293454.6121764019, 202687.5575236894 293463.7117964497, 202695.017772694 293476.0289070182, 202709.3965940809 293485.5744713527, 202709.9409704165 293491.4547170203, 202721.5021790941 293487.2422823364, 202729.6055209455 293479.7004690444, 202742.5327093312 293473.4914648074, 202750.1804914701 293467.502761166, 202758.7385859279 293461.2924519281, 202770.2076764319 293460.8521797999, 202779.3106016383 293458.9689100397, 202788.7783434298 293454.7559180908, 202794.9703780743 293446.8807393633, 202809.0795177964 293445.3318837958, 202818.9103790047 293444.3364397554, 202836.7542813086 293433.9131972256, 202849.498651978 293430.5888574361, 202860.4229775027 293425.9326201649, 202869.2540122074 293420.4991168133, 202876.5380040448 293413.9556802559, 202887.0074209264 293408.7446057364, 202899.6614622192 293403.4232989655, 202905.6715804264 293395.5481381937, 202915.0502839424 293385.5661133798, 202924.3356867556 293382.6845441906, 202927.9796750886 293373.3663491306, 202936.9021145425 293367.0453823344, 202944.2768976632 293361.5005347004, 202942.4594421788 293352.1805685118, 202934.8151451225 293346.7417817422, 202924.3470286457 293347.6259485815, 202915.7920767118 293343.4072776268, 202917.0696438445 293333.4226461229, 202921.0802175539 293316.4493673018, 202921.2666773643 293302.8032017574, 202926.6405673878 293292.2651723018, 202926.0976127055 293282.3908985125, 202928.8316053809 293272.4067411183, 202938.4828532159 293264.5327840458, 202947.3144542001 293257.9899090812, 202954.6893688614 293252.3341258763, 202961.3378324112 293241.3527548087, 202970.6238720645 293237.0289499559, 202979.5460735783 293231.9284203402, 202988.9235242681 293226.4952153359, 202997.5725217596 293221.8383928902, 203009.0428143023 293218.7357461712, 203017.780892569 293219.9590530339, 203028.3417530069 293214.4153392082, 203037.3524260284 293217.0810401472, 203052.2812745279 293215.3109499565, 203062.1117364407 293216.3127787511, 203071.9424977995 293216.4270590493, 203080.8623191685 293218.5380479463, 203083.03413191493 293217.308374187)"
TRAIL-024,금정로 7,금정로 7-4,203083.03413191493,293217.308374187,203717.23024643338,292856.32803391677,129.0338698546747,35.23545390968339,129.04083542745425,35.232198069081655,893.4860908721801,"LINESTRING (203083.03413191493 293217.308374187, 203091.2412819385 293212.6615108515, 203099.5268881431 293206.1185982485, 203108.5415543477 293197.1351559637, 203122.1976550865 293190.8160024247, 203148.4160526744 293182.6151726066, 203157.6118360415 293176.5164101297, 203168.3513084931 293181.1798538465, 203175.9043452945 293187.284474147, 203191.9222161377 293195.0562593853, 203201.8450469417 293192.2861457865, 203214.1344069398 293189.9606638323, 203224.8745863071 293192.5162218075, 203230.9705235118 293200.3954871564, 203239.4344778128 293204.5034779794, 203250.4502639257 293199.9586908369, 203259.9142559996 293207.5063527631, 203273.1100946029 293215.6100997163, 203285.3092217981 293211.0657835116, 203298.1461505605 293204.8575427712, 203308.1610443606 293199.3139565981, 203315.6292529739 293188.222201595, 203319.0911815334 293180.2354385342, 203325.0125826995 293167.4789501724, 203330.8416250298 293158.3836137486, 203341.0407346563 293147.181942072, 203349.9645086524 293138.6424870241, 203353.8819085201 293129.8792923104, 203347.606113326 293116.2307434844, 203362.7221132589 293101.3697373955, 203374.5562130392 293099.8209185996, 203380.1120183323 293091.3911821383, 203384.3936599744 293082.4062476184, 203389.9508996109 293070.2043916131, 203394.1414502526 293061.4413175948, 203394.8738363679 293050.347103668, 203393.1459361626 293046.0196043296, 203394.6953223274 293040.9167211887, 203407.9875810962 293035.0416432968, 203409.6270847494 293032.3795842402, 203415.6365524641 293028.0550022193, 203408.2666037311 293019.2875748574, 203406.5389130021 293014.4053488254, 203412.365539518 293012.1886485983, 203424.3781224345 293020.4031121632, 203433.6624196733 293021.8489171912, 203441.4892545075 293025.956854051, 203450.7755760521 293022.077322971, 203459.7881424833 293019.9728148169, 203463.249497652 293013.9831164276, 203481.6419304849 293001.564354169, 203493.0257562632 292987.8115802729, 203501.4963224143 292975.0561960408, 203517.0661410455 292964.85531115, 203519.4347811799 292959.9746584124, 203528.2671437506 292953.3214086238, 203540.1961003975 292942.5644192766, 203551.572549417 292948.0051800986, 203562.8625033602 292941.9076543382, 203578.4295939969 292938.9182910829, 203590.9934955451 292934.0416984286, 203607.2905658727 292926.7258248798, 203617.8536847619 292917.2997318332, 203640.4331040057 292906.7690331739, 203647.4449808109 292900.2261121748, 203653.0934923621 292888.5791818479, 203659.2870269469 292879.8170422707, 203674.21772749 292875.1634135532, 203679.5922073416 292865.9571757499, 203687.7838169532 292868.5122452466, 203693.155006175 292867.4049891379, 203697.2551419052 292858.0872965791, 203704.2673703285 292850.8787510132, 203707.0004873987 292845.4435731379, 203710.5490958499 292849.2171540693, 203717.23024643338 292856.32803391677)"
TRAIL-025,금정로 7,금정로 7-5,203717.23024643338,292856.32803391677,204236.34529777276,293092.5832818077,129.04083542745425,35.232198069081655,129.04653935178365,35.2343254938648,893.4860908721113,"LINESTRING (203717.23024643338 292856.32803391677, 203719.8300542838 292859.095060497, 203727.8372667504 292867.3082783807, 203740.8499314735 292878.2971948278, 203757.413026728 292888.5109910412, 203766.8787253998 292891.7323311571, 203774.8866074057 292898.1704735785, 203781.5284852169 292905.9393901364, 203782.8899286052 292915.4812185982, 203796.3615612547 292917.0400937622, 203798.4525232007 292923.475774656, 203816.7519961522 292917.1596239598, 203827.4919074753 292920.7144003893, 203839.0518239315 292922.4944197976, 203856.8034024711 292920.2830778088, 203867.5459047741 292917.7359349049, 203872.0973037533 292917.8488279794, 203882.3832868466 292918.5189085219, 203890.6697357248 292911.9767232754, 203901.0506786691 292903.5493863779, 203920.8043243256 292902.7813174929, 203936.0029929568 292910.110283244, 203949.5663635118 292910.0052535466, 203969.863688857 292914.8957179666, 203988.7073687328 292913.350783805, 203998.1764919133 292908.584336887, 204010.7398260158 292905.5943900368, 204021.4841659818 292899.0534154056, 204028.2251157977 292888.2947638247, 204037.0573288619 292882.9733496333, 204041.2491887123 292872.8792392938, 204045.3439720306 292876.3203615309, 204059.0880587468 292879.3220332993, 204069.3751707244 292877.5515398731, 204080.660504928 292882.6600906214, 204096.0439011777 292883.8874407505, 204111.0652951116 292880.4549678386, 204125.1744327906 292881.3489535709, 204137.646106776 292879.9123694645, 204144.6571948981 292875.9215655334, 204158.4033927161 292874.2637046943, 204171.695370142 292870.6086474827, 204185.352400605 292864.9567711442, 204190.4561185172 292851.8676407597, 204201.4731228668 292846.6583450786, 204211.7612821053 292842.7800616806, 204220.686334998 292833.9086345829, 204227.9636845138 292844.6736869113, 204230.5981456905 292856.213185594, 204228.1356261869 292866.3080167858, 204211.4698462498 292882.1653547369, 204199.8124792961 292894.2529231744, 204190.2485030738 292907.0071460907, 204179.683594823 292918.9843023772, 204178.0389216366 292932.2969277381, 204175.9404936485 292942.613832216, 204165.8301241125 292956.0334987089, 204164.0956759916 292966.6834086583, 204161.5403426897 292980.883177627, 204168.4539404215 292990.7604579229, 204175.3687528036 292997.9750668257, 204184.9241893781 293003.4157848144, 204193.2041930583 293011.0748191728, 204198.6612352535 293021.0623925117, 204202.8436699771 293031.4931562509, 204208.4825895984 293041.8136551102, 204215.9351666012 293066.8906753279, 204225.9401453778 293084.0918070435, 204234.3114832465 293090.8633635543, 204236.34529777276 293092.5832818077)"
TRAIL-026,금정로 7,금정로 7-6,204236.34529777276,293092.5832818077,204648.198421571,293791.397471375,129.04653935178365,35.2343254938648,129.05106780596827,35.24062241552292,893.4860908721637,"LINESTRING (204236.34529777276 293092.5832818077, 204242.3187000865 293097.6347570243, 204251.8738866553 293103.297436494, 204261.5164273058 293116.7263111624, 204271.522050431 293132.2633213694, 204273.6079038494 293148.6841549165, 204282.2509644737 293158.1185631454, 204288.7091624747 293167.9957226813, 204300.0826090069 293178.2080585044, 204304.3550347115 293190.414033538, 204300.8015296818 293197.7347073678, 204316.8192649341 293203.7333682546, 204327.4658079873 293211.0608239156, 204336.4715789434 293223.1581370259, 204345.7488562607 293238.4729929745, 204346.3811286041 293248.6802310065, 204348.9247214768 293259.3321683145, 204348.6468415524 293269.317079128, 204349.8221103499 293286.0703306833, 204355.3676465532 293300.6067885107, 204356.7279429515 293311.1472138771, 204355.3573832307 293321.9082133359, 204356.8085407274 293332.7815176838, 204359.6237802046 293346.3181590838, 204365.8969234371 293361.9644252549, 204365.8012371742 293371.6165902205, 204357.0559996965 293385.9242702617, 204364.1495147292 293399.1301424925, 204367.3287109553 293412.8888533313, 204374.6074052735 293419.5490708585, 204379.5163519869 293432.6429539332, 204384.5163618764 293445.6259391528, 204387.8778807223 293458.7190768511, 204386.5066060304 293470.9223582879, 204396.607986962 293475.4760099263, 204400.1577343655 293475.8105721569, 204401.2435856437 293489.0135529379, 204406.9744220021 293496.4496587086, 204418.258846986 293501.4476915672, 204433.9090440764 293513.2155229161, 204436.8180205009 293520.8721541189, 204439.4528338152 293530.7475513779, 204438.7189855857 293542.2854694683, 204447.0902852159 293547.9477786056, 204453.2763229943 293555.0513035003, 204464.0176376236 293553.7252621093, 204471.1148705914 293558.8322395427, 204488.0435094166 293561.947089044, 204498.4173078189 293567.4994954968, 204508.8837761396 293569.7236103687, 204517.6200383939 293573.5001023438, 204526.718160017 293581.7145837822, 204535.1789985977 293590.1506447136, 204544.1886311894 293593.2616297151, 204553.3799105612 293597.1493302118, 204559.5654393967 293605.0295432847, 204562.2902758532 293616.5691982541, 204571.4822532135 293619.0146326715, 204574.5709326403 293630.9982556594, 204584.6631485679 293653.0814252708, 204587.1151556628 293664.0662251899, 204595.4823573925 293677.3838767848, 204604.3939658027 293694.0301641782, 204614.1268255218 293706.5719144024, 204620.9487488381 293715.6728910741, 204625.8593917341 293724.4400595675, 204629.9507817259 293733.3177561722, 204633.6776260922 293743.0828280412, 204636.5855052956 293752.4037013371, 204639.7624530177 293769.4908657324, 204643.8537518737 293778.4795142611, 204648.125428277 293790.6856634429, 204648.198421571 293791.397471375)"
TRAIL-027,금정로 7,금정로 7-7,204648.198421571,293791.397471375,205080.2333876958,294213.8408449216,129.05106780596827,35.24062241552292,129.055817,35.24442799999999,893.486090872135,"LINESTRING (204648.198421571 293791.397471375, 204650.3895719952 293812.7648897689, 204647.0140197405 293827.9626235324, 204648.009189232 293839.7233093605, 204646.6388178793 293849.5967133036, 204621.7814588764 293867.2242293117, 204616.9503474462 293881.0898906492, 204611.485570292 293888.1875835879, 204609.0178120129 293908.2673785448, 204597.6360394253 293916.9152952349, 204592.4397889983 293932.999685934, 204589.1570310241 293944.9800843399, 204590.972499677 293954.633226325, 204589.3293779792 293964.0627217416, 204586.1333748265 293984.4749905203, 204586.7655471137 293994.2384769055, 204585.7586059069 294005.5543625313, 204585.6612266391 294018.091105679, 204583.8355236416 294028.6299610174, 204582.6451481258 294042.7193813143, 204584.4600410745 294053.4819738635, 204588.9116735855 294069.6822141781, 204586.6320170989 294078.0019376933, 204585.6244096336 294090.6491653557, 204594.9938709357 294101.0827620631, 204613.5572651007 294109.0802657831, 204623.9325150662 294110.4169094405, 204640.949888568 294115.8619417381, 204657.0594175277 294116.7577897462, 204671.4379026185 294120.9811240909, 204682.3569319544 294126.7559194835, 204690.2718778656 294133.5276743062, 204696.7270862543 294146.9553828211, 204705.4594768447 294156.9449837708, 204715.0129634459 294163.1628884865, 204723.5643873779 294171.0444559852, 204737.8512153599 294176.266354487, 204753.7800538229 294174.3886530145, 204768.8004922969 294169.1821473013, 204778.2683617734 294165.0821799064, 204789.556333028 294161.4269672904, 204800.4801297587 294157.9934655115, 204814.5902801511 294153.1193877285, 204824.3322437728 294147.1335480665, 204834.5271073675 294145.2529296724, 204846.5429616623 294142.1529031626, 204859.1036713378 294141.3830325372, 204868.2943176094 294145.1601121227, 204878.8494256787 294150.3802238636, 204894.2295363328 294153.4950029909, 204903.3284168275 294158.6034097852, 204907.7815346168 294170.9207330092, 204912.8728995911 294181.1304487051, 204917.6004904503 294190.785243967, 204925.3335953996 294196.7804910047, 204935.3426354066 294201.7784814664, 204945.6262908885 294203.8920606007, 204958.6411511285 294204.6758084209, 204972.6575511395 294204.7944554095, 204985.127413613 294203.5809295861, 204997.0515515221 294201.7014485452, 205007.0637430695 294200.930374739, 205018.8963801139 294199.9384326687, 205030.3642145349 294200.2776442954, 205043.1072630614 294198.8424603223, 205056.2127038616 294200.403014962, 205067.3156635354 294202.1843557407, 205077.2362213215 294202.5227593694, 205079.9643938709 294206.6292615887, 205080.2333876958 294213.8408449216)"
TRAIL-028,금정로 8,금정로 8-1,205856.9547581255,294086.6130464931,206067.02388213034,294786.3253264247,129.06435,35.243277,129.0666631769777,35.24958258047324,964.0966698520757,"LINESTRING (205856.9547581255 294086.6130464931, 205850.3053327781 294094.5967871679, 205844.0196285261 294103.1354935501, 205836.0952015451 294112.3388166263, 205823.9794406319 294128.6399318118, 205817.8754611025 294137.7334994029, 205807.5872268899 294142.9413022356, 205795.3900758332 294144.3757585153, 205784.4655985367 294148.2518383063, 205775.3627372787 294150.1320832155, 205769.6209745066 294162.2214332071, 205765.0632882435 294172.9802009153, 205769.6049662844 294187.2950198465, 205775.0589171109 294198.2820706487, 205779.2363609665 294212.8185525067, 205781.5929792052 294228.1304874104, 205779.4931598947 294238.2251509319, 205786.5837135852 294251.7649944902, 205791.128730399 294260.7544617688, 205792.5798567956 294268.7434415073, 205798.2159031458 294279.508734222, 205799.7536918336 294294.2654244264, 205801.9310731666 294305.1394459019, 205796.4611363575 294319.2259686286, 205797.1840592886 294327.3254278952, 205803.2793404275 294331.5452557966, 205806.2820418114 294332.7675812595, 205811.1989760805 294329.4423875578, 205815.1178929012 294321.2349678829, 205828.5923079232 294314.6978854445, 205845.0666476712 294313.7100202202, 205861.4515593749 294310.2813338557, 205864.4546200033 294310.9489531268, 205874.5638396198 294300.8595113833, 205883.1231521937 294294.8740421018, 205892.9459803268 294305.3092858565, 205900.6759507855 294314.9665576361, 205909.772867844 294321.9620465461, 205917.8699891502 294326.848932096, 205925.3243243356 294340.3891250901, 205929.5035715214 294351.7082718616, 205932.7725913853 294363.1377682795, 205931.4917627583 294373.2329365287, 205925.8391271766 294388.0958788651, 205920.0965864216 294401.2945887262, 205916.9015066114 294415.9372572928, 205911.3432013441 294425.8077389232, 205903.9629676396 294438.2287723183, 205901.4080645511 294448.2121683498, 205906.4951050569 294463.0821446887, 205910.85772412 294472.2934465783, 205918.494992922 294484.2805243265, 205927.1351316328 294493.6055823474, 205934.7703933314 294508.588192796, 205938.4937571078 294521.0164991316, 205942.3081232813 294533.4448670981, 205944.8479381661 294546.4271242029, 205948.4804060123 294558.6334852381, 205952.3880204226 294567.6226187588, 205961.8455440333 294579.3890440416, 205974.849800493 294595.2627962102, 205984.1311201469 294598.1535133198, 205993.3101626186 294618.0187871645, 205995.3057239465 294628.1161241058, 205998.6666761573 294637.8815324239, 205998.4786869109 294646.8679689621, 206000.4706257325 294662.4016201278, 206006.738757686 294679.9351276537, 206013.1931697831 294691.0339417861, 206016.8239352015 294705.5701815577, 206025.7350911924 294717.4472579821, 206030.3710158605 294725.8821873175, 206035.3700110686 294735.7596495048, 206042.8279124793 294743.1979639988, 206050.1936024435 294752.4113465448, 206061.4673649048 294769.6154123511, 206065.4616890096 294784.7066436368, 206067.02388213034 294786.3253264247)"
TRAIL-029,금정로 8,금정로 8-2,206067.02388213034,294786.3253264247,206149.19190931928,295613.5343877142,129.0666631769777,35.24958258047324,129.06757220851324,35.25703808808188,964.0966698520523,"LINESTRING (206067.02388213034 294786.3253264247, 206073.2831180414 294792.8108993668, 206086.2053523364 294794.5947184856, 206097.3056588144 294798.929066677, 206113.2312844759 294800.6040066051, 206126.0625650989 294802.276876017, 206140.0752363517 294806.5023067865, 206147.8061737504 294813.7190040988, 206158.1710136705 294828.8146147472, 206150.516077617 294843.676062266, 206141.5008521508 294851.4360963886, 206134.5759205361 294863.5244230273, 206129.6451566688 294887.4852490452, 206131.8220716125 294898.2484151511, 206131.8120569787 294913.0041264233, 206129.3458608386 294926.2049378195, 206129.3360759605 294940.6278140964, 206126.2300481856 294957.9331673056, 206125.8594698616 294967.5851534713, 206126.9444218023 294978.1256888541, 206126.7508939961 294995.1001826873, 206124.9220082852 295007.9685932691, 206124.2769056828 295019.8392994457, 206125.6320175044 295034.5959388875, 206122.4367504681 295049.3494939751, 206122.3356681323 295064.2160921148, 206120.9613122954 295077.8614297633, 206123.9540962576 295093.2848516445, 206129.5892313005 295104.0503654909, 206122.1253843967 295105.9313741854, 206111.1956233747 295119.1264626519, 206107.9130032968 295128.5545918399, 206105.8128009097 295138.9820290007, 206100.0684486299 295155.1761604181, 206093.9484916555 295188.5665628964, 206092.6662506027 295200.6587352414, 206091.6579282081 295211.4197491033, 206087.1871286405 295228.5023115999, 206082.3544901297 295242.3672192789, 206085.7079429332 295262.7834138802, 206084.1528569763 295274.6535143081, 206085.7810849181 295289.2993919681, 206088.3234692953 295297.8438941047, 206089.1358583841 295307.718574554, 206090.8573958456 295318.9252119687, 206100.4913892871 295337.4595809517, 206103.8398924444 295365.0872280169, 206103.7387678677 295380.064778599, 206102.0014450763 295392.2675908895, 206102.5392996269 295404.3609951459, 206102.8960445806 295415.1229333037, 206107.1625721043 295430.8800542038, 206111.615595452 295439.9805834647, 206113.3341510746 295455.5140936829, 206119.9698822889 295466.6131210409, 206123.0562478483 295478.0425828687, 206127.5078018804 295489.2510812435, 206132.2318264345 295501.2363844237, 206138.5950200206 295511.5586238768, 206142.7736808989 295522.5450542558, 206147.9561542316 295529.4271918845, 206153.2284885877 295537.9735740925, 206162.9589503745 295547.9652897582, 206169.6865399493 295557.6221284586, 206178.0560259947 295561.6218818822, 206187.3322596561 295570.3929146388, 206187.0603168458 295568.8394933225, 206176.1337499684 295578.0404805653, 206167.1177185615 295588.0194028733, 206160.5594410182 295597.0015019502, 206154.6375092979 295606.9825477407, 206149.19190931928 295613.5343877142)"
TRAIL-030,금정로 8,금정로 8-3,206149.19190931928,295613.5343877142,205652.53436736253,296305.3534062704,129.06757220851324,35.25703808808188,129.0621193018218,35.263276682973704,964.0966698520243,"LINESTRING (206149.19190931928 295613.5343877142, 206146.89600826 295616.2966868904, 206134.0597851694 295623.6103548537, 206123.8628557609 295630.5929939919, 206117.3023228015 295643.0144298402, 206112.8437745712 295642.2347937738, 206102.1995955152 295637.7897816943, 206089.8194938769 295643.5505856085, 206081.8070290761 295649.9800185248, 206074.2457028244 295662.1789213077, 206064.5956156241 295668.0525416048, 206060.6734796081 295681.5852446932, 206057.3897014245 295693.1213610234, 206050.7399393732 295703.1019879268, 206040.7235334134 295712.5256407296, 206033.8927661282 295721.063869248, 206031.9809360143 295722.2829914685, 206019.2405413439 295722.7182736012, 206005.4064429487 295725.704590214, 205994.1183101386 295731.7990879388, 205992.7474857376 295740.56286355, 205989.7380675742 295750.2131157662, 205994.9166234241 295762.9752708525, 205997.6352868724 295780.0626655905, 205993.7118269442 295795.8143066903, 205985.967859342 295809.344509083, 205983.683455441 295823.5440060441, 205981.2175738816 295836.9667658949, 205976.4792102773 295846.6158790273, 205972.5586037649 295858.1516073337, 205967.0037594411 295864.028042093, 205953.5307470937 295871.7853292587, 205947.2442045924 295883.319509646, 205940.5955795712 295891.9688758142, 205935.8559027062 295903.7259728177, 205924.2015696236 295913.5924622851, 205916.7345094693 295921.4646916344, 205909.1753022823 295931.1119935407, 205903.7098745604 295939.5402707283, 205898.6969130544 295951.8519363676, 205894.0530265163 295956.3976666187, 205882.4914672909 295963.7125263941, 205871.5678518625 295969.5855252902, 205860.8243030661 295978.4541805953, 205845.8050167703 295985.5449534522, 205848.1644285932 295995.6425142862, 205844.4253279829 296008.2878721074, 205840.6931257683 296010.2824753194, 205832.9551597611 296015.1590730977, 205820.0283311102 296023.1388041245, 205801.3672516793 296033.3337769723, 205799.9113618155 296033.2218964554, 205789.8981438527 296038.6517974664, 205778.4289075821 296044.1917233163, 205767.8693760168 296050.1760264104, 205757.4929847922 296054.3853317495, 205751.3913574271 296061.9257332355, 205746.0162355328 296071.7964551913, 205737.3689659605 296075.7849931584, 205732.9948350767 296085.6563589936, 205727.9854943091 296092.7536882788, 205713.6934950898 296101.3983789039, 205705.9555356184 296106.4969767552, 205693.0311181369 296111.0375831296, 205674.641123194 296124.7832434961, 205665.5321320439 296139.6442135044, 205657.7909657776 296149.9572866054, 205656.9628247687 296164.6015664993, 205655.4993117093 296176.6937035653, 205653.4911461465 296186.6775365578, 205647.479511328 296196.1041384045, 205643.0151648257 296204.9769838122, 205639.0042124572 296216.4018600598, 205635.448386707 296227.605131355, 205631.3461124848 296239.5846816538, 205629.6125643386 296247.0169465115, 205631.1519456385 296259.1109613928, 205636.7878367237 296268.4338962555, 205642.3314733069 296279.753795501, 205645.9632998516 296292.5147939535, 205652.53436736253 296305.3534062704)"
TRAIL-031,금정로 8,금정로 8-4,205652.53436736253,296305.3534062704,205512.55808862633,297189.8400848666,129.0621193018218,35.263276682973704,129.06058694881463,35.27124972288393,964.0966698520754,"LINESTRING (205652.53436736253 296305.3534062704, 205654.5972611992 296309.3839072774, 205660.3220050639 296322.0352774174, 205664.8658222587 296331.4684918295, 205671.0452311599 296344.5639363683, 205670.3990046113 296359.3192790133, 205670.027713035 296370.9683211983, 205672.6594350644 296382.2864130952, 205674.4731113361 296392.1617005855, 205679.8351251821 296402.704892649, 205682.1955198605 296411.3601255477, 205688.9241654051 296419.1305461816, 205694.0175029405 296422.7949575184, 205695.193702997 296433.4464663202, 205690.0030866299 296439.7670871637, 205688.4482301796 296452.4138937686, 205683.8007259587 296463.2836257901, 205679.4260029375 296474.4863684127, 205678.325783303 296487.6881908335, 205683.8700705931 296497.6767740259, 205677.1292030939 296509.4327567599, 205669.9342258224 296519.8571134875, 205669.1078388775 296531.7277637528, 205667.0982043765 296544.1523991593, 205660.5380564461 296558.0164731152, 205656.980391255 296572.326214654, 205653.9711901261 296582.642262737, 205655.1476245664 296592.9609324129, 205655.3229377559 296603.6118118926, 205646.2188994061 296611.3723008561, 205636.2068298529 296616.1367031766, 205632.0173366755 296622.3470382344, 205631.4625992855 296636.4367735533, 205629.6361290146 296647.0864049336, 205625.5339134305 296659.2878560938, 205621.7971240339 296669.1596807282, 205617.2416302973 296678.6981610905, 205613.5042371836 296689.5684988192, 205610.4047540658 296698.8859971355, 205607.1224001376 296709.6456750214, 205605.7477579302 296725.3990876143, 205603.8279352637 296739.9317614638, 205601.5447081494 296753.5766462292, 205588.2539430555 296763.553509453, 205582.7876020475 296774.755627869, 205575.5027766044 296783.8486612619, 205563.1229408745 296792.2728866794, 205556.9275008553 296805.4715918329, 205558.8318656545 296815.9016458288, 205560.3718577748 296826.9971493132, 205555.4526868395 296836.3135477597, 205556.0829907479 296847.0756544973, 205556.1658555537 296860.2782268385, 205553.7930380259 296871.8151051569, 205548.6868064618 296889.4523099888, 205548.2252485976 296900.213746073, 205546.8516915993 296914.413934591, 205548.0265680535 296927.3952879797, 205545.9276296217 296937.4900453443, 205545.7375431548 296950.6924516869, 205540.5450812237 296960.6743654089, 205533.8974328385 296969.656880003, 205530.6137725921 296982.8573916213, 205529.8777821187 296996.0594647553, 205535.3313402549 297005.3822355302, 205537.8757313342 297010.7091838328, 205529.9532762216 297021.3551038383, 205520.9400752595 297030.2252344793, 205515.8395548848 297038.7649270497, 205511.0111935105 297048.6361357837, 205505.4532534147 297061.28054206, 205500.8043884676 297075.2568529303, 205498.3385483937 297090.3439516598, 205498.5113326055 297105.4326580424, 205498.2285750204 297121.5195977307, 205500.4966156415 297132.3936482439, 205504.7670276344 297142.1594641837, 205506.8518644337 297155.0304258575, 205510.3884102711 297174.5590107864, 205512.4728927417 297187.984702252, 205512.55808862633 297189.8400848666)"
TRAIL-032,금정로 8,금정로 8-5,205512.55808862633,297189.8400848666,205888.49136146816,297588.55105024186,129.06058694881463,35.27124972288393,129.06472158011795,35.274841333479834,964.0966698520842,"LINESTRING (205512.55808862633 297189.8400848666, 205513.1912269675 297203.62847237, 205514.6394767031 297215.9443202497, 205515.6329981759 297227.9270539063, 205515.1765794112 297230.3675786752, 205515.0785450585 297241.9058632622, 205515.6174078111 297253.4445371504, 205520.7965120317 297264.9860478, 205528.9833413185 297267.9865900167, 205538.2590595909 297275.7584695746, 205541.9822950309 297287.4100454341, 205550.2561938282 297296.7345614706, 205561.809012212 297300.40287755, 205568.6277392909 297308.7280035529, 205579.7271886983 297309.8443134432, 205578.5428792585 297312.2843854636, 205589.5501019195 297315.3976718764, 205600.9259362026 297310.9668972555, 205610.6575747556 297316.9640046073, 205622.1183909073 297322.185579802, 205632.4935402844 297317.5323304777, 205642.2255668934 297322.8637983867, 205651.601562052 297315.5472513033, 205662.9715806157 297320.4359846393, 205673.3443825216 297319.5549324219, 205683.7159291443 297320.6709128069, 205701.4565238491 297322.9010125603, 205711.3705433009 297328.1217244468, 205721.8317941996 297331.234826945, 205728.56542085 297330.0186953766, 205734.2064599577 297330.022276798, 205747.4870892412 297334.9123306264, 205756.7685646597 297333.2540600208, 205769.1433742342 297331.8196665665, 205780.6971249231 297333.8240791674, 205791.3418801682 297334.4965756688, 205799.17138993 297326.957298253, 205802.4479028011 297325.2952190413, 205812.3675046376 297321.7513398677, 205820.2850234173 297318.8718544124, 205830.8400270465 297317.6582636832, 205840.1213203511 297316.3329155607, 205850.5857764208 297314.4536154886, 205859.9597890536 297310.4656524735, 205871.6948670497 297313.4688099376, 205883.3429293992 297310.3699157017, 205891.6189169236 297315.922595157, 205901.0826255125 297313.9317548917, 205910.8208178515 297309.6112457901, 205917.7294739436 297319.0461515346, 205927.4675230752 297314.9475515432, 205938.02728945 297306.5226224976, 205945.9489540166 297297.4302940661, 205956.4145522971 297293.8869327884, 205968.3351837998 297291.4540018836, 205980.6166009308 297293.7919882483, 205979.6079776508 297305.5515580899, 205979.4182921447 297317.200724998, 205972.0416376149 297327.6247326403, 205986.9479431018 297350.4894096384, 205998.5906895644 297355.3787472542, 206009.14153918 297360.3783186991, 206005.4911000605 297377.0177374979, 205997.3885090844 297384.5566553553, 205989.7415135627 297391.0973719166, 205982.3638043901 297403.1855563572, 205981.2640600076 297415.1669588509, 205981.4391905656 297425.4850214015, 205974.8774339715 297442.0115797782, 205955.3005644058 297465.4081789822, 205948.7417359286 297477.6078779715, 205943.0945801747 297487.0345402969, 205929.4406559281 297496.8997260587, 205917.5142695964 297508.5411956597, 205902.585270993 297520.5135543019, 205891.4746790365 297536.9262562292, 205885.2804964737 297548.2386749182, 205877.2674802042 297558.3295110997, 205878.8105648821 297563.8778000403, 205878.533861334 297569.6467953605, 205886.4409104877 297582.5216476522, 205888.49136146816 297588.55105024186)"
TRAIL-033,금정로 8,금정로 8-6,205888.49136146816,297588.55105024186,206167.67996252704,298248.46833423426,129.06472158011795,35.274841333479834,129.06779515242127,35.28078776087695,964.0966698520604,"LINESTRING (205888.49136146816 297588.55105024186, 205892.2526029688 297599.6110753098, 205904.074720152 297608.0506725536, 205910.8897023165 297621.2576699819, 205917.526411008 297628.8063255443, 205925.5265188745 297638.3529035334, 205928.8864177389 297648.1183311405, 205936.614939227 297655.556772616, 205950.8051575099 297659.8929988625, 205960.9927050784 297663.4499833349, 205972.2737062864 297664.4559516096, 205983.1027409753 297661.0238063256, 205984.371328467 297668.7908464299, 205987.1833529966 297681.4405214279, 205988.9949484745 297693.5348051784, 205990.3529607903 297703.6317657294, 205991.8915319843 297715.8368149991, 205992.4293135466 297728.0412002901, 205987.0540318471 297739.2431503452, 205995.4171523163 297749.8994901486, 206002.3232423601 297762.5518918067, 206004.4990901076 297774.0916938382, 206006.9488318561 297784.1893844874, 206015.1308146869 297793.5142741637, 206014.8505557926 297804.4977141684, 206023.6721089638 297809.7180462409, 206037.0455268975 297810.614546999, 206042.7684809133 297823.7099726077, 206051.7675692596 297835.4762493699, 206057.3083786014 297848.7934541022, 206060.8489714053 297860.1122959088, 206064.3002907288 297868.8793273585, 206085.3150358039 297871.0014403547, 206100.4147842095 297875.1166258072, 206112.6022901767 297880.5612127079, 206126.970865102 297889.5575602149, 206122.1480820891 297890.8856365477, 206108.9546464527 297893.0956119418, 206092.4872533263 297893.4173184291, 206083.1079845112 297905.9478611585, 206077.188168628 297915.1523701093, 206072.3588380561 297926.24369435, 206061.3411264528 297940.1045069967, 206056.7866991397 297948.3114350157, 206055.7781963439 297959.849116466, 206051.4044755851 297969.9422464805, 206048.3020767708 297983.5864948123, 206033.1944025686 297991.5644776991, 206020.4525468289 297998.9893349496, 206017.9869740932 298012.7449647617, 206011.9747649611 298024.2793170765, 206006.595721021 298041.3613831517, 206003.5831368171 298056.8917859447, 206008.4851945377 298072.9821846077, 206026.6681515031 298091.6331978949, 206034.9468203728 298091.9715672247, 206042.4032803865 298097.4128992685, 206049.5836034523 298107.6247208263, 206062.0395077327 298119.3933312084, 206066.0323343124 298134.4846401908, 206063.9295153999 298149.9046908914, 206073.2959619992 298156.0130073117, 206078.2009047628 298167.5546712173, 206080.3767060017 298178.8726072983, 206094.3808588643 298187.9796080966, 206103.9291969267 298194.0880796111, 206104.6549770339 298197.0841069289, 206114.4777289916 298200.9738594629, 206125.4868463147 298199.4280839524, 206120.3918284709 298199.9793561736, 206131.8572590508 298196.3259278222, 206136.6720345689 298206.5362135852, 206145.2201970828 298211.7564826333, 206152.3100934712 298220.8588685263, 206160.3116232102 298227.1882373892, 206162.9413502756 298239.7269083033, 206167.67996252704 298248.46833423426)"
TRAIL-034,금정로 8,금정로 8-7,206167.67996252704,298248.46833423426,206702.5326415816,298095.3272516938,129.06779515242127,35.28078776087695,129.073673,35.27940399999999,964.0966698520386,"LINESTRING (206167.67996252704 298248.46833423426, 206171.8457039718 298256.1529723424, 206179.6648586121 298263.0369630945, 206184.2988107448 298271.4720187285, 206190.114667332 298281.0173455675, 206194.1105581833 298291.2271018406, 206197.1967689905 298301.3252895133, 206198.9153052724 298315.8603714383, 206205.5511086058 298323.6311391431, 206212.0956206052 298331.8456322733, 206222.2871259168 298328.4133331561, 206230.4820260694 298317.9900804046, 206237.767275271 298307.4552606027, 206242.9585101735 298299.2488600545, 206254.3350428189 298292.489042662, 206261.5309820284 298279.6243184202, 206271.9983430234 298272.087271976, 206274.2675503574 298279.5222186383, 206284.5478729091 298279.3074802005, 206295.5634255237 298268.4424685184, 206303.9387100561 298260.4602167399, 206313.2243048019 298251.7019889101, 206325.8795812721 298237.8426250032, 206331.5265918495 298228.5271374515, 206341.1730301506 298224.2070239663, 206355.9993013213 298228.1005568922, 206368.5523486643 298230.3283226877, 206379.5585725318 298232.8878498009, 206390.2923353907 298234.7815225881, 206404.2085784455 298239.0073279448, 206413.7613842873 298238.4593829436, 206433.7844252961 298226.6024339603, 206443.4304395594 298222.9481042148, 206456.537818635 298213.3051869843, 206466.7357521174 298201.2193959576, 206481.1242590111 298181.2594732159, 206486.9525401261 298173.1646172561, 206493.4191012053 298163.073199998, 206499.0686484485 298150.5403915993, 206503.8077280898 298139.0054429118, 206504.2698060981 298129.0206545534, 206506.8242659727 298119.1483204674, 206513.7448102451 298110.3885952467, 206517.4824641252 298099.8514437232, 206521.5837936277 298089.6473940385, 206520.499365569 298079.5505440413, 206517.6874124988 298068.0101514351, 206513.4193367412 298057.1343836145, 206509.0590731538 298047.9227382039, 206512.1604659057 298036.6085061247, 206519.3550526889 298026.4066887924, 206527.3635595116 298022.9731581747, 206536.6486510237 298015.5465112707, 206546.842649341 298009.3409367308, 206562.0389847944 298005.1360332803, 206575.8724465539 297998.4893553264, 206587.7016628602 297995.6133917116, 206598.5336995347 297987.8551005458, 206625.1016846087 297984.5461904597, 206634.7377589033 297994.8712257798, 206647.2935959316 297993.6600610153, 206660.7596241311 297991.8948565167, 206672.3119237767 297994.4551423077, 206684.6843317792 297995.2409178873, 206693.8768756966 297990.1442254046, 206700.5239428711 297982.4938993822, 206703.8843580519 297990.2625989608, 206701.3289050394 298001.1333871719, 206700.0461567853 298013.3364703193, 206693.5764599519 298027.1998922072, 206682.3748108102 298042.6130551213, 206674.5423091897 298054.0346749628, 206671.4389964397 298067.6787120595, 206672.9774857882 298078.6634823957, 206678.1565233752 298087.6539220558, 206686.8869334183 298092.2091637625, 206692.248807786 298099.9793434907, 206702.5326415816 298095.3272516938)"
TRAIL-035,금정로 9,금정로 9-1,204502.3089446777,294891.0764923706,204425.1855764028,295399.9017118005,129.049471,35.250535000000006,129.0486263137764,35.255121616513115,966.6332789065418,"LINESTRING (204502.3089446777 294891.0764923706, 204489.8387183037 294895.0643142583, 204481.7369340846 294899.0543193034, 204470.719357305 294910.1433819397, 204459.7876683078 294931.6613508567, 204440.9430964385 294943.4122612734, 204430.9283488012 294951.1735094153, 204418.0949628766 294953.6080193361, 204412.7210219425 294962.7029010372, 204398.6101919558 294972.0154185544, 204389.5063487479 294978.223923252, 204378.3103528421 294982.3234637602, 204367.8448992649 294981.319891016, 204357.55974733 294983.8666645139, 204352.7298488838 294997.2887084109, 204345.1718101239 295006.3825787284, 204338.6155118091 295014.1455937423, 204323.0514755979 295017.688380082, 204310.7628835993 295023.0078791949, 204300.3868403929 295025.4437292454, 204280.4543653835 295029.2064010989, 204268.5333043344 295027.2037466537, 204253.1526915615 295027.8621641127, 204238.2294615602 295023.5282870242, 204228.1293694136 295019.7514167364, 204211.9329875164 295013.3090281255, 204199.3765372852 295007.6449763989, 204186.5470989097 295001.8698704622, 204171.8972792029 294996.537722916, 204159.7023608871 294996.1992641427, 204158.6101627493 294996.4206517748, 204147.4105256361 295008.7304232208, 204144.9492918415 295017.4939664428, 204142.0308879575 295030.9170003809, 204139.6558434428 295050.2203816895, 204140.7426444657 295061.7591838606, 204147.655127428 295070.6379734606, 204155.023295935 295078.0746899853, 204161.9331456871 295092.6116966801, 204169.1188609984 295100.935902853, 204166.3848151855 295109.2555345766, 204178.3954117526 295114.2536175395, 204180.5753652809 295123.3521359862, 204187.1248666446 295129.7899933621, 204189.7598918761 295138.7777799374, 204203.5037930837 295134.6791903758, 204213.5136917602 295136.4589774379, 204208.0504025125 295142.6693648063, 204208.2320537961 295143.4460661555, 204209.5014406629 295153.542675154, 204209.5014406629 295153.542675154, 204214.046844955 295164.0845930558, 204213.676402955 295177.8416315327, 204221.1340878484 295188.1630217449, 204232.8659688764 295205.0321901907, 204238.6832666772 295220.1234730967, 204245.6840869921 295234.2168089016, 204251.8667239928 295246.4236958187, 204259.1422977793 295256.7450328947, 204269.5133975128 295264.1832615149, 204277.4277067798 295270.8437216325, 204288.3392235329 295290.0424268248, 204297.5269325292 295298.0348527445, 204311.9023271012 295305.1422006313, 204323.2759205947 295309.3635571833, 204336.1936028551 295319.7986047399, 204340.1007301582 295332.4482429902, 204348.6502503217 295342.6593205984, 204359.9314362877 295349.6543112485, 204370.0318558458 295351.878097526, 204377.9464443206 295357.6510846445, 204390.7735833204 295366.8657691457, 204402.5097815355 295373.7500892011, 204415.6131930948 295376.1972812113, 204421.3415145843 295386.2961045669, 204426.1594030052 295397.1711026342, 204425.1855764028 295399.9017118005)"
TRAIL-036,금정로 9,금정로 9-2,204425.1855764028,295399.9017118005,203769.01144641876,295778.9749974029,129.0486263137764,35.255121616513115,129.04141766027936,35.25854105700041,966.6332789065133,"LINESTRING (204425.1855764028 295399.9017118005, 204421.0561764721 295411.4805465477, 204416.4109677693 295419.6882261881, 204409.1267698524 295427.6727292178, 204399.5687922812 295432.9934432927, 204392.4664651731 295441.3108843592, 204384.9976599704 295454.7316370638, 204383.7168824113 295468.5991783247, 204378.9785286453 295481.3555901676, 204374.332588115 295491.2274714562, 204370.595505893 295503.5405917898, 204367.9490721634 295518.7388193272, 204360.0266394437 295529.4966871928, 204354.1066019193 295539.5898552587, 204354.4661728765 295548.7984898537, 204352.094817534 295559.7809334832, 204346.5382302987 295571.0946805734, 204355.6305870132 295587.4080227624, 204361.9968726807 295595.3991582429, 204348.8894915003 295601.8276668669, 204339.3340787386 295602.2668526241, 204327.9615528414 295596.6031847584, 204314.8558406471 295599.5924384632, 204294.9253117319 295601.9127915153, 204284.639781515 295606.7895010037, 204274.1724163146 295611.3333001984, 204263.8871175481 295615.7662521568, 204258.7059281456 295603.2269860391, 204249.1535484777 295597.2314398341, 204235.2285340748 295600.8860955981, 204235.2285340748 295600.8860955981, 204222.6620757907 295618.4095734991, 204214.7414565518 295625.8392110381, 204205.4601139728 295624.0597597346, 204196.3631421195 295617.1769186272, 204188.9020795479 295614.8436036039, 204178.2540002451 295616.7247423085, 204164.6962231233 295613.5010665529, 204157.5011587618 295626.367409718, 204146.4873105227 295632.1315039728, 204138.0230949709 295634.4574742166, 204128.1940634183 295636.3390472055, 204117.5474888731 295635.0028436688, 204111.2651995517 295641.9895376721, 204098.1583669061 295647.7527385155, 204086.6029414288 295643.864416549, 204076.5896747224 295650.7385021388, 204065.4877030231 295650.2897170331, 204055.3860982346 295651.283683939, 204058.8404123218 295659.6061352467, 204056.6513979522 295670.6996849861, 204045.8200680948 295675.5764215223, 204035.4438546111 295680.231483722, 204022.7006360291 295687.1044100552, 204016.0582015076 295685.6591648428, 204002.2248124717 295688.4266580483, 203990.3943361311 295689.1980410652, 203984.5710541284 295687.4203449349, 203975.38175631 295683.3113184697, 203964.4634776045 295679.0905970143, 203954.1821482653 295674.9811129471, 203946.3588599558 295668.5428622946, 203935.4418066872 295661.4375980341, 203925.2521686236 295655.6640070835, 203912.9672261054 295655.1039501066, 203902.5019738516 295655.3213131511, 203882.4811506198 295656.5330838705, 203870.0139187936 295656.6386789231, 203860.0921171416 295662.8473716381, 203847.2554547764 295675.7115530173, 203839.2441938641 295683.1414813793, 203828.5900608524 295699.6678135529, 203825.2188454379 295709.5405199419, 203822.1195127589 295722.0760308582, 203812.471941674 295725.6222042983, 203807.9168109106 295737.713324628, 203801.8158996096 295746.9192178093, 203790.5299368343 295751.4632333638, 203785.1573338652 295760.0037715748, 203776.236799486 295765.9910861175, 203768.0436766877 295773.4210024259, 203769.01144641876 295778.9749974029)"
TRAIL-037,금정로 9,금정로 9-3,203769.01144641876,295778.9749974029,203424.24525783036,296159.9592936535,129.04141766027936,35.25854105700041,129.0376306133653,35.26197627540587,966.6332789065449,"LINESTRING (203769.01144641876 295778.9749974029, 203770.1316789999 295785.4039710822, 203764.5760519753 295796.4961885334, 203751.559881713 295804.1460018059, 203741.7307940883 295806.804612906, 203730.0818536532 295809.1296468986, 203719.5250080116 295811.2332548928, 203709.3297058961 295819.3280726489, 203692.7630423445 295830.8596007068, 203682.2036526595 295839.2871364735, 203674.5564897234 295847.1611422402, 203657.3591712263 295843.2710745802, 203644.6189779477 295843.9315966955, 203630.6043483 295845.7010779451, 203609.8549689825 295849.4649030694, 203597.3927353877 295837.6997232673, 203588.5710718883 295824.3827717387, 203565.2732779098 295829.144195179, 203549.9823356516 295836.793401399, 203539.0593928723 295844.4443440667, 203535.8693303955 295857.4237010571, 203529.7681702388 295868.1830141063, 203519.5744861431 295872.7277956512, 203510.2908466186 295877.1619970164, 203493.8165297083 295886.1421831795, 203479.6208094741 295885.8038668309, 203471.1585817322 295884.0254848547, 203456.7837467248 295876.1428512421, 203449.5921459377 295883.1296591558, 203444.4003761644 295895.7754486428, 203439.756599666 295903.2070180256, 203433.3834743731 295911.6364405553, 203424.7359827842 295918.5117698734, 203406.7168169597 295922.2770974855, 203397.1635430279 295918.0575752506, 203384.5133924343 295921.6030775155, 203375.3249730083 295915.053862515, 203366.5000805753 295909.72519141, 203358.0411531148 295899.0712877638, 203348.3963394216 295896.1831275813, 203337.9336770513 295890.1882053972, 203330.5661548583 295880.977020904, 203324.9274385301 295872.2102602518, 203309.1886474676 295861.1099446068, 203299.1803883183 295856.5575237721, 203276.3373039212 295862.7621481747, 203271.6034936306 295867.8639184301, 203286.3352735676 295895.6056056773, 203292.9757280866 295902.3756912283, 203301.4365135457 295908.1479387167, 203305.0764657624 295908.1492699949, 203310.7147721691 295918.0254721957, 203314.260301842 295927.3461830469, 203320.9891405068 295941.1058800186, 203325.080354844 295951.2034137042, 203331.5370648625 295962.5222207395, 203340.4545658527 295963.4130775759, 203347.7310535661 295972.5132922383, 203346.9099733176 295978.1712018961, 203343.174492588 295990.4847548182, 203342.2598322601 296003.1321890904, 203345.4405650914 296014.4497952553, 203351.5330902761 296026.1013189786, 203354.0764087989 296038.5281458968, 203355.7102825372 296049.5123458049, 203362.4402885916 296059.7218244054, 203364.7111697971 296070.5953181062, 203368.8928182223 296081.9133066911, 203377.1688621317 296094.4532268874, 203381.3514392626 296103.2194779626, 203388.8100162371 296111.6541236, 203398.7249883493 296121.4210443804, 203406.8192544893 296133.1843063736, 203415.4591004181 296145.9462907812, 203424.24525783036 296159.9592936535)"
TRAIL-038,금정로 9,금정로 9-4,203424.24525783036,296159.9592936535,203872.9990800223,296833.8433874763,129.0376306133653,35.26197627540587,129.0425653517735,35.26804865325519,966.6332789064983,"LINESTRING (203424.24525783036 296159.9592936535, 203425.8264203256 296162.4810825935, 203434.3768606849 296170.9161809716, 203440.5616830183 296178.5737681607, 203448.4746563752 296188.2290367793, 203459.1191892614 296193.4475419543, 203470.4035375261 296191.2329631053, 203481.9582271278 296195.8971179959, 203495.6080856445 296194.6819916851, 203505.3433571596 296198.0141275368, 203515.5323914703 296204.4529220779, 203520.2654716094 296201.1264034604, 203529.9992959978 296208.1197640012, 203539.0974831568 296211.6735781613, 203558.202131675 296222.997517682, 203568.8466479812 296227.9942617451, 203578.3988544073 296233.8781488601, 203592.954783808 296242.3157801879, 203608.2402890277 296246.6487460174, 203620.6149958343 296248.3178801727, 203643.2724874975 296249.2145559097, 203666.199898039 296257.6556868182, 203681.2119947593 296262.8762287358, 203692.492500507 296269.9813413379, 203701.0419990425 296279.8589841377, 203711.3223437939 296284.9666929234, 203721.1477478425 296289.9632805602, 203731.8834110761 296294.1836370479, 203743.2565802857 296297.0729253937, 203759.9980232974 296300.9629705429, 203773.8281279344 296303.6314298945, 203787.475676453 296307.6311790828, 203795.9349268893 296315.4009113323, 203804.845630004 296331.4917495893, 203823.0361313233 296351.3586659219, 203825.8528196434 296361.1230577204, 203832.3096914861 296369.8904856468, 203838.0311950564 296396.0760409925, 203839.5739871784 296405.7289509672, 203843.8426199789 296424.7024392842, 203848.0241653918 296434.4674202056, 203847.4716809748 296449.7776578083, 203847.8292721928 296464.7554471641, 203846.5536187553 296468.8598857232, 203849.7374806745 296470.969206295, 203849.5511903761 296481.065163945, 203847.4531979501 296493.1573253836, 203853.8105331147 296521.6730215041, 203857.535638148 296534.7661776807, 203859.8059452715 296545.3069677826, 203862.8039005796 296556.5137427317, 203869.4412021867 296568.4986960301, 203867.6121876045 296589.9103900152, 203863.2403024374 296599.8936118884, 203858.8685217459 296609.6549450885, 203857.2234192027 296626.6289015406, 203853.3065679297 296636.5013776363, 203852.2097477294 296648.0392405864, 203854.2972447781 296660.4660264997, 203855.383407563 296673.8908949837, 203858.6532078566 296687.6495332669, 203862.4697024005 296699.6332788785, 203867.4693511945 296710.9518600216, 203871.2850154811 296724.8216830111, 203873.9174590769 296739.4676187261, 203874.5482506331 296753.779859855, 203875.7261715951 296765.3186984013, 203873.2651059657 296775.4136838675, 203872.986853293 296787.7285164816, 203875.7112178821 296800.1555832215, 203870.4294803805 296810.2493596351, 203875.52080926 296819.7928581794, 203874.06040533 296830.4430014124, 203872.9990800223 296833.8433874763)"
TRAIL-039,금정로 9,금정로 9-5,203872.9990800223,296833.8433874763,204374.5538753943,297565.7103942447,129.0425653517735,35.26804865325519,129.0480814764588,35.27464321843732,966.6332789065386,"LINESTRING (203872.9990800223 296833.8433874763, 203870.5980475779 296841.5360686964, 203875.0528143493 296850.1917303815, 203877.7789677936 296858.402869697, 203880.5048778502 296867.1687374751, 203886.5981418823 296874.1609266436, 203882.4074920204 296886.1412408905, 203886.0428480675 296895.9060116243, 203901.775625748 296915.106374287, 203910.6901120195 296920.6575079439, 203923.3334305833 296930.0933638759, 203929.0627134514 296936.9744787601, 203933.33786528 296939.9718698177, 203934.8801231342 296950.4014227262, 203940.0616150245 296961.4982367645, 203943.4216848833 296976.3664068178, 203944.6904277577 296988.0162435649, 203946.0494762739 297001.2193578758, 203947.7719377916 297015.6430326414, 203955.7746219135 297025.2987986814, 203965.4164762783 297031.7378706495, 203980.1523409594 297041.0637817682, 203989.9759886797 297047.8357969848, 203998.0683580689 297060.2652797404, 203998.2497920044 297061.4857612663, 204007.5267917371 297069.8107916417, 204017.9868525221 297077.5816302982, 204026.2629116619 297086.0171803251, 204032.7172358804 297098.8897468634, 204037.807783451 297109.4318512573, 204052.7222821326 297125.747533144, 204063.0900044389 297136.292022766, 204073.4593544711 297143.175321195, 204083.3744095675 297148.6161336273, 204092.4696208393 297156.1645513208, 204101.0201094979 297161.0500369011, 204113.0279105009 297166.2699418277, 204123.6695888132 297174.3738238129, 204133.9490822508 297178.5944571858, 204143.3195211025 297181.0395557057, 204153.1434556022 297186.5913489496, 204167.7902439765 297190.8140311468, 204177.2509281885 297194.8124448336, 204181.6137266035 297204.5776762998, 204188.6121138422 297220.7789767402, 204190.5180217245 297231.0978012902, 204203.0678714177 297244.3061611661, 204211.9773957735 297259.3989147825, 204218.7965674148 297269.49814845, 204219.5185365491 297282.1462843674, 204222.0615495077 297291.9106863826, 204219.6006538569 297301.1180209427, 204217.9568110336 297314.2088342521, 204219.0431305279 297325.9695763506, 204216.3086720637 297336.5081317398, 204213.2072276814 297353.5923079983, 204221.7523792073 297369.3505775437, 204219.563730798 297380.1112791246, 204225.2918268475 297388.4348798141, 204228.5621540974 297399.3090819299, 204236.200054383 297409.4087145794, 204246.0212826429 297420.0641086825, 204256.5670596579 297437.7094298388, 204262.474956119 297450.4709649253, 204263.5621965061 297460.1237482981, 204265.4680201178 297470.3316468785, 204272.1054263008 297479.5432733327, 204282.4738014741 297487.3143807722, 204289.3846534124 297495.4166935538, 204291.2905985313 297505.2917613117, 204299.4758198133 297512.0633402831, 204305.8378314192 297526.2674149946, 204319.7553411938 297532.154183605, 204329.7623462165 297534.3778908872, 204341.8588998341 297542.9265159652, 204350.3181187291 297547.368414704, 204362.41538613 297554.3638287958, 204372.418164319 297565.2413422054, 204374.5538753943 297565.7103942447)"
TRAIL-040,금정로 9,금정로 9-6,204374.5538753943,297565.7103942447,204672.5409573068,297332.5238539426,129.0480814764588,35.27464321843732,129.05135537613114,35.27254006345896,966.6332789064915,"LINESTRING (204374.5538753943 297565.7103942447, 204384.0626357857 297567.7987401379, 204381.2407909251 297570.6819570324, 204383.1454343304 297582.9978492273, 204388.690747481 297592.4309243291, 204393.869799825 297606.6344880008, 204393.6820581224 297618.505582202, 204397.2171523057 297645.5780453681, 204397.4802590636 297665.7702849169, 204396.3828659743 297677.3080999843, 204392.6466524928 297689.6212505211, 204383.0873587026 297702.5972473521, 204374.5273734383 297718.6802177162, 204368.7001064127 297727.9968323561, 204368.8734753352 297745.7482250418, 204373.8731981969 297754.4044096121, 204374.4189181444 297754.7375111209, 204378.5976568231 297767.8311279854, 204385.2339737161 297778.5960812854, 204390.0473320146 297796.2387855805, 204394.0453116408 297806.780571634, 204406.6818998842 297826.4241200346, 204412.5984409705 297820.5468887466, 204412.422176749 297808.8975047586, 204415.7027636453 297798.0264313115, 204424.8078655124 297783.4970049445, 204426.7232864129 297773.6237779256, 204435.0991719001 297761.9785926119, 204444.83989201 297750.1121958716, 204451.8504057364 297739.9086480481, 204463.3215013727 297724.6038091127, 204471.1550030466 297706.0797578067, 204474.6195844191 297691.3256998183, 204474.2619854064 297678.5667701435, 204475.1800459736 297661.9253746561, 204476.2778167251 297649.8328411353, 204479.1947776637 297638.628775833, 204489.0283253508 297623.4341048396, 204498.4034038433 297615.4506843583, 204502.6840776312 297606.3552744229, 204506.0541113386 297598.9235968861, 204507.8765725932 297593.2662782256, 204508.7914893133 297583.0597346701, 204515.2586988769 297568.0853038154, 204530.2741956567 297561.2141966674, 204530.8261585259 297549.1213975588, 204539.8415506993 297532.9278622132, 204540.5740421939 297523.719741817, 204536.9382537623 297516.728337955, 204547.6778902745 297509.4113295009, 204553.9579899979 297504.8657241055, 204552.5076378527 297494.2142107272, 204541.9554713588 297490.5476889642, 204530.2202401249 297487.435313971, 204516.1228858989 297477.443142514, 204509.2084548572 297476.8849577285, 204512.3995152341 297463.5730757195, 204521.2273249517 297458.6958848345, 204532.8779088023 297449.2713485459, 204542.3435201614 297442.6193685173, 204551.8093692505 297435.5236160465, 204555.363489435 297424.0980087389, 204563.4643335693 297417.5563080735, 204562.7415677224 297407.4598904304, 204561.3812408494 297398.6944983473, 204569.9367505945 297392.70776158, 204581.221789201 297386.7224177509, 204590.9526672965 297395.3811201786, 204601.782570863 297389.8393530629, 204613.1575976419 297385.8511162839, 204626.2647981313 297375.0960982474, 204631.1820909631 297366.9995890265, 204651.4795522032 297351.4776376927, 204660.4904891233 297344.7146023439, 204669.228027247 297338.8389995777, 204672.5409573068 297332.5238539426)"
TRAIL-041,금정로 9,금정로 9-7,204672.5409573068,297332.5238539426,204630.3724192973,296610.1319415683,129.05135537613114,35.27254006345896,129.0508878347779,35.2660290304908,966.633278906548,"LINESTRING (204672.5409573068 297332.5238539426, 204673.4174450377 297330.8530828825, 204680.9724360772 297324.5330969856, 204689.5302279278 297314.4414873834, 204696.0857972987 297305.458300382, 204707.4586580331 297305.9080061525, 204719.196152547 297305.0265694772, 204732.2044116847 297309.9149861067, 204744.3937949682 297314.8029911384, 204752.7687629544 297306.4864752735, 204759.0511541936 297298.0579182499, 204767.2468764567 297284.637823299, 204779.2652299893 297268.8899011219, 204790.5517987508 297260.5749626429, 204805.112381876 297255.0354205987, 204811.6679320107 297246.3851548879, 204812.1310197933 297231.0749081477, 204818.6881337001 297219.5400629677, 204826.4257061561 297212.4436777873, 204836.4403713685 297200.7997493019, 204839.5461400811 297177.9466204999, 204833.9091649468 297170.1774087895, 204823.4524614215 297157.6349638339, 204816.4533286801 297144.8724840543, 204810.8222841393 297125.897786002, 204804.8282726755 297105.0368239354, 204802.3830202648 297083.6230256527, 204794.8359330925 297074.5214767918, 204788.1075974335 297065.6422597251, 204772.1984507272 297039.8944631588, 204760.3750592318 297030.4578477339, 204747.8198331311 297028.4542161921, 204745.9145188252 297018.1352765423, 204738.4605203342 297004.8178933076, 204734.0992740324 296993.0553755828, 204725.3696630413 296983.0657017722, 204714.1842233123 296971.4105705563, 204706.2745619924 296959.3133781754, 204705.9180110311 296945.1121611445, 204702.829203017 296935.9020707201, 204697.8310145085 296924.0282945485, 204688.4673716165 296908.2691591903, 204682.4698249406 296893.399343425, 204674.7404796645 296884.2978034581, 204671.0185410272 296867.6540457293, 204675.7638809464 296840.8076814522, 204672.5872320542 296825.3846074631, 204668.5910336486 296811.1815120144, 204663.5019128295 296798.9748736274, 204664.9600431447 296794.5378056899, 204679.703567311 296788.4434310631, 204690.9871277781 296786.8960489216, 204702.8168631532 296784.9051832244, 204703.3727434464 296765.8228421733, 204712.207301965 296749.5184564955, 204719.8554201079 296740.0920818238, 204728.957601386 296734.1057862931, 204725.68902763 296720.5687216553, 204721.9635755225 296710.6926215805, 204691.13449111 296678.3914074673, 204660.7575086753 296651.194027094, 204652.2135838297 296633.216449394, 204643.755310244 296625.5568558568, 204638.4823005293 296616.789451066, 204630.3724192973 296610.1319415683)"
TRAIL-042,금정로 9,금정로 9-8,204630.3724192973,296610.1319415683,204667.1313995839,295802.0764353284,129.0508878347779,35.2660290304908,129.05128722688926,35.2587455000373,966.6332789065258,"LINESTRING (204630.3724192973 296610.1319415683, 204628.2045628829 296608.3523193697, 204624.5703472706 296597.6996896623, 204613.6627737662 296575.283120133, 204606.0247009435 296564.9612900797, 204603.7560049748 296552.9780202976, 204604.8555508539 296538.0009402413, 204607.7782363392 296516.5899527889, 204621.2491852168 296508.7197076244, 204622.9829893668 296499.068338322, 204612.5262340701 296484.5291332758, 204606.6198386391 296468.5499697434, 204598.2570542717 296451.6819955484, 204592.7118210852 296441.1393538571, 204582.1584954115 296437.3618466535, 204567.7832646239 296433.9152541417, 204553.5000794059 296428.3607670991, 204547.6819662091 296417.4851795377, 204544.3203922501 296407.165559122, 204533.0411724152 296399.1718167943, 204525.401023393 296392.5112571461, 204525.3178687536 296376.8679057969, 204527.326024125 296364.3320757883, 204529.2455834466 296347.025547538, 204532.894213929 296329.3870515391, 204529.7167498112 296314.7406579538, 204533.4513206661 296307.1982416293, 204533.1775565739 296308.7513404449, 204535.0931271336 296299.4328848125, 204536.0080913493 296289.4482543956, 204541.3821509966 296278.8001928996, 204543.7542193957 296266.4864422044, 204541.5759139871 296255.3908026026, 204536.9385528175 296248.6207999789, 204538.8559800174 296235.6411475465, 204538.5916917143 296218.3335271981, 204534.8688909044 296202.3555150756, 204535.2395602586 296189.0422499055, 204531.6962283805 296178.0568740336, 204526.1532510604 296162.5217350189, 204522.4281271633 296151.0924904612, 204521.071568358 296134.3390530405, 204516.6186195787 296122.5766108114, 204510.0744509429 296107.3738186202, 204508.4452592532 296089.843630217, 204515.3669654323 296077.9759295287, 204520.9230649512 296067.4388954907, 204523.0217238631 296056.0125695656, 204527.0311118785 296045.0309834993, 204528.0351986808 296038.8185443536, 204533.0461866476 296026.6170640481, 204538.1462904173 296018.1877750344, 204541.4386655611 295985.4605383113, 204544.5417543596 295967.2670550272, 204549.0965271424 295957.6170992175, 204553.0157189834 295945.1931907293, 204552.2040584889 295930.658936128, 204550.0265200114 295917.899119812, 204554.6740566977 295904.8099074313, 204563.4128612705 295899.0451588934, 204572.2445855817 295889.5083230356, 204569.5215196237 295875.8606636218, 204566.8873690176 295866.3180290909, 204566.8873690176 295866.3180290909, 204662.2752452857 295826.3154858081, 204666.4675914726 295814.002715032, 204667.1313995839 295802.0764353284)"
TRAIL-043,금정로 10,금정로 10-1,201724.2161597861,298442.0384071013,202389.10782144268,298771.7988030896,129.018953,35.28255,129.0262626086946,35.28552089994746,876.4711145790958,"LINESTRING (201724.2161597861 298442.0384071013, 201726.579320559 298453.2443811748, 201727.8508840286 298464.0063639078, 201731.0329610967 298474.3249302045, 201733.3959557443 298486.3075269782, 201735.4849591637 298503.8373605716, 201739.3030299309 298518.261046466, 201743.8497677328 298528.0251523806, 201750.943806028 298537.3459715253, 201756.1263553926 298552.1027674924, 201761.6732306454 298564.5297764147, 201765.9467445676 298575.6251902623, 201770.6751940607 298586.2769124299, 201776.7687321376 298594.2662069874, 201783.9524495831 298609.6890892436, 201790.7723668896 298624.5571764097, 201796.0459930329 298638.2045573997, 201804.3217840759 298651.1868667776, 201813.1448041851 298657.0687627131, 201817.7831899975 298662.7279317586, 201822.6027276135 298672.2702429088, 201833.427547927 298675.8227015688, 201841.7046772718 298681.8154605755, 201850.2539799801 298691.3585488229, 201855.8917702368 298703.009016362, 201861.8934966503 298714.3267252952, 201872.7182050076 298718.1011229515, 201885.726218026 298721.7650438234, 201896.642600836 298722.1001692296, 201908.8316066305 298726.9843552636, 201918.4750102189 298724.4346467668, 201930.8474137222 298722.4402611983, 201945.7668279284 298721.2230621535, 201957.0471631671 298721.2255016926, 201968.0543692906 298722.2264080656, 201984.4283644841 298725.3364769993, 202000.5299784411 298726.0057073854, 202016.2674357582 298727.8952890738, 202028.0025896536 298728.0088647802, 202040.1920683514 298730.4524205495, 202056.1125626946 298727.4604973251, 202061.0256222623 298724.5770270513, 202076.3080132752 298727.3541760356, 202085.9510278939 298726.690725234, 202097.0497250092 298725.3619480497, 202105.7835829153 298722.3684451138, 202120.7944608526 298719.1545321652, 202134.8038602954 298719.3797273949, 202149.9058562412 298715.6111553741, 202164.3710710308 298711.8424558762, 202174.1970657128 298706.9632024356, 202181.565039765 298709.6276802667, 202191.5697538096 298718.0619864165, 202201.484209608 298723.5007447666, 202208.760105391 298730.6030550237, 202218.9464384601 298740.1468944584, 202229.3143339571 298751.133086046, 202235.1350491268 298756.6818170049, 202241.6826078156 298765.8919444184, 202253.7806751491 298769.6671161008, 202265.7895733225 298766.2308031807, 202280.7092691601 298763.7937539217, 202292.5355688071 298763.0201301754, 202302.6332699778 298762.911755565, 202312.7312557625 298761.6939341144, 202326.2859918332 298760.9207977859, 202340.7504307884 298760.1479177654, 202353.3945160709 298763.0357980881, 202369.1315731663 298765.9245077181, 202381.8662305407 298770.2547474632, 202389.10782144268 298771.7988030896)"
TRAIL-044,금정로 10,금정로 10-2,202389.10782144268,298771.7988030896,203203.12353715856,298602.5336137839,129.0262626086946,35.28552089994746,129.03521013081019,35.28399296999355,876.4711145791149,"LINESTRING (202389.10782144268 298771.7988030896, 202393.3277972397 298772.6985884352, 202405.4280103989 298768.153027292, 202418.6191920117 298766.1595286942, 202428.8985027691 298767.2717481299, 202441.7252404319 298767.3861558607, 202455.188858222 298767.1679176274, 202468.4723578076 298760.2929008013, 202477.3882760337 298757.1888613184, 202486.1234829133 298749.6469479966, 202496.2224906406 298744.8790658985, 202503.8650657895 298740.9980797128, 202513.6926034348 298731.1266342181, 202523.8829271964 298725.249350444, 202537.8948663837 298716.3776152388, 202546.8121045016 298708.8358122536, 202558.7303822109 298704.8451347139, 202571.6493476645 298700.8547580738, 202587.6603736715 298700.1936605567, 202599.1233480364 298697.8670930444, 202611.4063490308 298691.1029448517, 202622.2337708346 298684.5602819373, 202635.0612394375 298682.5669941772, 202645.5235689773 298680.2401934819, 202656.6219488458 298680.4653458231, 202667.4465628686 298683.5750219928, 202684.0030227022 298684.3565522271, 202694.5553066289 298685.4691553156, 202714.8414968083 298686.4737483125, 202729.7598688947 298689.2518944621, 202743.0409270571 298691.47483834, 202762.0517760801 298698.1373864713, 202772.6953459404 298698.1406507688, 202782.4306458468 298693.4839232481, 202797.8083799759 298681.6174760985, 202810.0005813381 298674.8535700997, 202831.5623251216 298669.6458573087, 202845.2098947105 298663.5481306461, 202858.038988906 298656.6735447146, 202872.5070317755 298645.2507205147, 202884.4263180831 298638.8196658936, 202898.5285060402 298633.7206776665, 202910.2647383168 298630.8398642448, 202924.9124582005 298626.7396054988, 202938.1034923167 298626.1891618986, 202954.1152956993 298623.6426360975, 202964.4865131018 298622.2037419074, 202974.3123073036 298619.5442759818, 202984.411095207 298616.6630194361, 202993.6013520404 298610.2312070118, 202999.4265565527 298601.1355855645, 203005.6132947446 298599.1406197053, 203017.5324772475 298593.4863617713, 203027.8117998317 298594.932100492, 203039.0001263054 298598.4861272666, 203049.9160914993 298600.3758888333, 203067.1080024579 298605.485222928, 203080.3900860215 298604.8240724501, 203091.2170016736 298601.0556176103, 203105.5920136537 298596.7336671872, 203117.3287436682 298592.7436652677, 203127.062912881 298592.1923043047, 203137.340252254 298599.2964030952, 203158.8081709317 298603.2979415969, 203170.9963435032 298609.0713983185, 203186.190164882 298604.6389181831, 203203.1116359586 298602.5369386505, 203203.12353715856 298602.5336137839)"
TRAIL-045,금정로 10,금정로 10-3,203203.12353715856,298602.5336137839,203925.83255419787,298537.0014807502,129.03521013081019,35.28399296999355,129.0431541482808,35.2833997288803,876.4711145791216,"LINESTRING (203203.12353715856 298602.5336137839, 203228.4952665752 298595.4454532885, 203239.3234105101 298588.4597482652, 203250.425845578 298577.701997818, 203251.6034829603 298591.5706474545, 203267.2493804167 298595.0156188584, 203277.6162078758 298605.892067387, 203288.3506968422 298606.3397560666, 203298.6295966983 298608.784315496, 203308.9093046633 298609.0099707869, 203317.5515236431 298609.2350356115, 203327.4672215874 298609.7934156471, 203325.3733216525 298614.0085844774, 203318.0004254351 298625.433288806, 203315.6299096674 298639.7444271733, 203323.8116030096 298655.2798512024, 203333.905994866 298664.4920779206, 203349.2798923011 298665.0525003493, 203359.2857132257 298667.7189194591, 203369.9279521053 298671.3840997093, 203380.1172810647 298669.8346693673, 203412.4145775101 298662.968184829, 203421.8764493731 298660.6419058434, 203432.792723945 298661.3117270471, 203445.6190500813 298662.8698571633, 203456.2620246552 298664.5381147778, 203466.9965631105 298664.653178666, 203475.6398361088 298661.9938040936, 203488.829909402 298663.884973216, 203500.0199919653 298662.2251194256, 203516.303766644 298662.3423961258, 203526.3996019271 298667.3388978881, 203536.7690781463 298670.4494392872, 203544.1345889779 298678.4404284207, 203557.0518863211 298679.8878069308, 203572.7908575739 298677.3422711126, 203583.1622448419 298675.5712504505, 203593.0788257045 298673.6891147711, 203600.0863763474 298666.7023210961, 203606.0936993887 298658.6056749363, 203617.1947070636 298652.2862064141, 203621.9256522395 298651.178645941, 203627.385126157 298648.1853018631, 203634.6663519847 298639.423512192, 203641.4015398747 298631.2162372063, 203645.7734547227 298618.1263963583, 203650.8696988775 298613.5796784675, 203661.7881297564 298609.0353242611, 203673.0687872259 298608.5961257832, 203691.1773984695 298595.733800919, 203699.7325613274 298586.4178564644, 203706.6502474667 298577.1012474549, 203719.8408084828 298577.9942418496, 203739.9470240117 298574.5632326095, 203751.4081503028 298577.7854185127, 203764.9673151385 298567.3621596784, 203772.9757743409 298560.3759187783, 203781.8019723596 298555.8308354345, 203797.1802297307 298546.406900054, 203809.0963260561 298549.4074589235, 203823.1992717324 298544.088024434, 203831.8429068818 298541.0961540045, 203842.850457502 298541.3227265598, 203860.7747481061 298534.8955209406, 203869.9647621419 298530.6835169886, 203888.2528874119 298524.4784136477, 203897.2586799813 298525.5917566496, 203909.7197398533 298530.5897081495, 203923.7285698289 298532.703758868, 203925.83255419787 298537.0014807502)"
TRAIL-046,금정로 10,금정로 10-4,203925.83255419787,298537.0014807502,204540.58124083743,298492.6097306136,129.0431541482808,35.2833997288803,129.04991143691328,35.28299700850516,876.4711145790665,"LINESTRING (203925.83255419787 298537.0014807502, 203928.4549304292 298542.358100257, 203914.5301582969 298556.2202747569, 203924.8963958482 298566.7646294745, 203940.5456173984 298562.1117257383, 203956.1887263391 298571.43801852, 203970.5595636193 298577.6572959303, 203980.7483192371 298577.8836765268, 203985.7502058107 298581.4361504865, 203994.0277619109 298583.4368351265, 204010.0416668039 298577.0090802015, 204025.0537645562 298573.1326604939, 204032.5165385909 298566.2573520417, 204040.4333399395 298561.2683318782, 204051.626939775 298552.2867402135, 204055.0822865456 298555.8385582267, 204063.723339572 298558.7270365514, 204077.5521011305 298556.5143585498, 204086.7435512829 298549.3070389139, 204095.1181789796 298537.8834172661, 204105.6718753675 298535.8911883121, 204115.9494206743 298540.9993774542, 204124.9552196731 298542.00200198, 204124.6779416101 298551.5432148729, 204131.0423366428 298559.5342246453, 204150.8754261652 298556.9915723178, 204160.2461679399 298555.6645379416, 204180.3471538437 298563.9947635327, 204190.2633644478 298563.4446337262, 204202.0003606626 298560.0107713515, 204208.4616554661 298555.1321666743, 204212.6491187864 298549.2539925399, 204211.6512726333 298543.1515071481, 204216.8378318434 298540.7131215223, 204222.1195708844 298529.2881728677, 204227.5770830218 298531.0658609551, 204227.5770830218 298531.0658609551, 204234.7644736343 298529.8488271533, 204242.2211323891 298536.3981323153, 204256.231812337 298534.4077052467, 204265.6000234103 298538.51712378, 204273.8781877597 298539.1867155862, 204281.7021737967 298538.4138039272, 204294.9829685656 298540.8609231713, 204298.5261838627 298550.7367876257, 204294.4276309702 298560.8309052695, 204303.9797521787 298560.7245104097, 204315.8981559427 298558.5112866168, 204327.542319033 298559.071592419, 204330.1821070189 298555.7444843286, 204334.4575839884 298556.1903202588, 204337.8233393232 298556.6357208524, 204348.6485406028 298557.6394435017, 204351.9241251937 298556.4206186719, 204357.2943734174 298550.4321362075, 204367.5742302516 298550.4371058963, 204373.4871533819 298550.994698817, 204374.9410945604 298554.3237780598, 204379.1222059037 298561.7591758137, 204382.9400690228 298567.8630493427, 204390.4894502182 298570.5294189806, 204403.042988262 298571.7559396628, 204412.9587702046 298572.0936209063, 204424.9684299108 298569.3258566533, 204432.6100774521 298569.3296071429, 204438.7013263577 298577.2097545309, 204447.4331538301 298580.2095910631, 204454.5304396121 298577.2175546882, 204458.5349580469 298573.6692661561, 204468.8147885223 298573.6743512049, 204479.2739744945 298578.8939905733, 204485.4554862554 298588.1055643848, 204490.3667491687 298590.5488151171, 204493.1920673103 298580.1213141778, 204504.744666098 298581.7912613461, 204506.4732424337 298581.5702327986, 204515.7508743016 298584.5704080925, 204527.1247479504 298579.8054367751, 204534.9455426241 298585.3566549669, 204542.8646163993 298576.3740266268, 204541.4154309616 298563.7254735756, 204542.8764575073 298552.8535187278, 204546.5231139126 298537.4338867697, 204547.8939052779 298525.1195921017, 204545.5315278822 298519.3492195196, 204541.718277016 298504.2586691549, 204540.58124083743 298492.6097306136)"
TRAIL-047,금정로 10,금정로 10-5,204540.58124083743,298492.6097306136,205212.5548791458,298275.94937929255,129.04991143691328,35.28299700850516,129.0572965948754,35.28104088684852,876.4711145791454,"LINESTRING (204540.58124083743 298492.6097306136, 204540.451191212 298491.2773718702, 204536.8195310941 298476.8525904419, 204530.9116385057 298466.1988249413, 204532.7368948935 298454.6613781032, 204533.7437309459 298442.4578458123, 204538.6583523839 298438.3553217064, 204550.2218652691 298418.7237387886, 204557.0522181977 298404.1932862831, 204560.152106351 298390.7704112829, 204567.7978362324 298383.008072712, 204579.0865343753 298367.3704374613, 204584.5500489626 298357.3880905347, 204594.1071901995 298347.8516132384, 204594.3824287072 298343.3029761846, 204605.6678251794 298334.3221202405, 204618.2272271584 298324.6762556833, 204626.236847367 298317.1360450159, 204636.8855428681 298308.0439562115, 204649.6252493987 298301.726601615, 204667.63984566 298298.6294193274, 204676.4674411354 298292.753863204, 204686.3862277272 298287.8773943249, 204696.3045054343 298283.9994480881, 204711.4992787057 298280.2352117237, 204726.3308040356 298275.2504071649, 204736.5215137798 298272.3711598112, 204760.5434179239 298263.8409749179, 204772.3711754139 298261.9611437281, 204774.0107813092 298258.0789088382, 204784.4732748487 298257.4187749011, 204790.5693161307 298256.0906595369, 204799.8499031999 298253.9876210489, 204810.8582545245 298253.3278080317, 204819.2256016319 298257.7701033477, 204829.9596586651 298259.6619199809, 204840.2411563798 298257.2266214256, 204849.7057909921 298251.2406307967, 204858.1699491395 298244.8103284017, 204864.5448561751 298232.4987816797, 204873.5544159187 298226.9563540132, 204888.0197529463 298226.5203941368, 204899.0275421291 298226.9701460361, 204911.5805240647 298229.9725049293, 204925.5012166808 298227.3173932977, 204937.0554020023 298226.768977869, 204941.8755821945 298229.5452603829, 204944.148387519 298232.4310953309, 204950.603380406 298240.2008381349, 204959.97072839 298245.8642160969, 204967.0632570817 298252.3029719614, 204978.5236836346 298256.7471180185, 204990.6206792575 298261.6354137933, 205003.1688466054 298273.18072277, 205014.262431878 298282.8391628189, 205025.9054258288 298286.0630671732, 205041.1890777799 298286.2934833849, 205056.6524407445 298290.5180744157, 205078.1277404517 298281.2106871879, 205093.2347718949 298272.010700572, 205095.2379131373 298269.0162951947, 205136.8315625029 298237.3093814638, 205157.4784651155 298245.1983075412, 205169.6673717859 298248.3117634118, 205180.4899224063 298254.4199874201, 205193.6753212752 298264.8564695365, 205203.1328908396 298271.5186643867, 205212.5548791458 298275.94937929255)"
TRAIL-048,금정로 10,금정로 10-6,205212.5548791458,298275.94937929255,205879.8423354894,298215.1843446442,129.0572965948754,35.28104088684852,129.06463100403056,35.280489490314466,876.4711145790956,"LINESTRING (205212.5548791458 298275.94937929255, 205220.1405962107 298279.5165827934, 205234.2380416865 298285.8486581607, 205237.7820689465 298292.7293532704, 205247.241447527 298296.1741678721, 205258.8833717635 298301.062559277, 205266.5178014513 298313.8257774272, 205297.3521272608 298324.1617833812, 205305.3617293141 298317.6206866779, 205311.4617903971 298309.5252319337, 205320.0170021891 298303.4282526516, 205328.6662792436 298292.1168848689, 205338.3151863313 298282.6921952053, 205345.8703086777 298275.5961369724, 205344.970875401 298258.1771156712, 205350.0712054718 298248.5278545823, 205356.5351228491 298240.6545382615, 205370.0986314455 298226.9053220139, 205381.2016725777 298220.1442430217, 205392.7601386964 298212.4958836235, 205392.4029317013 298201.2901465988, 205402.6857778269 298196.9694112557, 205415.4275768714 298188.3232775651, 205442.7291628398 298173.6948591253, 205450.4688227675 298162.6049527922, 205466.4875391329 298151.1872268337, 205477.1351909465 298145.5354482094, 205482.9642108646 298134.7772480564, 205487.5180896256 298126.4590832631, 205505.1674573111 298126.5807777031, 205515.9927079069 298128.1406282331, 205527.3599403367 298136.024732496, 205540.4571328425 298141.5800518857, 205552.6468674509 298143.3626757653, 205558.4697607201 298142.700585575, 205569.2059920249 298141.0430178256, 205573.4011116463 298124.514687858, 205578.2341803502 298106.2116222498, 205586.7931991509 298094.5676111785, 205593.9883427805 298081.7023595422, 205601.7235848436 298078.1568929558, 205611.0911766619 298083.0443256071, 205622.7338710717 298086.8237275231, 205651.7433348304 298106.2573562554, 205661.6552686384 298113.4750437347, 205672.3877186616 298117.9196136336, 205683.3919698073 298124.1394998363, 205693.4008542314 298121.8159471596, 205705.1399112413 298116.9417464153, 205708.7791143789 298116.7221561142, 205718.3342553718 298112.6232117641, 205725.5181701437 298117.7312718346, 205737.1597142164 298123.1750075813, 205747.0719145249 298129.8380605217, 205760.5311165266 298138.1675743712, 205769.3524896711 298143.3876607092, 205777.9914739404 298149.2733136199, 205799.9137543092 298153.9470981019, 205810.8246118489 298163.7173452142, 205822.8313095218 298167.0534573276, 205829.9227841752 298174.2695113403, 205840.4703272793 298183.0410479517, 205863.1125159956 298199.6975972868, 205871.0211259105 298209.3550223252, 205879.4782464816 298214.907817532, 205879.8423354894 298215.1843446442)"
TRAIL-049,금정로 10,금정로 10-7,205879.8423354894,298215.1843446442,206498.309935262,298572.4668385265,129.06463100403056,35.280489490314466,129.071432,35.283706,876.471114579108,"LINESTRING (205879.8423354894 298215.1843446442, 205886.9345534672 298220.5709136264, 205901.4913633356 298219.4709630111, 205911.9502797328 298224.4703690684, 205920.8628204737 298229.1359352587, 205934.5004548902 298242.3474424824, 205944.7779606749 298246.459201173, 205955.963818182 298252.6795412167, 205963.8736753589 298260.229079292, 205973.4237873584 298263.6747153091, 205992.2481177702 298275.0036666783, 206001.5271968215 298275.5645617029, 206009.0753863609 298279.6745793145, 206023.6298205474 298282.0141441422, 206035.636356807 298285.2395945149, 206047.096143349 298289.7960441979, 206057.9185735097 298295.1287012821, 206068.3787332843 298298.0203199997, 206075.2869884881 298306.6787411534, 206088.2879072087 298319.2243794938, 206100.3853454964 298322.449977663, 206109.2041642226 298330.8878252831, 206117.5701254414 298336.3298376077, 206130.2111154349 298342.8842189244, 206135.0253616236 298353.7601807574, 206142.2066590128 298362.0860022366, 206148.7531660227 298367.4158598097, 206155.2986058652 298374.2989629906, 206167.1212808048 298380.0762176477, 206174.5752973201 298388.6241433469, 206186.9491843709 298386.5246476043, 206196.0527404132 298377.5442816166, 206203.2486052208 298364.5685637052, 206209.0685799544 298368.0118867305, 206216.1595880375 298375.2282470223, 206228.2578246953 298377.1226677613, 206241.5397917417 298377.4646817996, 206252.6402279899 298375.1425037711, 206267.189745752 298384.2501542654, 206276.5579721805 298387.2522025827, 206287.11093905 298387.2595485781, 206294.2980281558 298387.0426669659, 206298.3006454628 298387.3782971203, 206308.9465251552 298384.6120877578, 206320.8673671717 298379.9607047916, 206334.2441944488 298374.7556302945, 206340.801492769 298364.5532191733, 206349.3601598997 298354.4631666724, 206357.9072777999 298360.7930964087, 206362.7224135736 298370.0049937922, 206369.3516933763 298386.7624906201, 206375.7150036427 298393.6456257045, 206384.9890707392 298401.0855535476, 206403.9993490227 298405.6478033561, 206402.8109449109 298413.7460061095, 206398.9832098596 298423.3955789158, 206402.5157477872 298445.143469159, 206414.2480664365 298449.7005803351, 206420.2459056441 298458.6914589071, 206427.5188569386 298465.575278672, 206439.9820876508 298465.6951103014, 206451.1741539275 298462.3747290792, 206466.0931059404 298463.2729735907, 206477.2786548203 298469.0501795124, 206478.2750571926 298475.0419705742, 206481.3608867797 298485.1402587255, 206487.6294800533 298497.0159693884, 206491.8021744694 298513.7717942361, 206497.5241004044 298526.7565776674, 206504.7028465039 298537.9672812722, 206502.4183049684 298552.1667049795, 206502.4183049684 298552.1667049795, 206498.309935262 298572.4668385265)"
TRAIL-050,금정로 11,금정로 11-1,206957.4476904668,292662.8592555376,206207.30828401557,292456.6038165667,129.076429,35.23043700000001,129.06818701372666,35.22858284183574,916.4775462877732,"LINESTRING (206957.4476904668 292662.8592555376, 206941.788137185 292665.6208414833, 206930.3146808604 292670.1607806273, 206915.7462528764 292674.587421579, 206906.2768671041 292677.3538059537, 206897.7216941806 292675.0174322504, 206884.796247704 292673.676241858, 206875.5136578909 292670.2298863411, 206863.4087478739 292667.2251770993, 206850.7562116509 292666.1061323872, 206855.4063889445 292656.1246163903, 206852.2274298389 292646.6918905821, 206836.3817912321 292654.7788729049, 206826.3669735729 292656.5464244371, 206821.6400270859 292647.667265307, 206817.2783695116 292637.2351557285, 206810.0922897779 292630.0183224446, 206799.437557152 292635.3356583122, 206785.8715695316 292638.3209786158, 206775.3135460223 292636.0941629558, 206765.7515541315 292640.9685778597, 206762.8428532565 292635.1972674878, 206755.1999113414 292630.1990340086, 206746.1085626701 292614.3271273888, 206737.1952783025 292603.7807174179, 206724.4547413697 292598.4458786823, 206723.2794077698 292587.5724062816, 206717.1853546449 292580.6892943462, 206708.5389270277 292578.4639773873, 206693.4296053033 292575.6791576502, 206681.3232789169 292574.3388651355, 206670.4941859141 292569.227405235, 206660.9410889135 292562.0089456684, 206646.8313707627 292561.5547827593, 206635.4542562109 292558.8837493569, 206621.8963338671 292550.7748341593, 206616.2546634334 292547.5533029003, 206606.7029594797 292538.3378943929, 206597.876503647 292533.2279854345, 206583.853084948 292539.2087862461, 206572.3790040033 292544.636737193, 206561.2734954539 292543.9630023556, 206550.0735769812 292547.9488972579, 206540.9750438237 292541.3965634436, 206531.8748945421 292537.0631350433, 206522.0469540139 292532.0635216561, 206510.8440823193 292540.1544230012, 206501.0113474703 292541.8115209931, 206488.2685941904 292539.2506361032, 206480.3601932407 292523.2689041461, 206469.3516382215 292514.2744871368, 206458.5228293887 292508.4976130245, 206449.3250064148 292513.3726216825, 206427.9306667227 292515.5762842684, 206418.5515103827 292519.4526915733, 206409.908647845 292512.0132547929, 206409.7327162661 292503.359431095, 206406.0967360021 292495.8126040277, 206396.441957594 292503.2390743412, 206386.1590531979 292497.7955078815, 206379.1546637589 292490.4682030605, 206369.6017203771 292482.5843838254, 206359.0420870318 292482.2441167482, 206351.6630087578 292489.8941251207, 206343.3832623652 292483.7863457509, 206336.56003901 292477.6795946418, 206326.1867347495 292471.237529724, 206317.0860247408 292467.4590421742, 206306.7034090109 292474.3303751867, 206300.4256589421 292469.2225356186, 206288.7739916558 292468.3268655487, 206282.4039604245 292464.9940919583, 206281.1287205189 292466.1026544989, 206276.7597284231 292465.2120618178, 206268.5710194201 292458.9934696807, 206260.6545550843 292453.9954668404, 206247.9969713065 292459.6448988721, 206235.3432287055 292459.7471089487, 206218.2325801924 292454.4099731965, 206208.2177392408 292456.0672642277, 206207.30828401557 292456.6038165667)"
TRAIL-051,금정로 11,금정로 11-2,206207.30828401557,292456.6038165667,205469.33879468986,292254.90585739835,129.06818701372666,35.22858284183574,129.06007911482973,35.226769134070594,916.4775462877196,"LINESTRING (206207.30828401557 292456.6038165667, 206199.2017613622 292461.3864310043, 206173.172604055 292451.9383112499, 206160.3378426456 292450.4872749254, 206150.6900104408 292447.928975683, 206148.2250852365 292458.2451697095, 206138.4825337161 292461.1231163852, 206129.2928828322 292454.1273572598, 206114.9105457845 292452.6753365119, 206111.7239185393 292453.338851102, 206095.1582657155 292449.6664894753, 206087.8719868691 292454.9869332193, 206088.0625698007 292442.3393496891, 206088.5217725541 292436.3486375638, 206082.8839462272 292427.0254767201, 206074.333318726 292417.2565829877, 206062.4995690502 292416.2501375942, 206052.6684907977 292415.3559928544, 206048.1121892692 292422.2315238686, 206041.097535335 292429.7710834876, 206037.0013816825 292429.2136235843, 206036.1860761837 292423.2220581494, 206026.8121692481 292419.3327361674, 206017.6195839451 292416.5529929462, 206016.4418260514 292408.009457082, 206008.7105639633 292398.0192814173, 206002.6181965328 292387.5864210431, 205990.2361364903 292389.6861615812, 205946.8213996553 292376.566015373, 205930.071942922 292375.2236774611, 205917.149049061 292369.1132463895, 205906.9499263691 292374.0990950843, 205891.4646046221 292388.622764537, 205878.3592025242 292383.1779388313, 205876.4360174029 292400.816916152, 205868.6954498803 292404.91684761, 205858.8631903842 292405.7980301398, 205849.3981553147 292401.9088333201, 205836.3877200262 292390.3621643836, 205822.644189943 292386.2483455005, 205812.5384552734 292387.6841264333, 205799.1561303816 292388.1193132489, 205789.5042232672 292391.6633626399, 205769.8447194966 292385.5488313467, 205752.553353282 292377.4388423798, 205745.0922692337 292371.5540233898, 205737.0817304453 292370.7723236717, 205728.0722007023 292366.2178743292, 205719.519027617 292359.77766076, 205708.4188337377 292350.2293922508, 205691.9422580379 292349.1095575517, 205682.8364199462 292352.8759539748, 205670.9076819618 292357.9719265491, 205650.1513113342 292358.7355467774, 205635.4971644886 292354.8433334629, 205622.2065244432 292354.1693912143, 205621.0294882323 292343.8507918351, 205606.1088036808 292329.3077588202, 205595.9161935202 292323.976094574, 205585.4458064121 292326.1885172356, 205572.1523176284 292330.0633840581, 205560.5014240931 292327.5044814554, 205553.0418092341 292318.9571472195, 205544.9442545047 292311.5188761124, 205534.657769082 292310.7359605792, 205523.4606601584 292310.3962796865, 205510.9017432299 292303.9538184129, 205498.1588492204 292300.6177172683, 205490.0610982612 292293.4013851071, 205483.4243395233 292278.8635893899, 205476.5116307732 292268.9853132125, 205469.328081679 292255.3347556604, 205469.33879468986 292254.90585739835)"
TRAIL-052,금정로 11,금정로 11-3,205469.33879468986,292254.90585739835,205283.11453017822,292743.88916865684,129.06007911482973,35.226769134070594,129.0580366342511,35.23117757767633,916.4775462877567,"LINESTRING (205469.33879468986 292254.90585739835, 205469.6079662745 292244.129500827, 205477.2618218813 292232.8177648569, 205480.2756867717 292216.8435412052, 205483.9228458072 292207.4154453256, 205483.6569362257 292195.5441920122, 205473.915523653 292196.4258482811, 205465.626869976 292203.6322457376, 205451.5135266506 292208.1724626577, 205439.8619749406 292206.3903294052, 205421.4699540002 292210.9280203068, 205410.9992135721 292213.5844236778, 205395.1592081993 292213.1311801441, 205376.583304561 292220.7753066234, 205366.7478650419 292226.7604825916, 205356.6399882239 292231.6360600201, 205339.4279231565 292242.2765802111, 205334.2327337776 292252.7023243733, 205326.8502199996 292267.3426850117, 205314.0005238851 292290.6335315274, 205304.7975667511 292304.9400068603, 205298.6932732663 292313.368232597, 205294.4996856306 292323.5726979058, 205289.0320741534 292332.9998063963, 205286.2916894498 292348.9742557591, 205288.6520371428 292360.1810614256, 205286.7306464833 292376.7107143866, 205284.2626035783 292394.016662366, 205278.9682398157 292418.6433188507, 205276.3184143947 292435.5053846301, 205269.8502298029 292443.7115293035, 205261.2910592212 292447.1458344323, 205261.1988635705 292449.142787575, 205260.5547215072 292461.0135088283, 205265.8188372495 292488.1980553326, 205263.8069985865 292503.8401048801, 205264.4380938536 292514.3802313121, 205267.7076550839 292527.473625909, 205269.4315252393 292537.3487207595, 205273.976692681 292548.4458545006, 205266.4191077182 292551.6588497316, 205259.7779207307 292544.4435695197, 205248.6765679703 292536.4490902622, 205235.2946204088 292536.6632217869, 205225.278385828 292541.2061661319, 205218.8093624744 292551.0765204764, 205210.7016397092 292561.1678247329, 205201.7747707943 292571.0367754001, 205194.3041837699 292581.350350853, 205188.9274823162 292591.4432443379, 205182.0963771663 292597.8741275781, 205177.3611799729 292600.5340911844, 205172.437574533 292614.2884341177, 205177.3463778257 292626.384232094, 205189.5371989161 292639.3717684877, 205202.1860794096 292647.2561219018, 205208.7319227099 292661.9046113416, 205218.3756288556 292671.6733195647, 205233.3049745787 292671.3491139667, 205249.6899868363 292672.4680612577, 205249.9536756288 292688.6661638976, 205243.6651197917 292701.4211737221, 205241.0088177191 292729.7105742277, 205245.1894780493 292741.3622098494, 205253.5606941534 292747.5799829569, 205280.5087494011 292742.4922177042, 205283.11453017822 292743.88916865684)"
TRAIL-053,금정로 11,금정로 11-4,205283.11453017822,292743.88916865684,205659.99212478488,293519.7123831801,129.0580366342511,35.23117757767633,129.06218208444972,35.23816838871206,916.4775462877521,"LINESTRING (205283.11453017822 292743.88916865684, 205290.2459841663 292747.7123189119, 205298.1602551191 292756.9253776565, 205304.7965030724 292772.2396616872, 205304.3335401885 292785.5527753305, 205302.8696375043 292798.1996328383, 205308.144175098 292807.0783185607, 205323.7952695597 292817.4053952693, 205332.1622389299 292830.612767385, 205337.6159062686 292844.3731515558, 205341.9787101546 292855.5811622124, 205350.4363843359 292869.2323852697, 205356.2574041047 292877.445754222, 205361.4380503218 292890.9841022962, 205367.8935491871 292903.7465961937, 205375.9866933939 292917.9523523631, 205390.3637099195 292927.2802848285, 205402.7423737476 292929.3956270747, 205407.833418124 292940.3822165665, 205408.8270343752 292953.2524202235, 205412.1861921583 292968.1210484721, 205414.0020436664 292975.9992244512, 205412.0800870628 292993.3054802044, 205412.8922330038 293005.1770724551, 205420.4421077884 293014.2790793145, 205426.8987669747 293024.8227202778, 205446.5515623723 293040.1449384122, 205452.9179480219 293049.3572049618, 205453.4550786856 293064.3350940451, 205452.9937176777 293074.6526941055, 205461.9927579424 293095.6267187709, 205471.089967692 293104.7297044038, 205475.3587649905 293120.3755248984, 205477.0744965232 293143.1202768248, 205481.2558712247 293152.7750211357, 205491.440873758 293169.2010541942, 205494.4368559032 293182.1834334538, 205497.8886349119 293194.0566416685, 205505.9831385712 293205.2670083145, 205512.8059653187 293212.0388086712, 205526.8190152199 293220.1463468817, 205537.3719714476 293230.0269060997, 205539.7301436632 293243.8964707086, 205547.5485463881 293259.8773397477, 205551.1822765243 293271.7506815344, 205558.0938615888 293282.0728103125, 205566.7340209927 293293.8382934727, 205571.550217142 293307.0437120302, 205581.5552977267 293319.4757210909, 205592.5641629945 293327.8033984048, 205602.3886550158 293337.7945297938, 205609.2989606186 293350.0027627817, 205606.9215168972 293367.4196496517, 205611.7356174953 293383.8424944881, 205613.9139294224 293393.9398407276, 205617.9132001572 293403.2617042861, 205619.9993038575 293415.2450598189, 205615.5288611888 293431.7730851297, 205619.2548354785 293441.4276150445, 205613.8779616515 293451.8531035609, 205616.5115787551 293461.6178992804, 205622.6971721057 293468.0565547554, 205628.6078903873 293477.3796133685, 205636.3394759344 293486.0381412252, 205644.9810009035 293495.1410240736, 205652.075532973 293503.577277837, 205653.9817427885 293512.010290432, 205659.99212478488 293519.7123831801)"
TRAIL-054,금정로 11,금정로 11-5,205659.99212478488,293519.7123831801,205908.5586966166,293787.6215641653,129.06218208444972,35.23816838871206,129.06491482135183,35.24058174693978,916.4775462877328,"LINESTRING (205659.99212478488 293519.7123831801, 205663.0767407687 293523.6652098746, 205672.9933569577 293531.4375789789, 205677.1789410152 293533.7700521358, 205682.81767786 293541.2069112692, 205672.9858367287 293543.4196354535, 205661.6963180317 293547.739412394, 205669.8819498566 293557.9514846381, 205660.1400410091 293561.9393994596, 205664.8659081048 293573.5915867393, 205663.5795687652 293592.7842688277, 205664.3907029187 293605.6543995649, 205659.8334882812 293615.414706777, 205648.3620219762 293619.7343867235, 205643.6247970878 293626.2771840439, 205629.3274624766 293637.3627707517, 205629.7750386711 293649.4560575303, 205625.8544122829 293660.2152842079, 205619.3824379366 293675.4107274472, 205613.3667624884 293688.7203934081, 205611.7209417543 293700.7014352622, 205610.8094225366 293702.8088250646, 205600.7013431324 293710.457763413, 205592.6866239774 293718.3298982814, 205588.6757366737 293727.9796357953, 205584.5732888109 293738.516878976, 205582.1092208701 293749.0551359045, 205579.2751184199 293769.2453842737, 205577.3548587923 293783.5561103435, 205574.9767673744 293802.3043567901, 205575.6055576504 293815.8400412365, 205580.3315370664 293827.2702987312, 205588.1524478104 293838.2586917471, 205593.7057468538 293836.4870061177, 205596.4314601187 293844.3657927338, 205602.6154296276 293853.0233388304, 205607.7981045649 293861.7912130174, 205614.2531795817 293873.5553973861, 205618.3421522464 293884.6524450013, 205621.157537476 293894.6392517629, 205617.0558164159 293904.0670324963, 205619.9620089119 293914.3867308381, 205633.8867959392 293916.1705216586, 205645.3550380532 293916.3995681166, 205641.3567857389 293905.8572896502, 205635.4477454847 293894.3153158456, 205637.001644258 293883.7765034018, 205647.4745394271 293874.6855460681, 205663.8613530079 293869.3704373978, 205672.5062430629 293872.4823210014, 205680.1561903073 293865.6085315568, 205692.5343401485 293866.3929349864, 205704.3650410698 293869.2849660921, 205715.9254830963 293867.7390390981, 205732.4019618159 293864.6430126929, 205748.9681304543 293863.6550296388, 205760.801504304 293862.3312237804, 205771.3628055747 293857.5673239407, 205786.1967799849 293861.0161058081, 205799.2108530907 293863.6871286455, 205811.2256312335 293863.3620108099, 205827.0631548904 293863.1503178811, 205837.804021053 293862.2696887789, 205848.0897203 293861.4997229722, 205856.55877062 293854.959447935, 205866.9375159015 293851.0831019641, 205877.1306236719 293852.7539005788, 205885.5083223981 293846.7683186296, 205898.6142030241 293848.2191486027, 205910.5456042423 293836.2448762971, 205918.7424633925 293828.4840859242, 205936.2266414331 293815.7368703994, 205940.8712821952 293811.7458999578, 205932.0507939169 293798.8704792291, 205919.5853302232 293792.3165476968, 205908.5586966166 293787.6215641653)"
TRAIL-055,금정로 11,금정로 11-6,205908.5586966166,293787.6215641653,206450.46972416784,293343.446447166,129.06491482135183,35.24058174693978,129.07086508095833,35.23657484719349,916.4775462877429,"LINESTRING (205908.5586966166 293787.6215641653, 205905.7541103316 293786.4274112723, 205905.9395580983 293781.2131147561, 205917.8706214078 293769.9045232379, 205930.7960965463 293769.0254352108, 205939.3571157682 293761.2649031244, 205945.1878254945 293753.0588026247, 205957.0190333982 293755.2854938425, 205971.0372194663 293753.7415132766, 205981.3227601613 293753.4154790666, 205998.8003971288 293750.8753261354, 206008.6298067162 293752.1022510263, 206018.2759905745 293755.1041854914, 206028.9244295313 293756.5535679959, 206037.9307903964 293763.549118754, 206050.7588043265 293772.3223572067, 206058.8566404055 293776.7655844813, 206061.9574325161 293767.6701688257, 206074.3381449923 293764.7939096337, 206088.8162971058 293756.0389920978, 206102.8351791484 293753.4967108582, 206112.5763276756 293750.6187221211, 206126.3238175265 293745.6355025194, 206137.4290863612 293744.533586208, 206148.9911216841 293740.9912030381, 206164.919284119 293741.6677238552, 206176.7531070911 293740.0116275357, 206189.7752940908 293730.9230417069, 206198.2486707545 293718.613947523, 206194.3374336583 293714.7281892659, 206203.0809252732 293706.7461420032, 206213.9134171876 293705.3112972543, 206237.7659028932 293698.1162991027, 206244.4162684557 293689.689067398, 206253.0709564494 293678.6005459333, 206257.6310081253 293665.6231313121, 206264.1008339582 293655.0878335641, 206270.8494357395 293636.3428008315, 206282.6807171362 293638.5699178554, 206292.3290172173 293638.576629538, 206301.3430272492 293634.4779427104, 206311.355496159 293634.3739835454, 206327.9251037564 293629.1711518121, 206334.3972146617 293615.5294451956, 206336.5939522809 293598.1126138837, 206341.426141238 293586.6886640449, 206350.9886195879 293579.3730056931, 206364.0069951234 293576.2757013745, 206376.2060218603 293573.3997278383, 206384.5850941367 293566.3051604172, 206396.1494960033 293559.8785244975, 206401.52626619 293550.7848382709, 206404.3580282452 293536.5858803938, 206415.8324831389 293528.716920737, 206426.0353193372 293517.074940669, 206440.4212101409 293511.0941480913, 206449.526675121 293506.6628394968, 206459.7245845113 293502.0104306936, 206468.3758258584 293496.3584212434, 206469.9363221525 293478.0536093808, 206466.7576495847 293468.0662829085, 206455.7465100302 293464.2862813357, 206447.014272117 293455.8482276165, 206437.5507473485 293451.7365172293, 206426.1776108615 293444.9607786418, 206423.9068292119 293438.1915187238, 206430.834340335 293424.5502081052, 206441.1349778235 293403.5889354513, 206444.6957531586 293388.3920075557, 206445.705801029 293376.0778322482, 206444.1666128347 293364.5384545712, 206445.3580788672 293353.1119689908, 206450.46972416784 293343.446447166)"
TRAIL-056,금정로 11,금정로 11-7,206450.46972416784,293343.446447166,206852.000299961,292706.1581840961,129.07086508095833,35.23657484719349,129.075271,35.230828,916.477546287769,"LINESTRING (206450.46972416784 293343.446447166, 206452.1030042897 293340.358105989, 206457.6633577553 293329.3785218373, 206465.6804454209 293319.732038087, 206475.430124887 293305.7599477944, 206478.4439701101 293291.7830383252, 206473.8996230598 293282.1275685634, 206479.7438509569 293256.1706290507, 206476.2956897844 293241.0796403221, 206472.3890514541 293230.6480141421, 206476.7643314831 293222.2193294249, 206473.6766811211 293212.121124749, 206477.3253525264 293201.4730206875, 206489.2566212343 293191.9403098409, 206501.0103305068 293176.1945686813, 206505.1178532708 293160.4433376937, 206514.2219439937 293158.4528840894, 206532.1539312756 293158.7986586059, 206542.6224644268 293158.1405592586, 206555.8241288177 293154.2670495698, 206566.2925884126 293153.719922537, 206579.5866688278 293147.9604501863, 206594.7908701121 293144.1994000879, 206605.6250719377 293141.4336860224, 206620.8285638264 293138.6711839049, 206634.3937461216 293135.6856149241, 206644.0498405545 293125.8186044281, 206646.8838279778 293109.2898877941, 206645.7081431058 293098.860196842, 206654.9129915101 293083.7784534947, 206677.2263140283 293068.0407226022, 206676.6880973505 293057.2786641879, 206682.3359063219 293051.735589311, 206687.9890571883 293038.9810998877, 206696.5541296571 293027.5601101386, 206696.4712376209 293016.5764985371, 206688.6472648828 293010.5796791985, 206684.7406889679 293000.258909517, 206686.3862521249 292990.7188610089, 206683.9368565239 292979.4006653589, 206689.3128646297 292972.1932202719, 206696.5104371975 292963.6557882191, 206703.2564999113 292950.2364498159, 206703.0844782332 292936.7010397495, 206710.559131376 292922.8384677602, 206709.2924660415 292912.4087038007, 206709.2933717193 292911.1883102028, 206712.2993066023 292908.527863062, 206718.6748034213 292903.8729116223, 206724.783656222 292890.5640617177, 206722.4258054781 292878.5802558071, 206729.5370787592 292863.829870939, 206741.6399493785 292869.2751891969, 206753.0237688057 292862.4050996414, 206759.6779655316 292850.3170754905, 206765.2373322719 292841.5565847971, 206774.8077582161 292825.1439027961, 206789.924470272 292817.5000435191, 206800.5880791647 292800.0897060395, 206804.9672129319 292787.2233907027, 206804.6172033667 292768.4734367901, 206802.6273048086 292751.4973679665, 206799.6336400717 292737.7379473751, 206797.0054243161 292722.2036843282, 206799.7423599218 292714.2177092072, 206803.9386365214 292702.4607064251, 206815.8696530594 292694.5926048265, 206824.7909630696 292694.2664998843, 206840.8991231436 292700.0478082084, 206852.000299961 292706.1581840961)"
TRAIL-057,금정로 12,금정로 12-1,208289.5519930841,294605.5217245991,207708.57758510314,294959.58793141483,129.09108200000003,35.24793699999999,129.0847018309902,35.25113299496344,911.2898539115027,"LINESTRING (208289.5519930841 294605.5217245991, 208290.2706222277 294615.8402934004, 208295.5290419031 294637.9232275499, 208300.523166548 294650.4646294571, 208302.146388943 294666.7750757095, 208293.6742858007 294675.5319717398, 208273.2882652742 294674.9585558731, 208261.2679781061 294682.3808907945, 208247.3427553768 294682.9228957316, 208236.2270492621 294696.4480798306, 208222.1993292052 294709.6377915298, 208211.5481248017 294712.8455181644, 208196.0650989318 294725.1463858439, 208189.0511345537 294731.9076880958, 208176.6687571644 294737.3327925785, 208154.5446548574 294746.7431466927, 208144.6159021069 294756.2754853572, 208136.8745166801 294762.3705008638, 208123.7687183457 294762.6915433918, 208105.6519740963 294768.9991533622, 208094.90957283 294772.5397715147, 208082.1630684205 294778.1865698787, 208067.5061584361 294782.9441179333, 208057.4028387665 294784.2664456469, 208047.1185886839 294784.3682253797, 208033.7465033968 294777.1448820038, 208029.0234346345 294766.4899366277, 208012.092751694 294769.5813749674, 208000.6243687759 294770.7916104863, 207990.9796295165 294768.1203884794, 207981.6916733573 294773.6594426378, 207966.4911934917 294775.6430422293, 207946.1941461865 294777.6221836086, 207933.7260337671 294777.2783909103, 207917.4341284449 294778.4844977322, 207907.1456987045 294783.3570801282, 207896.2254449489 294782.2380769661, 207867.9155707973 294788.7591512786, 207849.8038782867 294789.5200143552, 207830.9745893192 294778.1872565589, 207820.8759093447 294774.1844794809, 207803.2225968611 294771.0627481788, 207791.2098090822 294770.3867096229, 207778.835557235 294766.7148534747, 207767.9160309472 294764.7084439656, 207757.3614939934 294761.592908328, 207750.8161679768 294752.9335599885, 207741.8966638099 294753.4806391458, 207724.9679533071 294754.3537115804, 207720.0418219907 294767.8848240184, 207721.0345926003 294777.6488562359, 207721.7536668456 294788.1892717093, 207722.7426400548 294802.3911122167, 207722.5479129681 294817.2576129842, 207719.2624586164 294827.905552227, 207721.0669147233 294846.3240109318, 207721.9681917393 294856.6426926563, 207723.1418308365 294867.7382244625, 207725.4020755178 294885.2695124776, 207726.0298419868 294896.1426878218, 207727.1098998761 294910.233663742, 207723.275670339 294924.0985471872, 207718.8999505231 294932.6375955461, 207715.7963696245 294943.5075837525, 207708.57758510314 294959.58793141483)"
TRAIL-058,금정로 12,금정로 12-2,207708.57758510314,294959.58793141483,206946.0522889648,294958.8996629023,129.0847018309902,35.25113299496344,129.07632320613723,35.251132365503125,911.2898539114774,"LINESTRING (207708.57758510314 294959.58793141483, 207707.681178057 294961.584740837, 207700.1167015205 294974.2260550465, 207691.7325116477 294987.6432949963, 207684.808343822 294996.5130271099, 207674.6893921675 295016.5855263518, 207664.2135137663 295028.3368361569, 207655.9268280509 295034.2099115628, 207647.3691963901 295037.6419683479, 207636.9913255791 295041.1834396613, 207625.8856834258 295044.3914726124, 207622.9672629912 295051.711400356, 207614.9535543416 295057.695689081, 207606.7587757311 295062.5703793193, 207594.0160643135 295064.5566747261, 207580.7297350102 295063.6579537222, 207569.4461230856 295062.095258155, 207558.5283005076 295058.4249217633, 207536.7747509969 295061.735107193, 207523.122627113 295062.944126734, 207503.6486161063 295061.0418607272, 207495.5500629394 295059.703794128, 207484.2679021771 295056.3660812283, 207470.0695493927 295057.7966190577, 207461.331370751 295059.5645229992, 207446.2187464051 295066.0978275668, 207427.7365032373 295075.5129644873, 207417.4516827275 295076.7249128065, 207407.1774168572 295065.0672253737, 207393.4407549748 295058.3992545566, 207384.2543562833 295051.8459681075, 207374.4253671913 295052.0598302432, 207357.7695528543 295053.821374825, 207342.938402684 295050.0371676709, 207332.2856629537 295056.019562071, 207323.4540742017 295060.7830467765, 207314.8938998469 295067.5437754187, 207306.7890437701 295073.9720445324, 207288.6697382113 295084.9409935577, 207287.4034241124 295075.2877301045, 207278.8556261364 295066.7380504323, 207261.3817730239 295067.2787152193, 207251.5543178582 295065.6066420257, 207240.0931722596 295058.3860049099, 207226.2721144114 295043.286378082, 207213.8997808553 295037.396389364, 207203.3473194803 295031.8407044322, 207189.515917967 295029.6107808629, 207176.319272412 295030.2659604115, 207160.8528008272 295024.1516967251, 207150.209108054 295018.8178923621, 207140.7479788185 295014.1507069923, 207134.5664537189 295005.2701998107, 207117.7298088442 295005.4788100141, 207107.6250467028 295009.132049293, 207095.7035337152 295008.4570064077, 207085.8731997653 295010.335360876, 207076.2254070686 295011.5481972611, 207064.8486409751 295012.5378011476, 207054.6580984176 295009.5343150854, 207036.6316208368 295018.3958800701, 207021.3455848671 295014.1680660645, 207014.7033036048 295012.4987269062, 207000.8664962603 295017.1476961667, 207001.3305631283 295005.4988004031, 206991.3203763623 295004.6034861229, 206983.8632990457 294997.3862748406, 206979.8664031683 294987.7309461604, 206977.5971981945 294979.9630234043, 206969.5010631474 294975.297072269, 206960.9505621347 294969.7432160958, 206956.4985020554 294960.198492833, 206946.0522889648 294958.8996629023)"
TRAIL-059,금정로 12,금정로 12-3,206946.0522889648,294958.8996629023,206283.12033094943,294720.2741243739,129.07632320613723,35.251132365503125,129.06903709291177,35.24898589960573,911.2898539115264,"LINESTRING (206946.0522889648 294958.8996629023, 206943.0305381428 294958.5239535063, 206931.4764701437 294953.3006535443, 206920.2834485308 294951.9607296695, 206907.5427702911 294951.2853079126, 206902.9999751887 294941.2967609539, 206893.812171385 294935.9643724048, 206881.5308216903 294929.6311289805, 206880.5390201368 294917.4263937353, 206879.7270372127 294908.1063727393, 206885.3761853424 294899.4569452772, 206875.6449759974 294890.5739130268, 206877.1090598115 294880.1461724314, 206880.3061257877 294864.7272149858, 206871.3051433502 294852.9601673318, 206859.6594682065 294848.2916170623, 206849.1070733564 294842.0706769827, 206839.6478716191 294834.4082885009, 206828.7262928099 294834.9547534913, 206820.9956650065 294828.070308096, 206807.5330801613 294818.9626437177, 206802.9903582328 294808.6413137236, 206795.901097622 294795.9882201913, 206789.2631164369 294788.3280076748, 206781.8916293236 294787.8786905032, 206769.5130878004 294789.4226408608, 206758.6862038302 294784.9767254929, 206743.6723429876 294781.1933685425, 206735.3022995109 294777.3040416017, 206730.7578210812 294769.2016523225, 206725.576261687 294761.0987911927, 206716.027839246 294750.7737813483, 206695.4588077666 294751.6460772933, 206679.8025420613 294754.9628460143, 206671.1576951333 294753.4032255864, 206649.4074977224 294751.6120686225, 206638.9447963294 294746.8337295453, 206627.2968303911 294744.9391092764, 206619.0207212465 294736.9449857086, 206609.0117418481 294733.9421375877, 206590.355201624 294733.0409482668, 206579.6155374059 294733.5878472277, 206570.1460707516 294739.5719988822, 206560.0485646092 294733.1298384707, 206554.1407574519 294722.2529184768, 206542.4024544768 294719.3598352433, 206529.8442445913 294717.5756269774, 206509.5449916741 294722.8863503283, 206499.4449497584 294719.883558152, 206473.6880952542 294720.9745191575, 206460.0389342897 294717.5254479533, 206453.5816027092 294711.3079007884, 206442.4766911143 294713.5188802739, 206433.105967711 294708.7415588416, 206431.9294598664 294699.421322519, 206426.6578441659 294689.5434466931, 206421.7482904675 294682.4394619079, 206426.6682606517 294674.8986851688, 206421.3909477881 294673.0088643832, 206416.0284512657 294662.9090401864, 206410.1184570602 294654.8058447716, 206399.1977097905 294653.9105420486, 206392.2889221783 294642.4782947685, 206385.5608859549 294632.8213040987, 206379.557326287 294628.2683096919, 206367.0837936113 294635.2490595356, 206355.8841303413 294642.6745034676, 206346.8650989697 294655.315917796, 206338.5766740423 294664.4076069663, 206325.4617166902 294677.7118417922, 206310.4407564035 294683.5814349135, 206300.4225645752 294693.5595131444, 206293.4096889008 294700.7660649142, 206289.85284544 294711.4143292364, 206283.12033094943 294720.2741243739)"
TRAIL-060,금정로 12,금정로 12-4,206283.12033094943,294720.2741243739,206032.52277588545,295494.92461390555,129.06903709291177,35.24898589960573,129.06628928565556,35.25596971435066,911.289853911471,"LINESTRING (206283.12033094943 294720.2741243739, 206279.7413830827 294724.7207224349, 206278.9133426631 294737.5897928853, 206283.2715914464 294752.3485376903, 206285.1756340516 294762.6677682099, 206278.6090093788 294782.6333440724, 206277.0542826939 294793.5048966249, 206270.0386543149 294804.8164391952, 206267.8467958183 294815.7984967686, 206262.1040251769 294828.9969979955, 206259.8107184236 294855.0675405167, 206252.8863989326 294866.0463248307, 206246.7811792709 294877.0256808958, 206241.9497954183 294888.449702208, 206234.024806907 294898.8730838875, 206235.8358745283 294912.0768186145, 206237.0995057264 294927.2771906207, 206231.9041264073 294938.7009668027, 206230.3490232119 294950.2382010427, 206218.7868978873 294956.1103337761, 206205.3996670377 294969.1926694924, 206198.6551574627 294983.6109235797, 206194.8260445655 294993.4824256868, 206188.6320252379 295001.4662397358, 206179.8017477359 295005.1213890377, 206168.0603608898 295007.1103800077, 206152.7715603549 295006.3233379587, 206141.839975058 295021.9591823797, 206130.8272827985 295023.0611549997, 206128.4576945511 295028.0520843579, 206127.1798245129 295033.5984810666, 206125.6243445146 295045.9123513045, 206122.4296829357 295059.7783448545, 206122.6043291858 295070.6511001467, 206124.5068324639 295083.4110965365, 206123.2215280627 295099.9410718932, 206113.3876692652 295107.478691081, 206104.3732631436 295114.4621482831, 206091.3576405645 295116.894159154, 206084.5275720023 295123.6572187247, 206082.0627714194 295134.9719780079, 206074.5028060091 295144.5081860965, 206065.3032510211 295156.2622054296, 206054.5612230618 295161.1365924316, 206045.2721895325 295170.6716665888, 206043.9017513644 295178.6588105811, 206043.4365523416 295193.8580044951, 206042.7006377301 295205.6177134991, 206042.5996876619 295220.484315818, 206038.8542118117 295241.7833089274, 206044.3063791535 295253.990938591, 206043.3853402007 295270.410227596, 206042.9228923415 295281.5044490119, 206042.7289336498 295299.3665142036, 206042.6293942125 295312.1251585808, 206042.9762693121 295337.7537585854, 206045.6033735996 295355.7286581573, 206046.4970057225 295380.248172673, 206045.2093604583 295400.5503056697, 206045.2022327602 295411.2010525158, 206041.1011241819 295420.0739353658, 206038.0964430247 295422.401778393, 206041.0933335083 295431.7231900747, 206039.9940940838 295442.4841524367, 206052.185890523 295446.4863448222, 206045.8983332868 295458.908012089, 206040.0660320345 295470.9971523106, 206038.6029343035 295481.5359814843, 206032.9521446846 295494.4018654095, 206032.52277588545 295494.92461390555)"
TRAIL-061,금정로 12,금정로 12-5,206032.52277588545,295494.92461390555,205885.1429513957,296262.7903060396,129.06628928565556,35.25596971435066,129.06467527951222,35.26289170380966,911.2898539114906,"LINESTRING (206032.52277588545 295494.92461390555, 206025.2105991617 295503.8270525378, 206018.2886125287 295512.4761749841, 206011.1816065631 295525.673938958, 206011.8072540271 295542.7599392002, 206014.2557529793 295555.6312300075, 206016.3406053606 295567.9475527444, 206016.787856954 295579.5971130794, 206021.6065329029 295586.2570456333, 206018.0520558905 295594.3536879701, 206020.13726374 295606.1152857488, 206026.7734423467 295616.5485752467, 206025.306830863 295632.4127840051, 206019.112880607 295641.1733383305, 206016.9162800962 295660.0325875771, 206014.4532601674 295669.0175222697, 206010.5339313613 295678.4452700298, 206004.5201851671 295689.9795891695, 206001.0557330388 295699.6295344579, 206000.5940210891 295709.7252570829, 205998.40314889 295720.0417221256, 205994.024143597 295736.5696768919, 205993.3787471324 295749.2170223741, 205987.7306155625 295758.4217432716, 205986.0860652742 295768.2947926413, 205981.8935880274 295778.0552092234, 205972.6032097815 295790.6968355297, 205968.5003643946 295802.5652803439, 205968.1288871754 295813.8814650699, 205961.7526044156 295823.4185580401, 205951.6477644588 295829.2919997774, 205941.8145495968 295837.2735940976, 205930.1583761639 295849.8027634668, 205923.1459638859 295858.1190670117, 205916.3993673235 295877.4191451338, 205913.0214311634 295894.1696892465, 205906.6443198845 295905.1491118077, 205898.6319999891 295911.9115453328, 205885.9803477457 295916.2301623195, 205871.4135515411 295926.9823856374, 205862.8506766877 295940.8449995676, 205854.8375581964 295948.9388166348, 205840.9093467741 295957.3616497657, 205829.8025368081 295965.1206526908, 205817.8739035868 295977.3169566157, 205809.7710016065 295983.6356294209, 205797.7534161383 295992.7254311533, 205789.6488351314 296001.7068111446, 205795.9195014678 296014.4695568281, 205795.4584611695 296023.8996220794, 205799.0915288089 296034.5527151253, 205794.9019394113 296040.3191881708, 205804.1811174667 296044.3191823351, 205803.3552250239 296055.0803583143, 205809.9917507366 296064.8478233049, 205814.4416160917 296078.8298117931, 205816.436835925 296089.259967567, 205820.4369145604 296095.1426528622, 205824.0703531665 296105.1300848018, 205826.6058101074 296124.4362270619, 205830.7871433666 296131.4284886776, 205831.5894202396 296157.2792957213, 205828.1218225868 296172.3656384109, 205825.4749182123 296184.7898212323, 205832.3840972346 296194.8903170476, 205839.8332810868 296214.1996404837, 205848.014636256 296226.9636625808, 205870.3897503059 296242.0667625854, 205873.7523972377 296248.5037860186, 205880.2993704958 296255.7195019495, 205885.1429513957 296262.7903060396)"
TRAIL-062,금정로 13,금정로 13-1,206671.436946158,298070.4523552109,206341.90667319437,297993.92209796293,129.073331,35.27918,129.06970828547165,35.278492342574616,877.6463322243917,"LINESTRING (206671.436946158 298070.4523552109, 206671.3540881035 298059.46866115, 206677.4545651555 298052.7054797581, 206681.1016209326 298041.946437837, 206691.2117032895 298026.3105724671, 206698.7687644378 298018.3280821634, 206703.5105581763 298003.5758143893, 206705.883645302 297993.2596201264, 206710.1635626077 297987.9374039313, 206714.0914579497 297966.6387367229, 206714.1017745305 297952.7705231821, 206716.477941719 297938.3493413589, 206718.9420390874 297928.0332191907, 206718.8621276695 297913.1664274119, 206718.4155754899 297901.9605731197, 206713.6931806196 297890.5296459709, 206708.7870840179 297881.4284458526, 206697.5998006988 297877.2041986239, 206692.5957911696 297877.4223782826, 206689.6935085651 297865.2161937261, 206686.4291092601 297850.5689355511, 206680.3401495649 297841.5778211022, 206670.8860040705 297831.1419284169, 206670.8860040705 297831.1419284169, 206640.2414327626 297810.0396401032, 206627.6908810495 297803.7065083218, 206621.1479900398 297793.2728067122, 206613.0569615861 297784.834998925, 206600.0519425697 297777.8358985518, 206592.688640202 297769.5095871843, 206580.5867522041 297771.6087249986, 206571.8500004927 297775.2635688387, 206575.0315535668 297779.0380408903, 206575.1092791414 297797.2331984667, 206574.3750566468 297805.9973770806, 206575.7319929127 297816.6491567267, 206566.1683995054 297831.3979782204, 206555.4352406298 297828.061804125, 206546.2430127206 297832.6039080744, 206537.1452287072 297832.3754227958, 206530.5914171304 297836.9194539861, 206525.1259957731 297846.1239980289, 206524.5714583024 297858.1057378031, 206526.7420422812 297875.9695727707, 206520.8171849697 297891.4976955841, 206517.7164530771 297901.8134110506, 206517.2516254865 297915.5703491356, 206517.880463792 297926.6653790325, 206522.0592213719 297935.322166966, 206524.336087639 297931.995439749, 206526.0570571361 297942.536531239, 206530.4112537477 297960.1800570231, 206529.4891115279 297977.2650378537, 206526.5685896485 297990.0216888625, 206520.1885176633 298006.104214261, 206514.1877531912 298000.8854298711, 206504.3577585793 298006.9803577364, 206493.5278215801 298011.9651191193, 206482.6107440282 298011.624433837, 206475.7017766821 298004.1861073312, 206462.5095311243 298004.8423261788, 206456.5935989267 298008.1664652076, 206446.311774392 298010.0451937336, 206437.5780775767 298009.8170684304, 206426.6577564286 298014.0252251219, 206419.2929095281 298007.9179664972, 206408.8327611956 298004.6931054755, 206405.1972746558 297999.5870193379, 206395.0989002997 297999.3579667802, 206390.8273447325 297993.1419781499, 206380.5463797109 297993.8003787358, 206369.8145988208 297988.6892930269, 206359.9884414513 297989.458983798, 206351.5269536168 297990.2296455277, 206342.7895708655 297995.2160603787, 206341.90667319437 297993.92209796293)"
TRAIL-063,금정로 13,금정로 13-2,206341.90667319437,297993.92209796293,205842.04428220645,297653.84215992305,129.06970828547165,35.278492342574616,129.06421153577094,35.27543010163275,877.6463322244035,"LINESTRING (206341.90667319437 297993.92209796293, 206338.2453554069 297988.5561220813, 206325.5093863778 297987.2158378762, 206316.6801055283 297993.5335627237, 206311.7641996364 297997.9679541356, 206305.0316891277 297998.1851399111, 206294.3857420005 298000.3966243721, 206287.0147665398 298002.9432394071, 206282.4639495135 298005.7137146348, 206273.734023612 298000.0494080313, 206268.1840723154 298000.4893349149, 206252.5353611393 298001.2551007238, 206241.8026729441 297997.3645700738, 206233.2560483989 297989.7034058153, 206223.8876241279 297986.3685676944, 206209.1503504149 297984.6942305843, 206202.057656718 297979.4749031606, 206194.147370955 297972.4798880902, 206201.2510516562 297961.7230276364, 206203.1647189469 297957.1755666775, 206198.5265077156 297954.7315734465, 206188.2433835156 297958.4966727792, 206178.7856030292 297952.7210138618, 206162.1387833987 297949.4922061245, 206164.6020164986 297939.5087704705, 206154.5957582175 297937.5049180711, 206144.8637148195 297933.6151857079, 206134.3068244866 297938.6005632539, 206126.3975800414 297929.9414226337, 206119.7619448485 297921.3940983029, 206119.9551109095 297904.8633130569, 206129.1474265822 297899.7660464136, 206130.8827303069 297889.8930537965, 206119.1510451364 297883.1174022088, 206102.8718927014 297874.1197752165, 206079.2209337313 297868.7784189163, 206068.5753375059 297870.3244953063, 206057.288200862 297878.8597352163, 206045.0027699036 297883.7331112228, 206035.8116727082 297887.0553323507, 206023.4415791912 297882.4982932217, 206011.8047734942 297869.7317749363, 205999.6171186107 297864.3982700177, 205967.0508481505 297857.9418288054, 205956.0414883815 297859.2659059407, 205945.9407540338 297862.3657267664, 205929.926894893 297864.6850519181, 205906.2726879436 297864.1148135063, 205890.1646050371 297871.4267055373, 205880.34269891 297865.5401773151, 205870.7950164281 297857.6568150568, 205864.7057548381 297847.8896321277, 205853.9758839565 297839.117954042, 205835.8747908533 297833.2261087297, 205827.6915847593 297825.565566368, 205824.4233385784 297814.6907758408, 205817.8800288423 297803.4810379256, 205814.5202111729 297793.4937581111, 205807.6105268301 297786.0559464341, 205802.61847176 297767.6357469018, 205807.4493394923 297753.7706396192, 205812.8250325181 297741.5700716858, 205819.9277237947 297731.9223718221, 205828.3947086477 297722.9412327495, 205841.7733720698 297715.9603019206, 205855.7882012356 297710.0892607054, 205853.7945410779 297697.8839399556, 205855.7134148497 297685.1264287196, 205852.3585579852 297667.4838865178, 205845.632925886 297656.7177956658, 205842.04428220645 297653.84215992305)"
TRAIL-064,금정로 13,금정로 13-3,205842.04428220645,297653.84215992305,205233.73086704753,297656.9676721255,129.06421153577094,35.27543010163275,129.0575254166998,35.27546163709735,877.6463322243402,"LINESTRING (205842.04428220645 297653.84215992305, 205833.9933543134 297647.3908267513, 205827.4497197496 297636.5139217807, 205818.3615903188 297620.975662233, 205809.5463747247 297605.4375878991, 205800.1817442409 297595.3355081379, 205788.9024877969 297591.4451685451, 205793.9074162748 297590.0060857577, 205784.0847854079 297584.67439342, 205769.3469173022 297582.7788851205, 205758.6118252213 297581.5516277049, 205742.6937924905 297575.5504199101, 205726.6776475799 297580.7546918149, 205713.3051230932 297577.861630232, 205688.4699726386 297573.1862267661, 205679.2839267038 297568.1878869824, 205670.4623567656 297562.3022201324, 205662.2793211148 297553.7542662665, 205652.8177233709 297552.8607707645, 205642.6297220617 297549.6369719053, 205633.8076946701 297544.4170148741, 205625.98715487 297538.0882339269, 205615.6184048341 297532.8673309365, 205609.6185268622 297524.8755120932, 205607.2598036779 297513.8904253703, 205603.4448685087 297503.6810550589, 205596.0803554158 297495.4665072971, 205588.0782617002 297488.3610275896, 205569.7956268009 297480.3616406477, 205554.5164247 297470.6999535757, 205539.5981269392 297465.9201229936, 205523.4070672049 297459.4753534083, 205510.7656183527 297450.9248117557, 205502.3133026732 297435.9419925134, 205493.0381910262 297427.393528597, 205482.4015419933 297413.5188561997, 205462.5730798729 297403.6326730855, 205452.8429111682 297395.1949213018, 205442.7399588286 297401.4017804524, 205439.3726899597 297402.8420442603, 205439.3666065374 297412.9380944474, 205428.4403608956 297426.5778321531, 205421.7035820136 297433.2305225179, 205412.3282282168 297439.9925812275, 205406.4085270629 297449.6413056542, 205392.1193124295 297457.7317916748, 205384.6568361585 297460.8338155086, 205374.9190596782 297465.1548926594, 205370.728488763 297474.1389965457, 205369.4479288504 297485.5656374329, 205366.9857828957 297494.9945542201, 205362.7923994528 297508.7493239198, 205353.414009945 297520.836834386, 205349.404859402 297530.8195674145, 205350.4894153336 297543.0242334791, 205342.2878059754 297565.3194552547, 205332.0022383811 297573.0795707695, 205320.3531360034 297578.8418721802, 205307.2456631579 297589.1521036895, 205298.5076250587 297595.581819459, 205290.0444952721 297598.6833345719, 205281.3980446136 297604.1146095515, 205269.9289700511 297613.3163974893, 205261.7366127156 297620.1902503095, 205252.8148663377 297629.7263824308, 205244.6221501528 297637.2659247767, 205236.2516040099 297637.7048478785, 205229.8763497151 297649.0176113353, 205233.73086704753 297656.9676721255)"
TRAIL-065,금정로 13,금정로 13-4,205233.73086704753,297656.9676721255,205015.90809281913,298279.65864254104,129.0575254166998,35.27546163709735,129.05513506974097,35.28107532441875,877.6463322244176,"LINESTRING (205233.73086704753 297656.9676721255, 205233.9656181263 297657.4518534602, 205229.046592067 297667.8778968388, 205217.8516851265 297675.1938337527, 205208.3839618381 297685.0625318634, 205203.1935727881 297692.8257365687, 205198.0920010966 297704.3611489501, 205191.0822105054 297711.7904761497, 205182.7970471338 297722.1036644759, 205164.6841742875 297735.6286570339, 205156.3107445552 297741.2821002026, 205143.1125882681 297751.8144114113, 205131.1858510881 297766.4524555874, 205125.3577070418 297775.9904744817, 205112.8892992936 297783.3058193275, 205103.0576338814 297793.6182057831, 205094.9561712047 297801.1579369402, 205083.8520180406 297809.3616579113, 205068.7429144344 297820.8915138502, 205054.4558950066 297826.6526787051, 205042.6252144827 297832.6371295942, 205032.7947347502 297841.063516709, 205021.5083583603 297849.932887351, 205009.771973173 297850.0373111849, 205002.7626351818 297857.1339489139, 204995.3873040495 297868.0025438245, 204983.5548792073 297877.3154428233, 204971.9954765496 297886.5175621047, 204958.7076833047 297895.3859093838, 204947.0559517937 297907.1397615797, 204940.5927005269 297914.0148559339, 204928.3963573429 297923.5495199349, 204920.9336394727 297928.0942226262, 204916.6545089435 297933.8610681411, 204923.1098000972 297941.5198418692, 204924.2919735872 297942.5189982962, 204917.7371217545 297950.614462313, 204912.8165065896 297964.9237813108, 204912.0825229103 297976.2398461529, 204906.710117543 297984.8906908061, 204900.3337137786 297999.5320631524, 204900.6024903595 298007.1874647353, 204899.6868713631 298017.9487039634, 204896.9520065192 298028.1542274956, 204892.6706531437 298038.1370220261, 204888.6657866031 298041.5741697833, 204885.0201483022 298053.6652815795, 204882.5538605559 298071.9699946869, 204880.1822190708 298083.5070695343, 204873.9894390079 298095.2639722874, 204880.6260040048 298104.0322730029, 204882.8924978502 298118.6783381761, 204891.6225176481 298125.5617023905, 204907.631541384 298130.7848440633, 204922.4551307741 298140.999926621, 204944.1009302805 298152.9939006956, 204946.0947453468 298166.9741590495, 204947.452574275 298179.4008287753, 204953.7233974203 298191.275465516, 204957.3596874428 298196.2700217077, 204958.2646906292 298204.9242887672, 204956.9859732937 298214.1320851736, 204960.4382278533 298222.898697936, 204962.5258446233 298231.6645616501, 204951.3343481715 298234.4320589096, 204956.9706167044 298242.0904113775, 204971.0672657397 298250.3081526347, 204981.254469128 298253.9749804629, 204989.0744091885 298261.0798299442, 204997.3489049367 298268.7396668961, 205011.990339456 298278.7329067314, 205015.90809281913 298279.65864254104)"
TRAIL-066,금정로 13,금정로 13-5,205015.90809281913,298279.65864254104,205583.59552208564,298680.4269100267,129.05513506974097,35.28107532441875,129.06137783630018,35.2846846074055,877.6463322243803,"LINESTRING (205015.90809281913 298279.65864254104, 205022.8149359284 298281.2906778953, 205037.5541090905 298279.079977692, 205054.1070100336 298287.1882749789, 205067.6652524551 298281.8704806993, 205080.6787229936 298274.6663217834, 205093.9620082729 298273.0096230773, 205094.2276058525 298285.9904296918, 205090.2157008308 298301.9643591047, 205085.4753884634 298319.0473380545, 205084.1962446888 298328.8098469138, 205083.9167587392 298340.4589976854, 205082.4543590532 298352.5512655616, 205086.9942502549 298368.1971809125, 205090.8071483215 298382.4003933845, 205091.0767526711 298388.2806729409, 205098.6237565995 298395.0526277313, 205116.0910327582 298394.5077845236, 205128.2788691529 298399.174426157, 205132.7307758097 298409.3839712639, 205142.5549145978 298411.1646972467, 205151.6501208468 298414.9420423096, 205165.1120484942 298418.7218948794, 205178.2105165989 298421.7249383418, 205187.3106717453 298416.8485491773, 205205.681502779 298426.9551965772, 205221.5128069001 298423.6359686476, 205229.241244566 298431.0738131011, 205237.8781791775 298440.620162007, 205252.5229433195 298443.9570486264, 205264.1670685118 298444.7404543887, 205262.4320420015 298455.9449698031, 205252.2350424357 298469.6963104615, 205258.6901821493 298476.4677648322, 205269.0607085964 298477.1394891054, 205282.7061939227 298477.9240877151, 205291.9822442344 298483.3658680031, 205301.8956797438 298487.80951995, 205331.1026760357 298479.8386281852, 205334.3754708201 298483.6127202146, 205336.2835391884 298487.6078979688, 205334.9119941314 298499.3673443859, 205330.0838873409 298510.4590739152, 205333.80681261 298522.2215314552, 205337.348177152 298533.3182083811, 205342.4371122491 298542.6406696641, 205348.8907510355 298551.7420511321, 205356.0730095966 298559.4015739435, 205366.0764444265 298565.2876464049, 205377.8102514348 298567.9573318111, 205386.3574490272 298574.9520175071, 205397.9086963599 298578.6201327055, 205411.3695453002 298583.6207577801, 205420.1887511034 298592.057934834, 205429.3731622666 298598.2764234965, 205436.462271758 298609.3752761758, 205443.3712947647 298617.3675422739, 205456.7323003012 298636.9020815105, 205461.8219265173 298644.7823162276, 205467.0918728983 298655.3253636648, 205477.6408881715 298661.3228373949, 205487.1919743731 298662.7709365377, 205499.37614671 298672.5415894308, 205511.8399145181 298671.3287897544, 205520.4804605509 298674.107718332, 205534.1254907163 298675.1145893788, 205545.5883065071 298674.3450059091, 205554.5005910637 298679.0102137256, 205566.6906234117 298679.1286716261, 205580.0629341133 298679.802606344, 205583.59552208564 298680.4269100267)"
TRAIL-067,금정로 13,금정로 13-6,205583.59552208564,298680.4269100267,206145.59099013743,299067.70846130105,129.06137783630018,35.2846846074055,129.06755848391634,35.28817203928654,877.6463322244018,"LINESTRING (205583.59552208564 298680.4269100267, 205597.0726331513 298682.808679465, 205607.9861718297 298687.5861276713, 205632.6378085035 298689.9313454257, 205643.4616674537 298692.6008092377, 205649.9153122043 298701.036733595, 205657.8168221433 298721.6776159409, 205670.0894001536 298735.1097698905, 205678.9098220965 298740.9954481164, 205686.5446131386 298751.6510603588, 205699.7321341924 298756.6519454122, 205709.6438756801 298762.98212689, 205720.5556401451 298770.3114661997, 205730.1938786229 298777.5290640819, 205747.8343377283 298789.6333851913, 205762.5636493353 298801.846827299, 205770.9261884339 298812.2810852303, 205784.6555504061 298823.2735196664, 205795.2942016899 298830.7137210729, 205810.4830151467 298835.494162765, 205813.8394438993 298850.1411827117, 205817.1123315752 298853.2497772273, 205825.6579873804 298861.6871788188, 205835.0260789217 298864.3559338004, 205849.7601856249 298868.8033102575, 205862.9504010582 298869.2556551297, 205874.495877873 298880.9124841742, 205886.5875716545 298891.9040091827, 205899.8587814499 298907.5560498584, 205910.7774847985 298903.7910353309, 205920.1497297593 298900.0250191912, 205931.2552016963 298888.9377223308, 205941.2673207759 298880.5124209056, 205957.3703499442 298878.1931747826, 205966.7428611163 298874.0943695673, 205983.4853397854 298867.7815404715, 206002.1366424855 298863.7998759536, 206011.8687039093 298866.2471649842, 206033.5157695094 298871.5870176691, 206065.4449816507 298872.9397760154, 206076.7247582068 298873.5020952745, 206087.0905027694 298880.4986744608, 206099.4656450553 298875.5144659263, 206118.3775521241 298889.7283464514, 206127.1056582778 298896.9457533513, 206131.6476097425 298906.4901871313, 206133.3681699482 298918.0297314387, 206128.9028003178 298929.6760180772, 206123.2540265021 298942.541908986, 206112.9754408892 298941.3145340926, 206105.9652534033 298949.6307310556, 206095.7698462355 298959.9418075358, 206093.5794940384 298970.480190368, 206097.574361806 298981.9103192619, 206104.4827392871 298989.570259484, 206118.3944141835 298999.0100863795, 206114.6573705412 299009.8802537922, 206115.3812007511 299015.6499326605, 206118.5584427521 299025.4153285957, 206120.3668029187 299041.6146612131, 206127.2708958165 299055.4875891728, 206135.8156173982 299064.5909630236, 206145.59099013743 299067.70846130105)"
TRAIL-068,금정로 13,금정로 13-7,206145.59099013743,299067.70846130105,206830.56026968276,298855.22920295224,129.06755848391634,35.28817203928654,129.0750865776726,35.2862524391784,877.6463322243574,"LINESTRING (206145.59099013743 299067.70846130105, 206146.2745574552 299067.9264601429, 206165.192734253 299072.2662594233, 206180.3810219848 299076.9363804322, 206191.5734527472 299071.8405411686, 206208.5007108592 299061.0904174171, 206222.329846096 299057.99345804, 206241.3518684364 299043.6945709581, 206250.0966356321 299026.5040045657, 206259.654679182 299017.1911724187, 206268.9389917049 299009.098565535, 206279.95170651 299001.0071711411, 206292.9635647783 298996.0236704274, 206299.79714365 298980.2741173797, 206300.8961961859 298969.6240758576, 206301.6331611589 298956.4220254788, 206310.1024292774 298943.2253798352, 206314.6524722666 298940.8986987816, 206326.3922801613 298933.9173297448, 206341.216844933 298938.5874652037, 206358.5011337066 298938.1558457534, 206370.6931576076 298934.9470143504, 206379.4317654628 298926.9650824007, 206385.9880087131 298917.761208973, 206394.2695236391 298912.9963996738, 206404.4623329782 298906.9016034401, 206412.2838992386 298909.3479689365, 206424.1101319966 298908.912597749, 206436.574491617 298906.591616636, 206446.6714534118 298907.3754466679, 206453.4918773158 298910.4868081771, 206464.588692706 298912.3808326887, 206477.690077115 298909.7275270296, 206487.3357786972 298905.5185121907, 206500.2536439295 298905.0840257439, 206501.1688461622 298897.4294166554, 206512.815724321 298893.4437630569, 206522.2816875587 298886.2391160747, 206525.6535521626 298877.9206103231, 206527.4818395534 298865.606936154, 206537.6737475934 298860.9545867631, 206543.6806839935 298856.8539423957, 206554.2480115608 298836.3366186165, 206560.1679550367 298826.7995725617, 206566.0871036417 298818.3719889994, 206577.1902362495 298811.7233212353, 206581.5631691469 298802.9617832795, 206602.11930998 298807.0817993405, 206617.4958616739 298803.4318485448, 206620.2274749725 298799.994529229, 206625.5946055787 298800.1094146275, 206629.9601726893 298801.4439722065, 206642.1517434688 298799.234020487, 206652.4315654365 298798.9087559681, 206656.4352147355 298797.5803577606, 206666.7141374328 298798.4755138238, 206678.1752536888 298799.9262860409, 206690.3606686666 298806.0373380223, 206698.6416236465 298802.3822669847, 206705.3692570363 298807.9345595456, 206725.9112713197 298830.9156524886, 206735.6390324606 298838.9110149645, 206743.7280864898 298848.5693519013, 206767.2723859573 298870.8871097358, 206776.5503890343 298872.003532424, 206778.0965281896 298872.4484774741, 206788.5569578398 298873.787692703, 206803.0192649702 298876.1284498492, 206812.8418152559 298878.9095093502, 206830.56026968276 298855.22920295224)"
TRAIL-069,금정로 13,금정로 13-8,206830.56026968276,298855.22920295224,207222.3795365931,298316.288589451,129.0750865776726,35.2862524391784,129.079389,35.281392000000004,877.6463322244118,"LINESTRING (206830.56026968276 298855.22920295224, 206831.5093407713 298853.9607912935, 206831.0648264232 298840.3141065914, 206830.7096842766 298828.7754622685, 206834.540904134 298814.910123988, 206847.9091335631 298820.578501507, 206857.2786539816 298821.0294009874, 206859.1956761161 298812.266130756, 206861.1130394039 298803.0590776434, 206870.3155059173 298783.9833830319, 206881.7913317973 298766.1298368204, 206890.1720974903 298751.0475892616, 206896.1853727368 298738.9590794383, 206904.5604996035 298731.3102168818, 206912.0278906758 298721.1089110233, 206919.5860139663 298711.2405187384, 206926.6870007857 298704.3673212273, 206929.6081159953 298691.2779481201, 206930.4432991819 298669.866031786, 206928.7264359069 298654.7760719831, 206925.0095601485 298637.9094435333, 206924.3804231073 298627.9238308902, 206925.4811062226 298616.1644117455, 206924.9429397633 298606.1788692101, 206923.7692467147 298594.5286509849, 206922.6876289675 298581.4362073389, 206924.5154955867 298570.453967922, 206928.7078751928 298560.4720571636, 206932.9011164355 298549.3806904067, 206934.3628105738 298541.3937106915, 206942.4670280629 298531.4148136108, 206949.4788243677 298522.4335953742, 206955.9442004195 298514.2285825335, 206978.1624442716 298487.1749451095, 206995.8985385784 298491.8484041132, 207012.3634961467 298493.3034800423, 207025.2751549164 298501.6344628178, 207045.4571504995 298519.5124825736, 207058.0071076543 298524.9586375664, 207072.197335707 298526.8558274999, 207088.6620430992 298528.5329344504, 207101.1252674071 298528.5427335525, 207110.7693951821 298527.2189774759, 207119.7770686859 298525.4509460212, 207132.6044502908 298525.1282382912, 207152.8847165337 298533.4652317327, 207163.8977486994 298526.7062696502, 207178.1937512391 298509.9648032086, 207191.4020234935 298488.3408744661, 207196.9588882748 298478.9149056173, 207202.9763860386 298462.2778265786, 207207.8119622215 298444.7522408819, 207212.3702031132 298432.7737296193, 207222.6630738637 298416.6948120295, 207230.1291288448 298408.9345805686, 207221.1362320006 298392.0636096913, 207218.9612029898 298381.6329591551, 207212.2336547619 298375.9693414351, 207210.6938344429 298367.536226179, 207212.5200547745 298359.1058009139, 207210.5273108389 298348.2315152617, 207212.8134610192 298333.4775445501, 207216.8235215831 298324.4941370507, 207222.3795365931 298316.288589451)"
TRAIL-070,금정로 14,금정로 14-1,203349.9401971969,290746.5637069149,203768.74618547806,291533.89545353723,129.036792,35.213183,129.04139529872415,35.22027813702911,1040.127973973119,"LINESTRING (203349.9401971969 290746.5637069149, 203346.2056379381 290750.5563271253, 203339.827908557 290761.8703103097, 203337.0023109359 290770.0791613643, 203336.3595974478 290784.6126553094, 203339.9065901417 290795.375581854, 203334.9863164318 290805.0259395928, 203335.984268529 290814.7894249886, 203337.4373456566 290824.8859120809, 203340.0759113097 290829.9903337358, 203339.7985429624 290841.4175170053, 203347.3507937241 290854.6227064217, 203349.8057258568 290863.8320106573, 203354.989587351 290879.9208880264, 203363.9979538207 290894.7908002406, 203390.4867692633 290912.2189803999, 203418.8868814968 290931.3121288636, 203460.3911436168 290968.0505524475, 203510.7104245236 291046.8405717422, 203553.7604559445 291086.4645897933, 203570.8727178849 291098.2314525181, 203623.8451029189 291140.9661780675, 203641.7567597841 291201.992890692, 203645.0259737022 291222.9627345079, 203641.5481822126 291267.7829494142, 203623.5142771382 291284.9721201053, 203633.8894374531 291294.9612961957, 203643.2661166141 291297.4058491877, 203651.8233837816 291299.8500810692, 203677.6722409842 291319.497748503, 203687.9604184576 291319.2800480488, 203701.3426744784 291322.6138522423, 203711.9038473993 291322.7291245538, 203720.0949302999 291329.9438890459, 203734.6593679947 291336.6065671659, 203745.8541626092 291345.5977096143, 203747.7614597739 291356.8039054907, 203748.6690555288 291363.6828476309, 203753.3997364495 291372.4494339925, 203751.2100217829 291383.6539319193, 203741.1891754398 291398.072582127, 203734.4474595429 291408.8314244254, 203736.7259916576 291402.9523005169, 203733.8998208793 291412.1595369966, 203729.5249930697 291423.5850282823, 203726.8811066421 291432.3485638836, 203731.7024960366 291441.891789579, 203736.159196389 291452.655258264, 203742.8016663211 291461.6445194345, 203746.6200283335 291474.8485114134, 203753.3494635604 291493.6009445714, 203751.1604682048 291503.1412752323, 203752.7948262365 291513.7926384689, 203761.6238347449 291519.0107040557, 203768.7190875649 291533.6583503149, 203768.74618547806 291533.89545353723)"
TRAIL-071,금정로 14,금정로 14-2,203768.74618547806,291533.89545353723,203956.2606394198,292381.5779561999,129.04139529872415,35.22027813702911,129.04345900000004,35.227918,1040.1279739730765,"LINESTRING (203768.74618547806 291533.89545353723, 203769.8983442943 291543.9766936091, 203771.5323027111 291555.5156179187, 203769.0701291747 291565.1667758733, 203767.2432709907 291579.5888191714, 203766.7832999461 291591.0159266817, 203762.3179821858 291601.2209762184, 203757.2153799228 291611.4257633466, 203760.6714730989 291619.8589935675, 203763.3071208941 291630.8436109577, 203761.4817614771 291641.7154282809, 203761.205406577 291649.4814396372, 203754.1916499909 291658.0212646593, 203750.4555855628 291666.1186751157, 203749.8165469565 291670.3343074096, 203745.6223439316 291685.5319887527, 203741.4297612894 291696.8466096001, 203734.5060933602 291707.8272704498, 203729.949187916 291719.5855252311, 203727.3048384596 291729.6804003757, 203719.6543010168 291737.2214885957, 203713.2784833056 291744.4302725973, 203705.1733575695 291750.528905764, 203691.2408281777 291758.6221702164, 203679.5829825149 291770.0447217643, 203670.3859126811 291774.9225506012, 203665.5566778423 291785.016558099, 203661.9109767583 291795.1110474453, 203666.7304414436 291809.0920305031, 203680.1979188566 291824.9625910861, 203684.1089299424 291834.0616480229, 203695.3964192584 291837.6164832226, 203697.2134055051 291846.9365800238, 203706.1321144632 291854.7063590464, 203713.2292882224 291864.2505140485, 203711.4929806777 291880.2258378234, 203705.2067639811 291891.2067855152, 203712.0321130919 291897.5334324021, 203720.1282583269 291912.9580728912, 203712.9290226525 291930.3734332201, 203713.0161442129 291939.9147139071, 203723.2128521895 291939.0313484067, 203731.9485921817 291948.6871388541, 203741.2328398683 291952.7959291863, 203748.9651456726 291967.2219439485, 203751.8740510476 291977.6519535107, 203755.239200719 291985.5304251152, 203755.781652408 291994.6281172656, 203758.5089720193 292003.8376620715, 203766.3340002994 292014.0478319492, 203773.5230416522 292021.1512911102, 203776.2508447637 292029.1404498907, 203786.9887610558 292040.0175232497, 203789.9885902017 292050.5585290938, 203791.8967525255 292059.2130178842, 203794.8960108673 292071.0853622165, 203798.3509605663 292081.7375070808, 203809.1832831728 292084.4047370054, 203815.097058152 292093.0609192989, 203823.7423583468 292100.7197575129, 203830.5659624418 292110.5967270459, 203838.4813358052 292122.0273916199, 203847.6723848263 292130.6849874552, 203849.3054283877 292143.8881069614, 203859.9524626727 292153.8776724445, 203866.0472679957 292164.7528613171, 203874.2348977083 292177.9587906432, 203879.1466264253 292187.8349792162, 203888.0636023725 292198.4895051052, 203891.2462400668 292206.9226754804, 203885.7804039833 292215.4630713837, 203881.3150685033 292226.1118504818, 203881.5847473462 292234.0999889394, 203885.5859372893 292244.3086253741, 203891.682226318 292251.5226565418, 203877.2053717593 292256.6198969011, 203876.6562569145 292263.3872921182, 203876.8344276151 292272.4848393132, 203882.6541686789 292287.6867695005, 203888.6582027766 292297.6743787913, 203890.930024321 292307.105661662, 203894.7500570343 292315.0953298828, 203899.2989842649 292321.6430320265, 203902.3921131237 292326.4149917268, 203904.4841429525 292330.5208515367, 203912.1277577713 292338.1793448863, 203918.0410275556 292347.3903217976, 203919.5852506275 292355.1571256675, 203929.9605906095 292361.1526472074, 203931.4141525068 292368.0318556025, 203942.2442549468 292374.9151473936, 203951.2555450922 292377.4708106508, 203956.2606394198 292381.5779561999)"
TRAIL-072,금정로 15,금정로 15-1,201812.1444786688,298655.2934289664,202546.1095131939,298248.24074207636,129.01992,35.284471999999994,129.02798684819666,35.28080146864441,911.1567829556234,"LINESTRING (201812.1444786688 298655.2934289664, 201813.4190329537 298650.52301565, 201815.0589909353 298638.2083618045, 201819.6095461782 298628.3351024325, 201825.3429426104 298617.4635725491, 201834.0774234651 298611.4742708156, 201838.0846916028 298589.2859280326, 201842.5443701076 298579.1907708322, 201852.9155741495 298577.1958703221, 201866.743302514 298577.1987202971, 201886.1210354934 298573.7634304154, 201900.4050540864 298566.9987343892, 201910.2308755985 298563.0067607937, 201925.2421144134 298559.0159027541, 201938.1616273026 298552.1400298086, 201947.4426542059 298543.4882569329, 201957.2685943461 298539.1634973471, 201968.7325782665 298532.3982985335, 201976.4667588664 298525.4104050781, 201987.2026527045 298520.1983113022, 202000.485642078 298515.6524693055, 202010.9476300177 298514.9891200052, 202020.0455779155 298511.8846702727, 202030.5993930683 298507.4492078871, 202038.7891079245 298497.7987719637, 202048.1596483961 298496.2476530793, 202053.3448658895 298497.247343441, 202061.3518830801 298491.0362055488, 202073.8165289373 298485.0479896792, 202081.7343897403 298471.0706454412, 202090.8329975374 298465.4145146594, 202099.1127041603 298460.4238771842, 202102.2089677265 298446.7782684054, 202108.9435523828 298435.7962088833, 202115.8603344096 298423.8156853959, 202122.957829107 298417.160606516, 202135.970770232 298401.4093790881, 202139.7024795315 298393.865951472, 202148.5280687745 298389.0973807677, 202161.6282154891 298389.433346493, 202180.8265543032 298377.5667695358, 202187.923433925 298373.7963316555, 202197.3834009038 298379.2349722481, 202206.93549702 298379.9029777581, 202220.7633368323 298380.682990336, 202227.3148527165 298375.0263713488, 202238.3234695996 298371.9226139586, 202252.0602342564 298373.1464349138, 202262.2495120177 298372.3723631627, 202275.349874713 298371.931873706, 202285.357826035 298368.7169756874, 202296.5487010317 298364.5038779341, 202304.7384050314 298356.5178714436, 202315.3851102182 298345.869804459, 202333.7640567973 298337.5536072573, 202354.5983618385 298333.0102433879, 202371.4300472191 298327.5783089375, 202387.896445878 298327.471705241, 202401.2699508947 298326.4767420804, 202413.3706771797 298322.2640315218, 202424.9249118365 298320.4919968298, 202435.2064659855 298315.1693694456, 202446.5781633551 298315.6162282054, 202456.7678249576 298313.7329187006, 202465.9597717953 298300.8657190027, 202474.9683347172 298293.3238743653, 202487.1596866543 298290.6645281797, 202499.3525513826 298282.5688574079, 202512.3644287691 298273.6968109583, 202522.7372179374 298267.819580273, 202533.0200420274 298258.3920725959, 202541.664490182 298251.9596501345, 202546.1095131939 298248.24074207636)"
TRAIL-073,금정로 15,금정로 15-2,202546.1095131939,298248.24074207636,203227.14942326176,297805.2799003284,129.02798684819666,35.28080146864441,129.03547110011166,35.27680691420152,911.1567829555886,"LINESTRING (202546.1095131939 298248.24074207636, 202552.4021029729 298242.9760757804, 202564.6876740248 298229.2222874211, 202576.2425960673 298225.5643692757, 202599.8109574397 298205.7118416097, 202600.3555965536 298209.9279363675, 202610.0008714895 298203.4958681754, 202624.6518905116 298189.9647379984, 202626.7475954676 298178.7598290864, 202637.1240695304 298160.9005931815, 202645.4048781843 298154.1353274558, 202651.686569134 298139.3813897648, 202658.239053234 298131.9499540389, 202662.5172674285 298124.0740690342, 202666.8875147264 298112.647950364, 202677.0813349485 298097.6732966446, 202680.9957404614 298089.5754214371, 202683.000231797 298079.4799572148, 202689.0076834523 298069.4966310687, 202696.9249053894 298062.0656308508, 202705.2061820626 298054.1909639293, 202716.3081353373 298045.0967503982, 202717.1281665677 298040.9920060926, 202725.0446327026 298036.2237275177, 202732.1436204104 298027.1283259295, 202732.9656761962 298016.3668415979, 202728.966152571 298004.8272784385, 202729.5140988748 297997.9488107407, 202736.7002638898 298001.5012492725, 202746.7986541013 298001.9480997806, 202757.3535587644 297997.0697074481, 202771.4564046064 297992.8580904548, 202781.5554866537 297991.0860660709, 202799.5719838864 297981.7721979255, 202812.4925749432 297976.228930107, 202821.6830485337 297970.7954595772, 202835.3323996591 297962.3678643168, 202843.9773817889 297955.8247882894, 202856.3518870816 297951.1689768993, 202871.9096204849 297949.7316199181, 202873.0959044803 297938.5264825702, 202881.4687454303 297929.6534965238, 202889.8394004315 297927.6591503619, 202903.6701593892 297921.3396850353, 202909.7665424983 297918.7898975489, 202921.5964820883 297910.3618468732, 202930.7865841214 297906.481727336, 202938.3399803699 297899.8274420445, 202942.8008320765 297890.9532406042, 202959.6316592643 297891.7353637081, 202981.3778310824 297884.9748339777, 202990.4781085702 297877.7663751638, 203009.406170032 297864.4591845912, 203026.6031522864 297858.6957594608, 203045.4421620495 297839.9522766946, 203054.814648246 297835.1847798579, 203064.6432469579 297826.8671860245, 203080.2952366091 297816.5545663328, 203091.759156682 297815.1161921621, 203102.2228386638 297812.1242492882, 203126.4271827363 297801.2599248774, 203138.0724719631 297801.5968031052, 203150.4449397763 297803.8200265675, 203160.0880500084 297805.9313653428, 203170.2759036036 297811.2603302825, 203181.0997028431 297819.1412814085, 203191.1065899926 297821.5856186406, 203203.3904792028 297816.9302515818, 203215.6726024032 297817.2674560001, 203227.14942326176 297805.2799003284)"
TRAIL-074,금정로 15,금정로 15-3,203227.14942326176,297805.2799003284,203992.3101222907,297568.75016389124,129.03547110011166,35.27680691420152,129.0438801853407,35.2746722139039,911.1567829556336,"LINESTRING (203227.14942326176 297805.2799003284, 203227.7774075879 297804.6239698086, 203239.788996955 297798.304369897, 203249.52534874 297794.0919343626, 203259.1719316032 297786.5511068015, 203264.1798369807 297775.4583494785, 203287.9372124659 297743.6255659922, 203300.4061799024 297730.8713653738, 203307.777628167 297725.3267806432, 203316.9692264773 297718.3405770713, 203322.0677721562 297708.4682884285, 203324.7988266957 297704.0314676559, 203330.8964992885 297698.7083242027, 203338.357208948 297697.9344608444, 203344.2685337054 297704.4824428812, 203354.1820909149 297713.4727197257, 203365.1895868848 297716.583295343, 203382.7473838359 297720.4729565046, 203398.8511487143 297719.9242777413, 203408.3127486633 297720.9263564433, 203426.870545978 297726.8135030797, 203439.9709315545 297728.9264538508, 203450.0708225058 297726.1566670706, 203464.6286796588 297723.6104929649, 203474.9091357436 297724.5020101792, 203484.2788426838 297727.8339921008, 203503.2040720056 297724.5129474884, 203516.2154075745 297721.6334194873, 203527.1332447896 297721.1938965333, 203536.3220616117 297721.7522201936, 203546.6966321195 297714.6557682698, 203563.8969597471 297702.0147377245, 203574.6358932715 297693.9199510015, 203595.6559079634 297685.2745384633, 203604.8480360097 297677.6229544236, 203617.3132744832 297675.5199737615, 203633.7825768785 297671.1997082128, 203646.8865362618 297664.5482536334, 203653.5303126544 297659.2255488501, 203669.1821842915 297651.5766474781, 203682.3753239012 297649.4740526009, 203698.1142183131 297651.5884544981, 203709.2100086933 297661.1343336225, 203721.4915939123 297663.247356307, 203730.9530344263 297664.6935556583, 203740.9593009155 297668.6917408518, 203751.2373489461 297675.463691598, 203767.7026405687 297680.9068867114, 203777.8921812755 297681.6877653164, 203789.0843267845 297678.1421954726, 203804.0962339662 297678.0375639881, 203818.0160882625 297678.5981694471, 203829.3888975257 297678.1592044929, 203838.1249107191 297673.8360341555, 203852.4108716366 297669.2933479475, 203873.7933257615 297664.8646727813, 203878.8003378449 297657.7663008104, 203888.4470669939 297651.4465488067, 203899.8242280011 297641.022565324, 203912.6578879728 297628.824097062, 203909.4770923297 297620.6127405073, 203916.8515567699 297609.1885353136, 203927.2327346881 297587.8914812361, 203934.6959573188 297581.6817751095, 203945.3398266493 297584.0162796103, 203955.4409105128 297579.2500373863, 203971.1818164001 297576.9270901207, 203984.4655303392 297576.1563243857, 203985.1059309353 297568.1685205756, 203992.3101222907 297568.75016389124)"
TRAIL-075,금정로 15,금정로 15-4,203992.3101222907,297568.75016389124,204449.99716216128,297943.2300822436,129.0438801853407,35.2746722139039,129.04891273211393,35.27804562939057,911.1567829555972,"LINESTRING (203992.3101222907 297568.75016389124, 204007.2137889432 297569.9534381602, 204014.9455372872 297573.8399714453, 204024.1336337441 297576.2848671008, 204030.5908788376 297581.8350304761, 204039.7774733604 297587.6083109031, 204051.9690462172 297587.6137753465, 204062.6123790735 297591.0578744635, 204076.0745370088 297598.0535194378, 204087.8098303258 297601.0543588916, 204099.6357952522 297604.720928725, 204106.6433053492 297600.5081792548, 204117.9267135249 297596.8521131479, 204127.2994616703 297593.3061329773, 204140.493150228 297590.4275883065, 204156.2348509442 297586.4407792555, 204168.5204815111 297579.7897053718, 204185.2609576751 297580.2412342634, 204202.0024134896 297578.5848272931, 204210.0945833252 297589.794108733, 204217.1855190919 297601.8904950533, 204223.3687997992 297609.3267448937, 204233.4628219494 297619.8713107791, 204242.0099793201 297630.7479980508, 204244.2817508239 297636.6291859651, 204245.0032365135 297650.1648960211, 204243.3564465568 297669.5796130631, 204239.7122534601 297680.1177390356, 204230.4261641949 297692.9830797159, 204222.9617915571 297701.4114553968, 204218.9515863874 297716.4981915797, 204216.2142397002 297733.471600837, 204212.2056649684 297745.1190254243, 204207.4697762533 297755.6566561154, 204207.5594117885 297758.5412855876, 204216.4703371118 297769.5290663287, 204223.1967357649 297782.6238017047, 204229.3778079848 297794.4978842772, 204228.9165672842 297808.0330421044, 204229.3663189341 297819.0168761532, 204227.4494087188 297832.5513525645, 204245.0088020018 297831.7829740604, 204254.3813041859 297828.3480704542, 204276.4047995965 297814.7121579953, 204284.0517726368 297804.8416178454, 204291.7886343605 297797.3009864916, 204304.2588421138 297784.7700618756, 204313.6306203885 297782.9994048845, 204323.4575146116 297780.785192864, 204328.2834417074 297772.4665793354, 204333.5607626396 297771.4706003491, 204339.743724471 297779.1288233119, 204342.9235923393 297788.3388447877, 204331.6403318564 297791.9946305454, 204326.9962651919 297800.5352210743, 204333.6342707629 297807.8608212872, 204341.5460866313 297814.9651477153, 204355.2817039719 297819.7424298877, 204364.8288159709 297831.6182310067, 204378.4720708013 297839.1691463949, 204390.3903662509 297839.1749358499, 204400.3989066017 297837.5156243202, 204409.9543425302 297832.194894502, 204420.5076841683 297832.7547853981, 204431.9672231405 297840.6375495965, 204440.6963817497 297850.516007307, 204449.517320786 297858.7303333573, 204450.965655963 297873.5977716313, 204451.3233343463 297886.2457583949, 204453.2268293997 297900.5586935995, 204455.2216803174 297914.095054641, 204451.6684805677 297924.3003068778, 204452.1195421718 297932.0667292761, 204449.4766830734 297941.162974578, 204449.99716216128 297943.2300822436)"
TRAIL-076,금정로 15,금정로 15-5,204449.99716216128,297943.2300822436,204237.3659571348,297832.9997853856,129.04891273211393,35.27804562939057,129.046575,35.277052999999995,911.1567829556177,"LINESTRING (204449.99716216128 297943.2300822436, 204452.3822975726 297952.702761948, 204456.6538908349 297961.5805276053, 204457.1936778726 297973.8957690422, 204450.4593913177 297977.7755460852, 204460.1900852903 297985.7684415244, 204473.4668064775 297997.9790420108, 204480.6506892844 298004.7502948454, 204494.4764799371 298010.41540132, 204505.3018763593 298012.3068760445, 204518.2188086723 298016.0854879606, 204532.6814567806 298021.640026229, 204542.0480651191 298029.743773515, 204553.4148710132 298040.4002914221, 204561.5061897505 298051.6098964532, 204563.0480345117 298061.0410634422, 204563.9494461843 298077.572434258, 204563.9450139401 298086.3371455193, 204570.5810435884 298096.7694035195, 204569.3930655699 298107.1977019023, 204567.657995658 298120.0665301236, 204566.1049957145 298132.7135595327, 204561.2812841117 298136.5942215374, 204552.8149418945 298147.573575849, 204550.8961048383 298164.1035251854, 204547.7069663421 298173.9760897602, 204544.9713732565 298186.5115821662, 204542.3269309875 298198.7142842252, 204530.2194174489 298214.1296591553, 204527.7581229626 298224.0025968481, 204518.2086973134 298218.0067397088, 204510.664492838 298204.4675830424, 204507.3949651319 298193.2604278522, 204501.4861874415 298183.9380350893, 204480.6575580754 298174.1644436043, 204464.0078015478 298176.4860535522, 204459.2766133222 298177.37128062, 204449.4538366705 298172.0410362509, 204436.6269842689 298170.4814809193, 204426.6207109311 298168.2576523418, 204416.9792600051 298164.1479356382, 204413.6139046893 298162.5930486718, 204403.7895150639 298160.4802801554, 204403.5192933964 298154.9328607956, 204401.5219839999 298146.3890638031, 204393.3404937436 298133.2934792077, 204386.7938068134 298125.8569297472, 204379.5230654179 298110.6538317698, 204373.9797827516 298097.670491858, 204364.3421489665 298085.4617949306, 204357.1588861484 298077.3592853581, 204348.0645047385 298070.476263779, 204333.9652505879 298065.9207070961, 204327.6007392953 298057.8186145534, 204312.321137005 298048.2699680266, 204303.3196796125 298037.1710986315, 204299.8678257211 298026.0748806806, 204296.7779193475 298019.083828378, 204283.9565108475 298005.5423551572, 204278.9556316128 297999.4379681199, 204266.9507663383 297990.5566269172, 204262.949890435 297986.005961806, 204256.5857822127 297976.794463493, 204248.2207181243 297966.3616248842, 204243.9500177993 297955.1540985296, 204239.132446988 297946.0542860542, 204234.6800292193 297934.2919505557, 204231.9537465997 297927.7448749704, 204235.5079459795 297914.8768400403, 204239.6076108667 297902.8966285869, 204241.159097328 297892.5794070001, 204242.0740998933 297881.4852667568, 204243.6273663495 297867.3958929683, 204240.4494059135 297853.9699698908, 204237.3659571348 297832.9997853856)"
TRAIL-077,금정로 16,금정로 16-1,204207.4685350557,297758.3193518641,203947.6110268433,297591.6725222969,129.046246,35.276379999999996,129.04338900000002,35.274879000000006,353.80955189970524,"LINESTRING (204207.4685350557 297758.3193518641, 204199.1876364939 297761.9767030398, 204194.821982364 297758.9791396992, 204193.2777421033 297753.763975199, 204192.5549506367 297742.8909629324, 204188.8316051646 297728.1334592797, 204185.4701635856 297717.703006564, 204179.5631045324 297703.2773320131, 204171.196620763 297695.1744279276, 204157.2790104898 297689.8426150161, 204145.4506837564 297691.6123056584, 204116.5186249789 297691.9319016281, 204115.9766860452 297683.2778924401, 204101.6941935341 297679.943021004, 204090.8706777186 297672.8375865896, 204082.4130548933 297664.845669669, 204069.1326638347 297658.5157703107, 204060.4031625437 297648.0829471487, 204044.9396266722 297640.753590886, 204033.748672563 297641.3033112318, 204031.4797382197 297628.7654383164, 204023.8407565796 297620.9958339008, 204014.015883886 297618.4397094778, 204004.7362553627 297617.3261311479, 203998.2813786846 297606.4505956989, 203984.2733315168 297599.3438801019, 203973.355861191 297598.5624482645, 203959.7093248322 297596.8922668631, 203947.6110268433 297591.6725222969)"
TRAIL-078,금정로 17,금정로 17-1,203327.3472271586,297701.4806565793,202438.3066599546,297258.82220479276,129.03657200000004,35.275871,129.02679894104475,35.27188369029737,1145.745937595083,"LINESTRING (203327.3472271586 297701.4806565793, 203311.1539182889 297698.0353864236, 203298.4150701846 297702.2466573396, 203288.8618514724 297702.9088453738, 203277.3050443785 297709.1175987098, 203275.0262609703 297720.8770114765, 203266.9275475485 297724.8681203937, 203256.5524485601 297734.0728611093, 203230.7121870766 297739.1670756756, 203216.7915209422 297741.0481800946, 203203.5997663342 297739.9340317693, 203193.4106349979 297738.0443449089, 203178.5812264015 297736.9296539171, 203162.569419002 297734.8160619857, 203147.4687236668 297728.9306636885, 203129.3661132565 297721.7129015724, 203120.4533200381 297712.1684893934, 203110.6318477785 297699.2954033384, 203096.3485925488 297697.1825249361, 203085.5211976745 297699.1758390154, 203073.1490237645 297695.6213573154, 203063.4129872231 297698.8354717313, 203052.678571027 297694.9487371254, 203037.9436399593 297683.1835267406, 203028.3942544307 297672.4185897809, 203020.8463567706 297661.8762240238, 203009.2049885761 297649.2245319129, 203003.0212897127 297640.1249297223, 202998.840718157 297626.3662802368, 202996.1145509737 297616.4912129781, 202986.0171361995 297611.8281502387, 202975.0094553973 297608.4961464356, 202970.5559905563 297594.404583914, 202953.3623160403 297588.6297690489, 202945.0811199493 297594.2852907397, 202931.9804598913 297592.0621132503, 202919.8797324955 297592.5019734034, 202907.2330081531 297593.2745108149, 202893.039986307 297592.8261682431, 202882.2122634501 297595.596345299, 202871.0236901929 297588.714150412, 202863.4746236847 297581.0565038637, 202858.0187280136 297571.5134505052, 202849.9254597441 297558.4193074316, 202840.4653387275 297551.9814792486, 202832.1890184321 297542.215663643, 202826.8265154038 297524.7955198345, 202818.5503632522 297514.3640434966, 202816.3674381556 297512.2553953823, 202816.3708650218 297501.2717801729, 202809.8225245789 297493.5035462681, 202801.0024920103 297476.4151804133, 202801.3688341049 297468.6491011765, 202798.4585450588 297464.8760476756, 202789.1796728679 297460.3244058409, 202783.0871874384 297449.3389100447, 202775.446707567 297442.457929956, 202754.4351078161 297424.2564148206, 202745.5204096582 297418.7064188934, 202738.9722512698 297409.939727087, 202726.8727304889 297405.6091855679, 202718.7768508829 297400.0594636161, 202707.4062091813 297392.2898542531, 202700.0387410056 297384.8542925678, 202691.3965585885 297380.5248335553, 202686.1216344927 297373.3117986856, 202677.4775916023 297375.1953058607, 202670.2923155575 297366.8722579628, 202660.2865819001 297358.3264931055, 202655.9218216261 297349.8933429152, 202646.1873500277 297347.0058988384, 202644.4618658135 297336.0217798339, 202636.4568900213 297330.3612134274, 202623.2657861987 297324.6991456568, 202610.7142209887 297309.8287986108, 202601.5265271749 297303.7241391461, 202593.9756547052 297300.7264355765, 202578.8731340807 297297.3937411683, 202563.8607364147 297297.0566283427, 202551.4872106493 297295.6108301204, 202542.1175863212 297289.1733431349, 202534.1123802843 297283.9566502186, 202525.7435354506 297277.6304069228, 202520.0141128947 297268.1984317098, 202508.3689763564 297264.7558756813, 202503.1812242817 297270.5236056777, 202486.7117650238 297274.7349859431, 202476.1585667466 297270.8489899766, 202465.9696028757 297265.85365011, 202455.1437013814 297260.9690941203, 202444.4078120969 297259.6348338918, 202438.3066599546 297258.82220479276)"
TRAIL-079,금정로 17,금정로 17-2,202438.3066599546,297258.82220479276,201873.9588433248,296685.6881595282,129.02679894104475,35.27188369029737,129.020595,35.266719,1145.7459375950955,"LINESTRING (202438.3066599546 297258.82220479276, 202425.210624425 297257.0779080918, 202411.1110583233 297245.3139006852, 202401.1945726787 297241.8719449347, 202391.1880638392 297234.7687724549, 202380.9092849844 297225.0028457143, 202367.8111515763 297210.5764771784, 202361.535258587 297202.4758071093, 202360.9905916884 297197.7050054241, 202361.9927417645 297192.7127172511, 202357.810666692 297180.1747756415, 202347.8038533473 297173.8482708161, 202334.887134745 297161.0861817793, 202324.6060113713 297159.8631275099, 202310.9595318731 297154.2014006395, 202301.6803776677 297148.5408068515, 202285.9420232557 297139.5502182478, 202276.6616912166 297138.4384176545, 202262.8327592713 297134.4409010247, 202262.1062298947 297129.0043869468, 202271.0231577354 297128.008115666, 202283.9454309421 297119.357622648, 202288.6794619951 297108.5971033234, 202288.3197052045 297092.0661257503, 202287.6855240861 297081.3042472718, 202283.5028731501 297070.4305252589, 202278.7736728804 297061.9974692671, 202276.228801287 297051.0132189454, 202260.0363421737 297037.9175776532, 202259.9455769323 297037.0299906489, 202270.7744755655 297031.4854310593, 202283.2416401249 297024.0552245871, 202297.0718048479 297023.8368417254, 202307.8087619266 297022.1753969023, 202315.0906980604 297010.7498713849, 202322.6474141623 296992.3348542712, 202316.1012679278 296972.9177053739, 202305.9128142995 296964.2613465406, 202301.9100991284 296961.2647959849, 202295.1801321064 296948.8371841406, 202285.0825915599 296940.2918177922, 202274.8930091018 296935.8514238519, 202271.3460507332 296929.5266362971, 202263.1600051695 296917.8753013795, 202251.2432340763 296906.8887161824, 202240.1438746564 296901.7824618417, 202229.9538430292 296898.8953559808, 202222.1318358297 296886.5784757119, 202215.9454320583 296883.1376444473, 202206.3932707268 296876.2566835437, 202201.9370804129 296866.9361730388, 202191.2002275768 296867.4882884632, 202186.1059644344 296862.82734231, 202181.0066844029 296878.9132076256, 202180.5491402421 296889.6748115254, 202188.4616255043 296904.3215334794, 202191.9168550986 296913.9746313375, 202186.4557083119 296921.5176021886, 202183.7260775273 296921.4059960544, 202174.1747069613 296911.3076491167, 202165.0762370247 296909.6412800148, 202152.9759559939 296904.5348928821, 202143.9705980779 296893.8819808519, 202138.9684445882 296884.4504260854, 202132.7838684492 296873.1325212152, 202123.5053573526 296863.0342931432, 202117.5928563248 296855.3776646815, 202111.7715421948 296846.8334974942, 202104.7682597125 296834.4059660358, 202100.6760053141 296824.6418090322, 202092.4895158326 296813.545358286, 202082.6657530641 296800.0077364683, 202079.2105418068 296789.5780637283, 202063.8338292146 296787.0227895396, 202059.1961001465 296774.9286721054, 202059.200325658 296756.4007764556, 202056.7482389721 296735.9862482375, 202052.4739825017 296725.8892366789, 202044.1039562945 296721.0057367407, 202036.8256337205 296716.8991091673, 202023.2688474817 296713.2348603551, 202011.8951354052 296712.6775915106, 201999.7023828118 296712.6748829619, 201987.2362186275 296714.6691493326, 201973.4963605963 296715.8865360797, 201962.3043890442 296716.4388242206, 201947.381204128 296719.7639577353, 201937.3729977691 296716.2115494095, 201925.9092401242 296711.2165503978, 201911.3520894196 296704.7786194262, 201901.1625948483 296697.7869031911, 201884.5124287961 296692.2361389968, 201873.9588433248 296685.6881595282)"
TRAIL-080,금정로 18,금정로 18-1,205672.3549909587,293968.4497154895,205408.8270343752,292953.2524202235,129.062321,35.242213,129.059419,35.233064,1311.8084080073324,"LINESTRING (205672.3549909587 293968.4497154895, 205676.1882145595 293951.8103600331, 205677.6514809836 293940.7167712914, 205671.5591495676 293931.2826144456, 205659.8212057092 293925.7280021657, 205646.8071118543 293923.1681247656, 205637.1613309172 293919.6118607908, 205628.3288396038 293925.4864448422, 205617.4996711177 293922.1513551024, 205612.8599154598 293918.598230047, 205597.9363942125 293912.8198303595, 205586.7433292908 293909.1517169844, 205578.7372900181 293903.2666828165, 205562.8998433062 293903.4788108198, 205537.8703602199 293902.2430435851, 205526.313113825 293898.6857271022, 205516.5769176535 293894.0200861385, 205505.5694844707 293884.3611532915, 205502.5739561544 293871.0459213709, 205499.0341921802 293854.6238978939, 205493.0348610711 293841.5287327414, 205490.0388955858 293828.8791759513, 205488.7718954986 293816.8963405625, 205488.6906450791 293800.809258706, 205484.3286166108 293789.3792706578, 205473.1379730253 293781.3844436452, 205466.7717226839 293772.8378221728, 205460.6724217411 293774.3873656618, 205446.6566964659 293772.0490625274, 205431.4594326824 293766.8254998884, 205420.360200699 293758.0541782674, 205412.7201275863 293748.6192711195, 205410.9976443157 293737.0799556638, 205411.3698309196 293723.5448839654, 205410.7414521134 293708.8997631787, 205417.6697532633 293691.0417632404, 205422.7743267525 293678.7299260927, 205423.6065001508 293657.0961451371, 205423.9779097121 293644.8924153451, 205423.2559276113 293634.5740950342, 205420.2589968231 293623.255905239, 205406.9782367119 293609.1579334773, 205393.2424569259 293594.8378200574, 205377.499655226 293588.0607944403, 205363.8453383059 293589.7168564013, 205361.5752460977 293580.5070735463, 205360.5812388846 293568.3025328571, 205362.6840350593 293552.6605340857, 205366.9691437074 293540.7919618291, 205374.5295667857 293531.4770737872, 205379.3599139017 293521.1620619743, 205384.1951624052 293502.6371258399, 205387.4762245101 293495.5386009647, 205385.6631655989 293483.1116808883, 205383.9398694717 293472.7927697606, 205376.6658541174 293459.5859859254, 205371.3942712336 293446.491342935, 205367.1218921898 293436.8365911415, 205362.1236169474 293423.2983363932, 205359.4912268629 293410.9818819815, 205354.7715845829 293388.0134737777, 205349.6818453808 293375.1408426572, 205343.044806823 293362.0454100034, 205336.9537001119 293349.2831397395, 205326.7679017081 293334.0776706629, 205319.8602061627 293316.7661877161, 205319.2301476948 293304.6728156861, 205314.2339448002 293287.3624628575, 205309.6888093429 293276.9309656806, 205304.1416024252 293267.8302224321, 205301.3211807657 293265.4987238311, 205302.4199938001 293254.4048726151, 205302.0637653585 293240.980324137, 205298.7014725364 293231.3261417831, 205300.3435145093 293225.2251320876, 205298.1652665068 293214.3512500555, 205299.3566687296 293200.5947748413, 205296.9048798605 293190.4973477903, 205293.9105010988 293174.2976319351, 205289.9142354736 293159.095835612, 205285.7315567276 293151.3272432633, 205286.6472077893 293142.1193488608, 205292.3907872916 293126.9232533443, 205296.7683961355 293112.7248657275, 205300.6891266429 293101.5217257233, 205305.9756005287 293089.7646644431, 205311.0787298825 293080.2263972616, 205319.1940647437 293056.5998994924, 205322.2948798211 293046.6166814557, 205327.8539739859 293035.7473536923, 205336.8736467918 293022.328338621, 205351.2687282688 293000.92447909, 205359.7424983592 292987.1723295542, 205377.1361520737 292974.9787179311, 205389.5203755104 292967.6637281952, 205402.3610212377 292958.2410749242, 205408.8270343752 292953.2524202235)"
TRAIL-081,금정로 19,금정로 19-1,207647.2335469468,300030.5323853567,207173.06175966587,299603.4433025914,129.084075,35.296839999999996,129.07885814444376,35.29299399238072,967.3978541461009,"LINESTRING (207647.2335469468 300030.5323853567, 207640.1273174989 300044.1727383128, 207635.1168779639 300053.3770252595, 207626.0078497881 300069.1236712518, 207617.9941765412 300080.3224597945, 207615.4386739393 300090.6382934453, 207608.9721372061 300100.8398814163, 207604.505535357 300112.3745140102, 207598.4014499587 300124.2406077416, 207589.0218357082 300137.4353028572, 207582.7379274753 300146.8604407607, 207577.4547351685 300156.0645315466, 207572.824827146 300145.5207578244, 207563.7331206555 300140.8533899343, 207547.3620276288 300139.6192675121, 207536.8073995698 300144.0482874456, 207526.8876228596 300150.6967726582, 207516.5190908411 300150.1333946269, 207510.8918241718 300135.7057064449, 207500.5303785063 300126.5994990334, 207489.4414447763 300117.2708072635, 207483.4466056271 300107.2806777445, 207477.1783314148 300097.9560025761, 207466.5422849149 300090.8466378647, 207458.9072443797 300084.4054440336, 207447.8129935469 300081.4007299605, 207435.3566696648 300075.6212530416, 207422.4468235847 300068.2881742181, 207412.9925016167 300061.9564687215, 207398.9908601002 300054.955364832, 207387.255219216 300057.6084523186, 207381.2612259409 300046.3979851974, 207375.1766233634 300034.7436636627, 207370.6364670817 300025.3095310818, 207364.9152133857 300014.2102444842, 207361.6489851408 300004.1114803447, 207359.0219878347 299990.9067475856, 207356.4852166882 299978.589658444, 207357.6759948291 299968.3835865438, 207353.6811729402 299959.39369291, 207344.4077012277 299954.171669365, 207335.2262596475 299947.6183768615, 207325.682233466 299939.511553687, 207314.4024248603 299940.7228065623, 207311.9585155025 299925.9649918748, 207307.4239007912 299909.5412924853, 207297.0615409111 299900.9900528362, 207290.701523161 299892.2201672691, 207286.5298813994 299876.7952876784, 207288.8121008461 299866.5900901704, 207289.369600156 299852.0566014853, 207283.7453665799 299833.1912213745, 207272.2963036241 299818.5370987748, 207267.7573605927 299807.3278850625, 207264.9494099443 299792.6807390997, 207257.1320532404 299786.2395730637, 207255.144681078 299769.1522770361, 207247.6956833665 299757.0531655215, 207237.9727502168 299744.8412894021, 207229.3410475769 299732.9631367965, 207229.2581787964 299722.8669773451, 207229.9045055414 299710.8853192145, 207238.1906376108 299700.0192492716, 207238.8333273446 299692.586378163, 207239.2966787193 299681.9359272129, 207239.6696935337 299670.5087814733, 207243.7709538126 299660.5269279724, 207245.688621315 299651.208998612, 207240.9701315616 299636.8931674837, 207239.2499699243 299626.7956952172, 207236.2546527917 299618.8051755486, 207229.3476288695 299611.2553054081, 207222.2581372053 299604.3709709157, 207214.8045218512 299597.8191890179, 207202.3420656335 299598.6967984141, 207189.2389013974 299604.5664868578, 207179.77448049 299610.1062516425, 207173.06175966587 299603.4433025914)"
TRAIL-082,금정로 19,금정로 19-2,207173.06175966587,299603.4433025914,206759.04841261863,299055.92697256885,129.07885814444376,35.29299399238072,129.07430211972738,35.28806189367739,967.3978541460407,"LINESTRING (207173.06175966587 299603.4433025914, 207171.0490524436 299601.4455186781, 207162.9563751847 299597.7778691294, 207150.5897228248 299592.5535931688, 207144.4991543856 299587.6671409777, 207133.8604887765 299582.7770950002, 207123.3090938815 299582.5468646361, 207115.3091799333 299576.5494642443, 207106.6658789904 299578.9834638065, 207104.0357615691 299569.1071938405, 207093.389462155 299573.8694959097, 207081.9246044349 299578.520221834, 207071.3737252057 299577.6243763518, 207065.0934464573 299582.6120275341, 207056.4527686263 299581.7176957881, 207046.2629647853 299584.3724356614, 207038.98186575 299589.6921614619, 207030.6116562452 299591.9045548712, 207022.5209001452 299585.6852739133, 207022.982014528 299577.5865714648, 207009.4287833069 299577.4650838101, 206998.6912378281 299582.6712108474, 206983.6850300319 299579.4421453922, 206973.7806532502 299565.8990655849, 206965.7826815414 299557.2390947191, 206966.4269558437 299547.4763406755, 206953.2393233539 299545.0253530793, 206943.6006618624 299540.6910332077, 206932.1385679575 299541.7916780949, 206921.4063878396 299540.0083005816, 206916.590323023 299533.5697365009, 206912.9606731124 299522.0285665949, 206906.5998443095 299513.4808497686, 206897.3252314584 299508.8140203117, 206888.9622684504 299501.4851918733, 206875.8652568593 299499.3672250552, 206858.5879209103 299492.0316346864, 206845.7624296771 299491.6890545225, 206838.2130280808 299491.017652456, 206830.7563523169 299488.0164603706, 206822.38878508 299486.6787759188, 206811.3857238633 299482.121674162, 206797.0167746901 299477.8948872312, 206792.5641890399 299471.7895021845, 206772.0079005399 299469.9989109022, 206768.4678376251 299460.0111122337, 206761.9248188084 299451.5743079432, 206763.3854691995 299444.5858038125, 206768.2130946388 299435.8246892332, 206762.0355747195 299425.1692391536, 206757.6803852453 299410.4101559913, 206754.0498176335 299399.7566201072, 206748.5988042941 299390.6549679563, 206746.6062310191 299379.1150928727, 206739.9706769313 299372.6752645765, 206742.1601956855 299364.134058376, 206737.6171325449 299357.2520120645, 206730.8000415181 299350.2573251915, 206727.7204985512 299332.5036682401, 206722.1767173604 299325.7318298555, 206721.0022803987 299314.8582472764, 206712.73094945 299306.1983014149, 206708.2793767318 299298.5397167247, 206702.9183138255 299290.658566563, 206704.5612036125 299283.2264060823, 206706.4752588111 299278.1243132931, 206717.6663344266 299274.9152058411, 206725.5871464739 299265.7125904025, 206732.0537749852 299254.8447069878, 206728.4225347676 299244.9678054778, 206734.7958971413 299237.2063422522, 206740.8978665215 299227.4476531574, 206750.0952489373 299214.2519584265, 206759.3866994577 299196.9513426287, 206766.2175306244 299185.7509195686, 206767.773104278 299173.5480292942, 206772.4218611008 299160.9036770286, 206777.7042269975 299152.4757501536, 206784.5332789483 299143.7161515306, 206787.0921851814 299127.9637489426, 206792.1890594659 299124.3063678186, 206787.9213167727 299114.0961272036, 206779.2827475275 299109.7627394053, 206772.9205842375 299102.4355276037, 206767.2867269141 299094.3322449333, 206762.2966954345 299076.7990421082, 206761.4893011241 299061.7097871288, 206759.04841261863 299055.92697256885)"
TRAIL-083,금정로 19,금정로 19-3,206759.04841261863,299055.92697256885,207158.30874351854,298554.49007507367,129.07430211972738,35.28806189367739,129.07868680607888,35.28353946663391,967.3978541460801,"LINESTRING (206759.04841261863 299055.92697256885, 206755.5869094529 299047.7261756618, 206743.8594383036 299037.9541585129, 206738.0463968446 299026.0785988895, 206726.7721444844 299018.4149158148, 206721.7756273764 299009.4245704439, 206714.5938944253 299003.0953040629, 206707.0502599347 298994.1030718595, 206701.6924754058 298981.5621994124, 206698.2428622882 298971.9073411841, 206694.0690367697 298957.4812718865, 206689.2547186061 298948.0472969372, 206683.3519758374 298934.2856271149, 206677.9029078212 298922.0775402352, 206672.99733905 298912.9763447826, 206676.9168687927 298902.3284355775, 206684.9284407316 298893.7915316337, 206703.0464703947 298873.2799778185, 206708.4235374962 298859.9704636839, 206704.4317792827 298845.3226356181, 206703.6205570759 298835.2259545824, 206700.3525813209 298825.9040704644, 206704.9118532082 298811.3735428576, 206708.3699346401 298809.7119245434, 206719.8232631216 298821.5916596518, 206733.6440831168 298830.3666904722, 206745.3718358032 298840.1386908961, 206752.3694140324 298849.5743278781, 206775.4620938574 298867.5648782398, 206787.0150756025 298867.6845070085, 206804.932959522 298871.6920559993, 206819.7576322075 298876.0301399061, 206830.3993175616 298878.2571080791, 206836.7707561373 298873.4912588564, 206842.8749318814 298861.2918346002, 206854.7989617173 298851.9814281657, 206871.3619419753 298843.3402446829, 206882.0122847152 298834.2507962957, 206890.2982905362 298824.0500955546, 206900.4954394813 298812.8523506722, 206909.6910126305 298802.8742554556, 206919.8905919511 298788.5700490338, 206926.9921997133 298780.8092842904, 206937.37146831 298769.5007754935, 206945.8449167537 298752.3106783756, 206952.4004973111 298744.8823513501, 206960.331084576 298723.9196893701, 206964.88671588 298714.71469473, 206969.3542136289 298701.8484197189, 206973.6362669164 298693.5307856393, 206974.6468074117 298680.7727884754, 206976.6561448885 298670.4563735324, 206976.4819229116 298660.4711083744, 206974.5793333021 298650.3735613877, 206975.6815372522 298636.7280688843, 206977.5998283234 298626.5225303089, 206973.8772014259 298617.2001980092, 206978.7053001955 298608.6610975416, 206985.9873253159 298603.1194380805, 206995.9002286248 298607.010223971, 207010.8353531697 298586.7187187102, 207023.9366816657 298584.9537730668, 207034.6724002657 298583.6307854733, 207044.1391056827 298576.4266881997, 207054.4191969889 298576.1018813505, 207064.7906084721 298575.3333741809, 207079.2533235632 298577.6745724108, 207090.2679028272 298568.8075497451, 207097.5498542335 298563.4878721106, 207112.0182636525 298558.6176450178, 207125.0266660728 298559.4045280901, 207145.6756702407 298561.5288276831, 207156.9577075909 298559.6516887375, 207158.30874351854 298554.49007507367)"
TRAIL-084,금정로 19,금정로 19-4,207158.30874351854,298554.49007507367,206632.51977751838,298546.67215234716,129.07868680607888,35.28353946663391,129.07290707835122,35.28347262191389,967.3978541460859,"LINESTRING (207158.30874351854 298554.49007507367, 207159.5126733961 298549.8904779948, 207157.8862619579 298535.9100069937, 207159.8987457277 298521.9324231139, 207171.3667482675 298515.0628853467, 207180.9258435856 298506.3057630785, 207192.5752084741 298500.2130177722, 207197.1345516616 298486.7922024944, 207201.6916062647 298476.2559805211, 207206.2512408034 298462.502332899, 207210.1704419985 298453.2969565777, 207214.0046202334 298436.6581412413, 207224.1219371564 298412.5909829744, 207228.8601191996 298403.1643793016, 207223.4083572965 298394.8390745215, 207222.0517414909 298384.8528617379, 207216.5980103195 298378.9683685361, 207203.3089060338 298387.6115277722, 207192.8339125524 298403.912213284, 207185.45417716 298417.5526747043, 207169.8961997859 298419.4263797112, 207153.9782047947 298416.4182083528, 207146.7977946507 298408.2025254613, 207142.3466713381 298399.878062282, 207135.806387871 298387.4469526483, 207131.8098508297 298379.455691997, 207125.7264232227 298364.4731966567, 207117.1844832385 298352.2624126737, 207107.6363847039 298346.9294868929, 207098.1785511071 298342.4842090315, 207086.9934151409 298336.4843426927, 207073.717939417 298327.820151381, 207061.6266700514 298317.1598812338, 207048.6195594934 298314.2651207586, 207033.0638540709 298313.032580054, 207021.9644334782 298313.6896117515, 207005.4018879539 298320.3334897951, 206987.014895369 298333.4108441549, 206977.9067315002 298347.2720268996, 206973.350988286 298356.3660644477, 206966.88351373 298367.1228159743, 206955.2355840297 298371.3297732088, 206944.2249953253 298374.8715608247, 206928.4836846487 298378.5206744119, 206921.1976850537 298389.0549387844, 206911.456771075 298397.8121950953, 206900.4347790883 298416.3317170888, 206895.0572508939 298429.5301630183, 206883.1287297621 298443.944017614, 206873.9358638945 298449.9280865775, 206860.6487958958 298456.4637806069, 206848.7332481673 298453.9029748299, 206836.8091200849 298462.6586555677, 206825.4376503807 298462.4281557183, 206815.6991710362 298468.1899796637, 206807.8647756615 298482.3851356397, 206805.2138440485 298499.2469068595, 206801.1136326029 298507.786647079, 206796.3827208318 298508.2268661771, 206783.9223883319 298504.3343850323, 206774.0024519232 298509.5413884486, 206758.9017437804 298508.5315525833, 206744.3436343268 298511.8490361214, 206732.6959128537 298516.1672268685, 206721.0420876682 298528.6954220054, 206712.1234882853 298533.1266183049, 206697.204593044 298532.3389125463, 206681.1882763305 298539.3166293586, 206670.0859623217 298544.3009799793, 206660.3493903991 298547.7331100876, 206648.6153610861 298545.8383772305, 206638.5170322506 298546.3856718567, 206632.51977751838 298546.67215234716)"
TRAIL-085,금정로 19,금정로 19-5,206632.51977751838,298546.67215234716,207361.32738491756,298229.00330628356,129.07290707835122,35.28347262191389,129.08091554241304,35.28060425027974,967.397854146101,"LINESTRING (206632.51977751838 298546.67215234716, 206622.5053457293 298547.1505277804, 206608.8584526242 298548.5828189249, 206595.6680468327 298547.7965470646, 206607.1347730331 298542.0357507265, 206618.8738613093 298537.0517897888, 206625.4258253032 298534.3938972743, 206634.1590916384 298534.5112594788, 206638.7115465008 298529.3001519888, 206647.9049924818 298522.2063850349, 206658.275365993 298522.8797060724, 206672.7398279155 298523.1122820623, 206683.5653896931 298523.3421853265, 206695.2154654237 298515.8065029505, 206712.5908122065 298516.3741405696, 206725.7901848173 298505.178436876, 206738.895634713 298497.9767333972, 206749.1812801843 298490.3291561155, 206760.1025898013 298484.2353087855, 206772.2095598574 298474.1483135738, 206786.954359244 298464.6180475, 206792.873455482 298456.8562913504, 206806.6146702412 298451.2084070077, 206816.4389394552 298452.3252810996, 206827.4461935285 298452.9992774285, 206839.008618212 298441.3587181226, 206843.3824046988 298432.0425823188, 206850.848625488 298423.6163626981, 206857.9538325584 298411.4177161071, 206866.6008848723 298405.4332158099, 206875.977513804 298397.1194169111, 206885.6260657093 298390.1371854464, 206891.6424545975 298374.2765222666, 206901.2062625865 298359.1951964482, 206905.310965543 298344.9972688636, 206911.0492277804 298336.0150486225, 206922.790369524 298328.9235142645, 206937.7126527717 298325.7175444877, 206950.3615237288 298321.2894439735, 206955.4689237144 298304.6515037474, 206960.8435334856 298295.4471436001, 206974.1327973565 298286.470791363, 206986.8758942841 298277.9378192119, 206997.7940944762 298276.3930371337, 207011.2539956811 298282.0617215705, 207022.9903652128 298281.2942264679, 207039.6369602827 298283.6370588313, 207054.3778440657 298279.8764112498, 207070.8465694761 298277.0047080124, 207087.5840480672 298279.4586458554, 207100.2279077931 298281.5765556121, 207115.7839209869 298282.4763746636, 207136.2452946855 298292.5886025522, 207144.5176792489 298300.5832481419, 207155.7984589246 298300.7031318038, 207165.3501017035 298301.5982773592, 207175.8132541802 298300.2752409822, 207188.9228969535 298288.636361557, 207196.6625725788 298280.0997008205, 207204.2219955425 298269.4549320336, 207213.7837766989 298257.7023117228, 207220.2502037593 298248.7208704908, 207234.5403462221 298239.9675940514, 207254.0077338037 298241.6474083517, 207264.467486047 298244.6513594058, 207269.9241274932 298246.9856159097, 207282.2049847638 298247.9940297622, 207292.0322862788 298245.5611566489, 207304.6828812957 298239.3584206704, 207317.6965857669 298234.1545093528, 207334.5358733154 298223.2954876979, 207346.6343532249 298224.8585700697, 207357.2786682881 298224.6453497549, 207361.32738491756 298229.00330628356)"
TRAIL-086,금정로 19,금정로 19-6,207361.32738491756,298229.00330628356,207518.19200254683,298680.02407066734,129.08091554241304,35.28060425027974,129.0826439235559,35.28466831709419,967.3978541460727,"LINESTRING (207361.32738491756 298229.00330628356, 207366.4591347632 298234.5270178173, 207375.6442961256 298238.6395158116, 207398.1256710256 298225.8991462961, 207410.9589557 298218.9200881629, 207417.150674011 298212.3793707066, 207424.0708457518 298205.0626359426, 207437.9016219652 298202.0784867333, 207451.1825223398 298203.9755212653, 207465.9190283643 298205.87377942, 207481.4756889661 298206.1085540299, 207491.2134959795 298202.0116360421, 207500.0431214715 298196.0278946353, 207504.7715565313 298198.8054712264, 207515.8735572604 298195.2644435311, 207513.5908489818 298205.2476677269, 207511.4882500779 298217.4499592501, 207505.749129756 298226.6536886811, 207497.6427251553 298238.1853174345, 207490.2670899394 298246.1672932321, 207473.151883279 298260.4651176226, 207463.7747446595 298268.5564038829, 207471.5039512665 298273.000633344, 207484.2420185721 298271.1251089124, 207501.7083965557 298272.1381235759, 207520.2678577423 298271.4878951911, 207536.2770556624 298274.3858419825, 207547.8234585941 298283.2711593286, 207551.551573582 298285.4931951234, 207556.2784595613 298290.045931512, 207565.5457102149 298304.5876021872, 207565.9030980364 298312.3541114655, 207564.98702754 298319.8976615388, 207561.3361467623 298334.0956712939, 207554.9613436675 298341.9674880797, 207552.4972373377 298351.2848776216, 207544.5765426966 298358.3787872438, 207544.8415808311 298367.8094069863, 207533.3806079873 298365.6918608597, 207522.0102340049 298364.0181882648, 207502.9979373118 298362.4491189829, 207485.0775998166 298360.5481578445, 207479.0666862779 298368.5312760299, 207473.510469496 298376.7366665596, 207465.2238528547 298386.3820976793, 207459.941956719 298392.923535709, 207447.0127801298 298406.1154147514, 207440.2752394243 298412.7666091641, 207432.8929435369 298429.0695680275, 207427.7013385962 298436.4986665497, 207426.8734473132 298447.5925721695, 207418.0334455617 298466.5570452831, 207414.3860451893 298476.8720140806, 207413.2856198282 298487.5219141383, 207405.0892313673 298498.2769345761, 207403.0780008579 298510.2574393812, 207400.1566866165 298522.6809819906, 207398.7781811729 298539.6545718924, 207400.134668631 298549.5298680906, 207401.4893330689 298561.6240809318, 207401.2989259774 298571.9418925325, 207396.3637029274 298599.674319237, 207391.3533512087 298608.1021018881, 207386.5278581314 298612.9797700005, 207385.7055722641 298617.305986936, 207392.421379207 298636.9489105373, 207395.4141591164 298648.267844894, 207408.1399308869 298660.7042249553, 207421.144693988 298665.7074769145, 207444.4263296165 298674.1585435851, 207455.7985268989 298673.1694198086, 207462.707091843 298679.4990477079, 207473.0812688263 298675.2916889627, 207498.554338154 298673.8705246609, 207510.6508006755 298677.0980165335, 207518.19200254683 298680.02407066734)"
TRAIL-087,금정로 19,금정로 19-7,207518.19200254683,298680.02407066734,208279.796298187,298593.7849313055,129.0826439235559,35.28466831709419,129.091015,35.283885000000005,967.3978541460805,"LINESTRING (207518.19200254683 298680.02407066734, 207525.838044957 298682.990803873, 207537.7527292174 298685.9962887399, 207553.296951638 298700.0994184606, 207560.7503219876 298707.5390371496, 207570.4796197501 298712.9835447642, 207577.1131126869 298721.7538403889, 207584.2940004955 298728.6385204382, 207596.8389528061 298739.2998822664, 207608.3010264942 298739.5314316016, 207615.7549744151 298746.1944753621, 207626.0302061124 298751.4176123202, 207633.9389818016 298758.0810556943, 207644.5793857363 298761.7512798694, 207654.7644601301 298765.9758599967, 207666.7695851551 298769.4253764319, 207682.7776638437 298772.5454785424, 207694.4161460238 298779.2121517585, 207703.1514371079 298776.6678485187, 207713.6136451311 298775.9001648145, 207726.7105637209 298779.1288026897, 207733.535209851 298776.9157307075, 207731.1791170735 298766.2629019629, 207742.7333611861 298765.0524040102, 207751.7399696585 298764.3944614836, 207767.655243564 298769.6226072412, 207785.9345694593 298776.1841720089, 207794.9368570561 298780.5188360579, 207805.9410489971 298784.1895651555, 207819.7699122173 298782.537350179, 207829.8669925414 298783.2117820357, 207840.6931801199 298782.33361558, 207850.9728746841 298782.2316081667, 207853.2567782711 298771.1390017958, 207873.4526039145 298770.6018721768, 207884.5529813729 298768.2817003677, 207888.6533257997 298760.6300145397, 207894.6657013676 298751.0939224284, 207904.0341752091 298752.7663131466, 207914.1374133192 298746.4512506015, 207922.4211617557 298740.2455476186, 207931.2495736495 298735.3716822145, 207942.9889508187 298730.6113334025, 207950.2728404156 298723.5172084765, 207952.2767333968 298720.6343800483, 207956.1007233724 298716.9765352077, 207969.4768245805 298713.1052316464, 207984.7678367506 298704.1321293724, 207991.6850479715 298700.2551455255, 208001.9678882292 298696.7139888293, 208014.2559371099 298688.8477333288, 208020.994485502 298681.3093976413, 208027.5467602856 298678.6525221528, 208039.1945005249 298674.7797844762, 208053.3013398969 298667.6918243254, 208064.5839320013 298665.261090589, 208070.1395181778 298658.1655182316, 208082.244444796 298651.7414887311, 208093.7093057434 298648.9781168787, 208102.2646869894 298644.4370118572, 208116.3660351289 298643.5621172212, 208127.9272848272 298634.8077955808, 208142.3037672402 298631.4923789389, 208155.2268226833 298625.8458070982, 208164.2372149323 298621.1942261641, 208173.6116032673 298616.4320380153, 208185.9892727727 298610.3412325594, 208194.6398398443 298601.2515187324, 208201.4720971864 298590.9397553341, 208207.667263838 298580.9602554779, 208212.0472441304 298566.3193794051, 208216.6936897344 298558.7792868727, 208221.4294980186 298553.0144128326, 208223.4381663329 298545.0281373743, 208231.5355100896 298544.1479528864, 208239.7285891392 298538.0534051949, 208250.2834120761 298535.8441308607, 208261.2854844317 298541.9562217665, 208268.8299858997 298548.7308326969, 208273.9169044975 298556.9454932384, 208281.2741452025 298569.4891308297, 208292.7346860174 298571.6076282075, 208285.6262358429 298585.3583924818, 208279.796298187 298593.7849313055)"
TRAIL-088,금정로 20,금정로 20-1,206507.3044810273,298588.6714169205,206197.8791732305,299311.6737935562,129.071531,35.28385200000001,129.06813513003357,35.29037067332552,964.8489921769127,"LINESTRING (206507.3044810273 298588.6714169205, 206498.6659929132 298583.3397898442, 206490.5687774995 298584.332474814, 206477.1054984199 298583.5461798599, 206465.5548524285 298579.6547909725, 206461.6383727621 298586.1977917253, 206459.2632569684 298599.9533788734, 206453.2557123061 298604.7197529321, 206440.9686776385 298612.920968542, 206428.7720044768 298622.0098322893, 206418.760642393 298628.3266200011, 206410.023366255 298633.9786485944, 206399.1930528308 298640.6277139716, 206389.6381595644 298644.725940316, 206377.1676483311 298655.256976524, 206365.7916364549 298661.7947505717, 206355.1447375995 298666.4469725592, 206344.4123392211 298663.3329356063, 206337.5896648214 298663.1062493687, 206337.7635027501 298674.6447426917, 206339.9383868562 298686.6284254857, 206336.9287135833 298697.4990076813, 206329.4624990681 298706.9241673729, 206325.0896871799 298715.7967717933, 206323.7158763661 298728.9983692848, 206315.5210073045 298739.7543808981, 206307.6901936357 298750.2887627929, 206302.6822607747 298756.8310708812, 206301.5813213228 298770.1438089699, 206297.7529929176 298781.0138337328, 206295.5626714841 298791.1083817273, 206299.0094544019 298805.5337539753, 206307.9181186325 298814.6375413633, 206316.5540895256 298823.4083090963, 206323.642942332 298833.0655680569, 206320.8134102365 298846.5989858575, 206318.3504044189 298856.3605005851, 206314.2480204236 298868.8945164494, 206315.4231624307 298879.5461463247, 206317.0536115988 298889.5324198102, 206325.687557174 298901.0768438947, 206333.3216052827 298911.5111153943, 206333.6747319193 298926.8219000324, 206321.1104422469 298942.0126800703, 206315.4635762085 298951.7719669001, 206313.270714024 298965.5277268845, 206312.2602081001 298979.6171525743, 206303.3354345007 298993.8119919732, 206288.5042908727 298998.6832635944, 206277.2208240268 299003.6679730888, 206268.8470990833 299010.4298528676, 206261.4717963167 299020.4098653704, 206252.2779313235 299029.279164257, 206239.3522772374 299041.2523773139, 206229.4317137041 299048.6788999607, 206218.2356388922 299058.9891487765, 206209.2260803228 299064.530240712, 206197.4888193952 299068.1833865734, 206187.933100732 299074.2788543569, 206183.3779111423 299084.2608660014, 206181.3682795977 299096.4635426431, 206180.5412949585 299108.5560840898, 206182.3531760221 299119.4300282986, 206182.8915996827 299130.1921542996, 206187.5203075991 299145.6168147945, 206196.2446053967 299157.9378032369, 206197.5087562947 299171.5850241, 206201.411292998 299184.6793288136, 206202.1313924124 299195.7744198307, 206199.4850008784 299207.9766567448, 206201.2956186431 299220.6257410308, 206203.5591506539 299236.0487865401, 206206.2795612726 299248.4766060874, 206209.0909293942 299260.9044893008, 206205.9885778998 299274.7706012824, 206200.7916061086 299292.1855459069, 206198.7819965403 299304.3882224263, 206197.8791732305 299311.6737935562)"
TRAIL-089,금정로 20,금정로 20-2,206197.8791732305,299311.6737935562,206061.54119079528,300122.1678056668,129.06813513003357,35.29037067332552,129.06664231466422,35.297676807192204,964.8489921768778,"LINESTRING (206197.8791732305 299311.6737935562, 206196.4037336112 299323.5802432211, 206189.3939173785 299331.6744879461, 206191.9352835662 299339.8862346944, 206195.8405741812 299348.8755408089, 206198.2883737968 299360.8593889097, 206189.7312840634 299370.2839226824, 206186.8073509829 299389.3646274424, 206182.7970381147 299400.9002613668, 206179.5125436275 299415.210044324, 206179.4144363961 299425.6389008993, 206175.4945046557 299438.0621685581, 206166.213598272 299441.9389299881, 206154.1089813385 299451.4720202996, 206142.1848052353 299463.2241698631, 206131.2672844174 299466.1013390876, 206120.9883179119 299466.3162506823, 206111.7076144332 299469.9711763743, 206097.1473961195 299479.0588959619, 206089.9563883017 299486.3764748972, 206093.6756693139 299501.467643565, 206096.4876375513 299513.1188745554, 206104.3967952125 299519.8919299157, 206111.7540782289 299535.6512455409, 206115.6593633863 299544.6405195785, 206121.9240833582 299561.8414017706, 206124.644808221 299573.8254188425, 206125.7237688969 299592.3541373595, 206115.6140828517 299611.4299942237, 206107.4212373819 299620.7439098638, 206093.5869333506 299632.8276710818, 206092.8514494509 299644.3655615634, 206093.6635795146 299654.018415058, 206092.7465499352 299665.0014530882, 206089.4651394765 299675.0953266296, 206085.0923568633 299684.9665731225, 206085.7224952644 299694.7302497492, 206083.7147757897 299704.4921470786, 206101.9923712494 299712.6035540708, 206114.8132120924 299719.3799449297, 206125.9946376401 299729.2617298991, 206134.5404559131 299735.8133546136, 206140.8096890489 299746.1356030689, 206144.6204925207 299760.1174007618, 206147.1608703531 299769.6604922971, 206151.0617814833 299784.8627612801, 206152.5987134511 299798.6211207498, 206150.8616289277 299811.6006251395, 206149.6666747039 299829.9059107916, 206150.6606451476 299839.5588962279, 206148.9231173371 299853.2040778707, 206145.5511308563 299862.7431417387, 206140.9950242794 299874.7222142967, 206135.4371007599 299888.5866910868, 206124.3355425716 299895.346856904, 206124.1452636892 299907.6617421411, 206124.9577878375 299916.6489261611, 206129.2209219749 299934.1813027799, 206127.3923355885 299948.0483206847, 206119.3832794874 299955.0324866197, 206107.8223670581 299968.6710189415, 206104.0864855043 299978.4317455386, 206106.9904495635 299988.3079132505, 206111.1675130419 299998.6287289312, 206106.6116705511 300010.3859290468, 206105.8778518363 300019.4830119736, 206103.4146446208 300030.3540621741, 206096.8588955079 300040.4457231104, 206090.8498775295 300049.0954588406, 206083.1098444464 300061.9599828381, 206089.5561780487 300079.1609789319, 206087.5463672227 300092.1403165226, 206077.4439729516 300101.3420303555, 206067.8829342005 300117.0899402645, 206061.54119079528 300122.1678056668)"
TRAIL-090,금정로 20,금정로 20-3,206061.54119079528,300122.1678056668,205697.51441160074,300764.92050532246,129.06664231466422,35.297676807192204,129.06264456727504,35.30347232130486,964.8489921768789,"LINESTRING (206061.54119079528 300122.1678056668, 206054.8691665348 300127.5101285883, 206048.6794503407 300134.4955803384, 206054.5831146788 300147.1473986114, 206062.4016108184 300152.6999564784, 206067.2147431586 300163.908750912, 206070.5723463124 300175.449406656, 206074.7495883685 300185.4373702006, 206086.2950497568 300194.2098978859, 206080.5551957407 300208.518076269, 206079.7296407921 300218.8355094805, 206080.5399362693 300231.1510760181, 206079.3507870869 300241.1354260814, 206077.9792070063 300251.8962764259, 206073.2435675143 300260.7687768327, 206059.1424183135 300265.4190296035, 206047.9503513166 300272.2901775233, 206040.3895072443 300289.5927076424, 206035.6533304613 300299.3527969307, 206028.8231344001 300312.2179806963, 206022.722518667 300322.1990573159, 206015.0742144073 300334.398028672, 206010.9740277768 300345.2680171539, 206004.4155077235 300360.0194857602, 205999.8627168452 300367.6717399633, 205995.3070571673 300379.6508945453, 205993.4783965269 300394.0726789527, 205993.3771939524 300409.4941273261, 205987.3685202898 300418.1439363088, 205978.9949256741 300427.014073451, 205970.9834707305 300438.4362199245, 205968.5205392505 300449.3073133977, 205966.7844297575 300461.3992963948, 205956.859713678 300477.8127677073, 205952.3966569252 300487.4621373327, 205956.3912463564 300498.5593918833, 205955.3841740378 300508.5438822016, 205955.9228543371 300519.1950705967, 205950.7323473487 300528.6220688244, 205937.358713437 300534.1605624372, 205925.8977156313 300535.7062702014, 205916.8879169696 300544.1322634752, 205906.8806425856 300548.0088190893, 205901.5064117133 300560.320326246, 205892.9498971305 300571.0765101125, 205883.2119715802 300580.3896310148, 205869.7464210958 300587.5923578763, 205859.2773204014 300602.4523381233, 205853.9039070524 300613.6544131161, 205842.4372742118 300624.0759183024, 205837.9744119834 300633.725346411, 205833.3283652221 300645.3716898016, 205823.3230303608 300646.4746848879, 205813.8687691002 300639.2570820021, 205799.773554834 300635.8086734624, 205789.7731286932 300629.2564218837, 205779.4979142139 300625.6995524221, 205769.2222657614 300622.808371547, 205756.6700651976 300624.2426500713, 205746.4861368465 300620.1311456367, 205737.8495020497 300614.2454981969, 205728.2159843384 300602.7009704613, 205720.3082002596 300594.818771781, 205706.1129432494 300605.5715578241, 205698.3762487257 300614.7751987388, 205687.27528189 300622.5344235334, 205684.5359720801 300639.618408976, 205682.5255387233 300654.705823528, 205686.5203854072 300665.8029609669, 205690.2403396534 300680.1173665435, 205691.6793745937 300705.7468461705, 205691.9432618384 300719.948126337, 205691.9363986414 300730.8208498079, 205689.109872242 300742.0246326442, 205691.6495420999 300753.0099096986, 205697.51441160074 300764.92050532246)"
TRAIL-091,금정로 20,금정로 20-4,205697.51441160074,300764.92050532246,205279.85913096316,301439.54457365174,129.06264456727504,35.30347232130486,129.05805676450376,35.30955525121263,964.8489921768926,"LINESTRING (205697.51441160074 300764.92050532246, 205698.3712174238 300766.6605385295, 205696.9963851463 300783.4125475766, 205693.0760923072 300798.387810322, 205690.2473450131 300813.1418714154, 205686.3295949598 300824.1230754471, 205680.6838203637 300835.1031925123, 205669.12985899 300840.5322856445, 205659.2136211567 300844.9639053389, 205640.9254332816 300856.823691454, 205630.2794885023 300864.6942194689, 205623.3535365643 300886.8791424939, 205616.5240957014 300900.1884332273, 205607.2396209555 300912.6086324483, 205596.0486324669 300919.5912925644, 205589.4945083114 300929.0176569932, 205578.1192553582 300939.8833434577, 205565.1040214253 300955.5187202224, 205557.182729216 300969.8258993243, 205546.266331607 300974.1460811044, 205539.8137443834 300966.4868237513, 205532.4512586286 300959.4926901963, 205521.4509104045 300952.3853880587, 205511.9959155957 300946.4994526029, 205496.3558293658 300941.6082707783, 205486.3519451724 300940.9365007163, 205480.071065016 300949.919326076, 205485.4292348624 300962.6814013527, 205486.6907578131 300981.9868143883, 205482.5882627909 300998.1824700765, 205480.1275550402 301006.6128886109, 205482.029423713 301019.8166479144, 205478.0194516199 301033.4605990926, 205471.9207401348 301042.1107031717, 205461.9117233437 301050.0927643057, 205447.4463257514 301058.0721430403, 205443.531522664 301064.8375000094, 205443.9801608184 301074.9338799568, 205449.340922165 301083.3690337838, 205455.6107363509 301092.4704184872, 205460.1482548199 301108.6713190727, 205468.4177825384 301119.5490645281, 205470.04667104 301132.9745505078, 205464.7648677173 301144.3988128903, 205460.6669202717 301153.2720313241, 205455.1118332715 301165.4727580375, 205445.7399903713 301172.7895462437, 205433.2750067459 301181.7686737508, 205422.4465343989 301191.6363728635, 205411.3485123212 301196.0675558603, 205394.976194942 301199.6080246946, 205383.2396570689 301207.2563022077, 205380.4143906305 301217.2397805193, 205382.224487681 301231.9967158782, 205380.5800590502 301244.4217176926, 205379.4826283269 301254.6281207381, 205378.2019205405 301267.1642867101, 205368.0048730223 301286.0190781156, 205367.5437427569 301296.7805935498, 205364.0812506136 301307.8731617824, 205365.4385494767 301319.4123838461, 205365.2484736602 301333.1696112156, 205363.2426865954 301341.6003362543, 205349.1420803597 301348.8034681294, 205333.2241282004 301353.4537819595, 205332.6706551167 301366.6560641561, 205329.8412307645 301383.851067704, 205327.2870732234 301396.9412219178, 205319.0080082453 301402.372702394, 205307.908206078 301410.3542943299, 205300.9915531695 301418.7821439929, 205291.9823081923 301428.7620187558, 205281.2457498415 301437.7423737713, 205279.85913096316 301439.54457365174)"
TRAIL-092,금정로 20,금정로 20-5,205279.85913096316,301439.54457365174,205086.82737016544,301364.50231685914,129.05805676450376,35.30955525121263,129.05593374329823,35.30887986798871,964.8489921768874,"LINESTRING (205279.85913096316 301439.54457365174, 205274.419826192 301446.6140824844, 205273.0495813045 301457.0422343299, 205269.3188479841 301460.5903349783, 205261.5011303413 301454.8165605515, 205255.2307912252 301446.7138223151, 205261.9652995099 301438.6186699199, 205265.8802582193 301431.0766067885, 205267.8879442245 301419.2065247243, 205262.3510908414 301400.8971505488, 205255.8988278158 301392.7943063748, 205248.9010852961 301384.3583104214, 205242.901710198 301379.3622358893, 205234.6298951177 301372.3678122542, 205229.0863813902 301365.3749783693, 205221.1783182602 301358.3807782548, 205210.2649889426 301358.4854107477, 205201.6215439813 301365.026251038, 205197.0677658719 301376.4510934556, 205187.4242869881 301382.4366395494, 205177.87475941 301383.2077738464, 205164.5049024069 301385.1971382114, 205154.1358725014 301387.7429690178, 205152.0506373583 301376.4252546066, 205151.0569128148 301364.7753255793, 205155.2465455205 301353.9049834462, 205156.6167964271 301343.2549229268, 205156.7157999063 301329.1648005434, 205166.3574714646 301326.3966633827, 205162.6345408033 301316.298418384, 205162.8222746129 301306.0914674489, 205166.5572260557 301295.2208710867, 205175.9262943966 301292.1197491599, 205186.933009873 301287.9101161758, 205201.2166866314 301278.5988575498, 205205.2231208532 301270.169252369, 205215.4088063237 301270.3970314836, 205227.4096554576 301277.0607587843, 205236.0457288651 301283.3897084796, 205245.870912525 301277.9590521855, 205252.7865873036 301271.3063018583, 205260.5216819952 301263.1007870309, 205262.7105753597 301252.4512215494, 205251.2563588359 301244.1235717175, 205245.8045632069 301235.6884808327, 205235.8950895003 301229.5806752371, 205219.8073642301 301213.0403518047, 205205.8041517306 301208.927243245, 205193.8046658824 301199.7117821465, 205184.2591547851 301193.1604583683, 205178.9884558299 301185.9459217634, 205157.7091493365 301182.4943890842, 205142.8841856309 301183.9282217789, 205132.4265743946 301181.9252297491, 205122.2458296476 301172.821846246, 205112.0628625881 301167.6015923177, 205102.0600175011 301165.4879472067, 205082.1423198444 301166.4752142067, 205073.9529510574 301174.0149475107, 205066.4914106222 301181.1113122365, 205059.1205784956 301188.6515191515, 205054.1165187918 301192.3099393203, 205050.7499174554 301195.1926555928, 205045.6532428473 301201.8465778001, 205055.1071533257 301209.7290586169, 205068.1075395684 301218.2792200059, 205071.0168527424 301219.9450499735, 205082.2907516745 301225.8315505479, 205084.5586255267 301236.0398863365, 205074.0970032187 301241.2484672359, 205067.2713847972 301249.6765451627, 205061.7195058475 301257.2177731696, 205072.6325811721 301257.7786381877, 205084.3635960036 301259.3384941538, 205078.1752200711 301266.6574606591, 205073.1684488861 301275.1975053774, 205083.9870534578 301281.9713227365, 205082.4344272323 301293.619806918, 205089.9773735615 301303.2763890533, 205083.4255585053 301310.0404157793, 205088.6946954952 301320.0285541449, 205095.6013800614 301329.019104567, 205088.7692948466 301348.9855778738, 205095.4058218179 301353.2052854685, 205093.583558344 301359.1953555668, 205086.82737016544 301364.50231685914)"
TRAIL-093,금정로 20,금정로 20-6,205086.82737016544,301364.50231685914,204841.93359920225,302092.2881321716,129.05593374329823,35.30887986798871,129.05324523982614,35.31544088301179,964.8489921769051,"LINESTRING (205086.82737016544 301364.50231685914, 205082.5744716626 301367.842953197, 205082.2028159783 301381.8219770062, 205085.652978843 301391.9200357932, 205083.464578426 301402.1258611384, 205085.3655036329 301417.8813081399, 205089.6309431465 301433.6380905422, 205090.9884486019 301445.3991656107, 205094.075557858 301454.1656679027, 205102.9797987193 301468.5937242142, 205107.4307141687 301477.9157350797, 205115.8815826561 301489.9027289183, 205123.6065917432 301498.8937677736, 205137.2478340082 301499.1234237242, 205141.0629249012 301507.0027872405, 205153.1576901925 301508.0082097252, 205154.9723503093 301515.3317043724, 205155.8808214289 301516.9964187303, 205157.3294237156 301528.3137722291, 205150.5041342672 301536.4089517317, 205147.6777708448 301548.9442721352, 205148.2174033332 301559.4844813997, 205151.301818303 301572.7998029414, 205155.8425584714 301583.89703198, 205165.1117998783 301595.7735959094, 205173.749330332 301599.1069391645, 205185.0196245962 301610.3189945696, 205187.8316548565 301622.7466023579, 205186.7342320888 301633.3968195428, 205181.7269868765 301642.9353252862, 205173.8096431396 301652.4721632173, 205161.3495316115 301654.5730009137, 205148.8894892903 301656.5629095243, 205132.6074732554 301662.8775658384, 205122.6006433203 301668.7520300172, 205110.3184224165 301677.9536055104, 205100.6756372416 301683.3845151038, 205091.029856047 301694.1408580924, 205086.9318366565 301704.234662439, 205084.2877445834 301716.3263230693, 205084.0984176586 301729.5288324131, 205076.7260186284 301740.6193129039, 205071.8980823579 301755.0396216547, 205062.3412956409 301769.4572762932, 205058.0600313181 301782.1027582272, 205052.5978717877 301792.4177067451, 205047.8629292192 301803.2877977599, 205044.0383841472 301812.3832589239, 205041.031679134 301822.5886428576, 205032.7510093289 301831.9035107954, 205023.1076317621 301838.7768067628, 205015.6456926846 301847.6483613794, 205005.4548635089 301857.8497629722, 204996.5387371473 301865.2782233075, 204988.52961767 301877.034103156, 204981.0674377116 301886.4604185579, 204970.6033867325 301897.5492800687, 204966.6910777868 301901.097407659, 204956.503353795 301905.8624942051, 204942.1354594146 301905.1889266387, 204926.6778792197 301901.630180419, 204914.582831009 301902.0673631684, 204909.8542161169 301901.731947056, 204906.3021233402 301911.826133547, 204897.3846854106 301921.9174048166, 204896.3789411836 301931.9020329789, 204891.0911669032 301956.5292599518, 204888.9030623039 301966.8460870978, 204889.3505892138 301980.0489504434, 204890.8877389302 301996.2479579297, 204891.2451669704 302007.8975235025, 204891.694133383 302018.4376749798, 204888.6865258184 302030.7510936007, 204879.8552364653 302049.9400355797, 204871.846552834 302061.4741292595, 204863.9315205772 302068.0156924367, 204856.5581741307 302081.8800174181, 204849.3709614042 302087.8672536872, 204841.93359920225 302092.2881321716)"
TRAIL-094,금정로 20,금정로 20-7,204841.93359920225,302092.2881321716,204125.68064196006,302424.7403500872,129.05324523982614,35.31544088301179,129.04537050449633,35.31844060596522,964.8489921768868,"LINESTRING (204841.93359920225 302092.2881321716, 204841.9117832886 302092.3010998745, 204833.0871978318 302099.2859874328, 204820.0839456361 302098.0586135563, 204808.075959845 302106.262234274, 204793.3393185628 302115.5738836097, 204781.8757023906 302126.2186500186, 204767.2321107605 302131.6472670444, 204763.9531343969 302141.6307107461, 204763.8553960036 302154.5004435749, 204762.9397055048 302166.4821729935, 204760.6609796883 302176.577093456, 204757.8346545379 302190.4439039843, 204752.2816234303 302201.7575096943, 204740.2698694852 302217.5055768504, 204730.8981274155 302227.8186705965, 204719.3471040415 302232.1395254949, 204703.6145866432 302233.5736047512, 204691.6063676095 302242.7758996182, 204680.780729572 302251.2021996448, 204675.8638001763 302263.6256479976, 204672.8579492622 302273.2764289713, 204669.3976619741 302282.4831898666, 204664.6631509123 302293.9082214084, 204657.3808282713 302308.5493854483, 204650.1009907645 302318.4198598249, 204641.0926217006 302329.8427001373, 204632.5404850019 302338.2702300402, 204624.5323167131 302349.9154942606, 204616.2551753647 302354.1272158424, 204605.5197680463 302364.3287967874, 204599.6956497769 302372.8686991498, 204587.6901508951 302377.3004378494, 204568.4147043911 302372.4090024034, 204558.9603559751 302366.9678387572, 204548.8691239151 302362.192042306, 204534.6831810432 302362.7396254999, 204519.2229437482 302365.7274138165, 204507.6727538121 302368.9390763947, 204495.1224680908 302371.8174155464, 204482.2112700668 302369.0373237319, 204468.0277623535 302364.7033692925, 204451.2026138612 302369.5766873149, 204443.2871730096 302378.1156579241, 204434.9151141905 302390.6484831206, 204424.8153998944 302403.0695214279, 204416.5344318453 302415.3805159069, 204405.6170779345 302426.358871501, 204394.5225913731 302427.6848122156, 204383.15595642 302427.6792767312, 204370.2467948028 302420.7943271314, 204361.1553053461 302417.017743498, 204351.3356460961 302414.6831213616, 204339.6991335403 302408.5754554502, 204323.6991359211 302399.692048856, 204310.3353809103 302392.4741280505, 204295.9690089386 302390.1373929449, 204281.5981492482 302397.2311268448, 204272.046725258 302404.4381134278, 204256.2163120042 302421.405430469, 204244.3000471332 302429.9426875634, 204236.6570285159 302439.8133258503, 204230.1049605152 302450.2392150417, 204221.6446193255 302457.8905535177, 204209.0026320955 302462.8772309724, 204196.8163039093 302465.7561556145, 204185.4496656851 302465.8618158803, 204170.904748123 302456.5355699355, 204168.6362525186 302446.1055533254, 204160.5488593668 302433.8977059304, 204147.7289382824 302430.3415100345, 204130.8173741992 302426.0068308501, 204125.68064196006 302424.7403500872)"
TRAIL-095,금정로 20,금정로 20-8,204125.68064196006,302424.7403500872,203348.3420251879,302366.1521911792,129.04537050449633,35.31844060596522,129.03682179978017,35.317915435210594,964.8489921768755,"LINESTRING (204125.68064196006 302424.7403500872, 204119.9975533035 302423.339163083, 204106.9025266296 302424.7754899191, 204096.7168083147 302427.4335687968, 204085.1685587005 302426.8735943353, 204070.7988761205 302431.8596823879, 204058.9768321029 302433.518546859, 204049.3412223916 302426.1917463775, 204039.1589040658 302421.3055331541, 204027.2498356739 302414.1996307045, 204014.7053028559 302404.6526391462, 204007.7092599556 302391.5578446723, 204001.2588966493 302378.241405282, 203992.1643596608 302380.9000866986, 203982.3461838464 302374.9046349979, 203970.4348098508 302372.791397074, 203954.7060669742 302366.4605342574, 203940.5205078459 302366.2324277357, 203928.5188560053 302362.565955649, 203908.8783728393 302359.7837546773, 203897.7832544941 302362.5526102063, 203884.4172869849 302359.551285566, 203872.0500569685 302360.1006958047, 203859.4100272277 302360.6500061856, 203847.225236117 302359.8681713711, 203836.8611492986 302354.3164312274, 203826.6784934897 302349.763298013, 203804.3980584486 302353.636990402, 203796.7568130459 302360.2905541641, 203789.2962334401 302369.8288077929, 203779.8347590021 302380.253799809, 203778.4660111398 302391.5697627518, 203783.5538587598 302402.1118093281, 203789.6414934056 302413.7637437667, 203791.1825041133 302425.3028222869, 203786.8124940843 302437.7269871562, 203785.7146804137 302453.4809218667, 203779.6165981985 302466.7919365942, 203773.1569405576 302474.9992673511, 203762.2466037559 302471.2225265259, 203744.6988642397 302465.778841697, 203733.1519752942 302462.0018716959, 203720.4231339414 302457.7806426946, 203704.6924488882 302456.1099655684, 203695.4154394013 302460.6549612065, 203683.4123629858 302460.5391008272, 203670.7754685277 302453.7662112196, 203658.3191147648 302450.2108597266, 203648.2261527616 302448.7644644349, 203639.1347035827 302444.2119842694, 203628.0424522981 302440.3243863021, 203609.6755082707 302436.5448317419, 203600.8570923957 302431.3268210086, 203588.8553013099 302427.8826937965, 203567.5793345076 302421.8831383055, 203555.852068685 302414.0013061245, 203542.3051135667 302408.6705420206, 203528.4878619101 302396.904799055, 203515.0318416504 302391.4631652988, 203502.2103994465 302391.0143879222, 203490.5684265668 302397.4447646523, 203484.5674671637 302395.7782458152, 203475.0216853964 302390.0053452708, 203468.4775939163 302381.9037345036, 203465.1156553027 302375.1347087444, 203454.5663793673 302377.6824268151, 203441.6523710482 302381.4496646473, 203427.3776621172 302376.5625815381, 203416.5565232082 302376.6694191677, 203394.8231872409 302377.2159384011, 203381.0892197581 302385.1989186441, 203373.9048087377 302386.9713691047, 203372.4502466878 302385.9723067678, 203370.4535271731 302375.764487919, 203354.451279291 302370.2111959176, 203348.3420251879 302366.1521911792)"
TRAIL-096,금정로 20,금정로 20-9,203348.3420251879,302366.1521911792,202724.1009653575,302364.2294041111,129.03682179978017,35.317915435210594,129.029957,35.31790000000001,964.8489921768809,"LINESTRING (203348.3420251879 302366.1521911792, 203342.0873474048 302361.9965665595, 203330.7209177648 302361.2157336321, 203320.718942082 302359.2150069733, 203312.446375712 302352.666123334, 203302.5349137897 302351.7749144388, 203300.6270504249 302347.0035191369, 203292.9007916235 302338.4578180206, 203284.5364432753 302334.1278551983, 203274.626409473 302329.2426063049, 203263.1723730546 302319.1423273336, 203253.6249265705 302317.3637327564, 203240.9862720684 302314.0307862421, 203230.3477640691 302311.8080383734, 203220.618950271 302308.5871103332, 203210.3426267239 302310.6914258991, 203193.6102136387 302312.1277846004, 203182.4255377467 302311.4581496713, 203173.0606389038 302307.6826694064, 203162.6939752387 302308.1228112018, 203152.8753634385 302301.573532296, 203142.9657642716 302295.1351788499, 203128.871701616 302292.9113464706, 203121.5999446663 302284.2550045068, 203114.60074751 302276.2644412012, 203100.5098544786 302264.7211558096, 203090.7827318253 302256.2858875871, 203092.7874472877 302244.1934168153, 203098.8880215882 302221.1186600483, 203104.1665402186 302208.6944794594, 203105.9884574806 302199.3756094902, 203110.5418886089 302180.0725065304, 203109.3632475873 302169.8650314081, 203097.6355966252 302160.9852815652, 203089.6352654949 302155.1023766678, 203077.9045827356 302154.9874166205, 203064.0854309542 302145.8851039013, 203056.6310566279 302138.8929501975, 203048.2678730521 302130.2362995124, 203044.6349651212 302116.8105587908, 203038.2715625526 302110.4844675204, 203028.4500354548 302111.7015722924, 203015.6258331556 302118.2431090914, 203009.075945737 302125.6743278281, 203007.890184717 302136.4357316024, 203006.4313597608 302147.9736693445, 202998.3352235561 302156.5138444531, 202982.237457014 302162.9433942913, 202971.3238515714 302166.9338598741, 202960.5015923343 302169.7039583646, 202942.0407457701 302172.4715731763, 202934.7615953096 302185.6718209431, 202932.7548045773 302204.7539480116, 202932.2946413329 302221.6176510949, 202937.7463743344 302235.0439411872, 202937.9240129284 302248.0247284546, 202929.2811605889 302260.4479127802, 202917.459462865 302260.9988102766, 202907.1841940623 302259.8860258601, 202892.9984782604 302259.5486219325, 202878.9034126632 302260.0988405472, 202863.7171670325 302260.5377880145, 202845.3474711283 302263.3056300151, 202833.4355452693 302261.6376810906, 202818.2502412291 302259.0811524831, 202805.3360882621 302263.6259261347, 202789.8737511094 302274.7157672277, 202780.1426526522 302278.2630452593, 202773.1378569736 302287.4694391884, 202769.2242652805 302298.5628769698, 202762.2179663429 302312.7618678167, 202748.3935617775 302320.6348368565, 202737.5692304731 302331.0605055591, 202731.6554912736 302341.0438887913, 202728.2874760505 302352.4703498142, 202724.1009653575 302364.2294041111)"
TRAIL-097,금정로 21,금정로 21-1,206306.0203969441,298796.5520333308,205673.03204643645,299069.3587814146,129.06932,35.285726999999994,129.06236365754592,35.28818970405867,861.7484406896116,"LINESTRING (206306.0203969441 298796.5520333308, 206299.7414718443 298799.4322406235, 206290.547808673 298807.6358228798, 206281.5350971911 298817.281837246, 206277.2515798296 298828.7062840111, 206266.964639781 298839.3499398954, 206253.9491866817 298849.2150946833, 206247.6662433075 298857.9754685462, 206239.9253525603 298870.2851075265, 206233.4689309215 298866.8413216056, 206226.4656947511 298864.8394597576, 206223.3632585572 298878.5946119326, 206216.1681548279 298891.0155939481, 206221.3497028974 298896.3445689913, 206215.250136818 298903.1080659209, 206207.1502632932 298908.4278938118, 206197.5054582272 298911.5277493953, 206189.9508810156 298917.6245887304, 206182.4872064334 298923.8324426274, 206171.4735746296 298933.2553054375, 206163.0150340983 298931.0306054171, 206157.8338502192 298925.1469342992, 206147.4664731285 298920.7020280623, 206140.9180268064 298918.8114881983, 206143.2917436111 298906.2762159657, 206141.5702875883 298896.0680202565, 206133.299901923 298884.634965972, 206124.2976771579 298879.1925016636, 206111.5681947017 298870.0863061108, 206098.5573055844 298873.516825634, 206088.0120193111 298862.9698432918, 206076.7293161621 298866.7343982041, 206071.8158694193 298868.3952789524, 206058.2620845585 298867.4986009949, 206048.0780921666 298860.7240687697, 206022.3318443543 298863.7023868771, 206008.876700864 298851.2674753665, 205994.406337565 298860.6882517065, 205984.0294614508 298870.3336570566, 205974.1113452479 298874.0992453409, 205957.3701301847 298878.5260123449, 205945.1729148139 298889.7235034557, 205936.5233618039 298901.1452364973, 205922.779591792 298912.5636325271, 205915.3157336184 298919.3264364447, 205906.3947215645 298928.640048493, 205900.3842054845 298938.7321937038, 205885.5448675582 298956.3629016281, 205878.8070828905 298965.7889116772, 205872.1599191637 298975.7697154245, 205863.7868332496 298981.9772411292, 205845.6759644707 298994.7242694127, 205829.0220619445 299005.2533569592, 205818.2795839524 299018.116149887, 205804.9936911317 299025.3190768907, 205791.9817899164 299030.858010525, 205771.1464329525 299036.8357389377, 205750.5790553777 299050.579901034, 205741.75326412 299053.6807659142, 205733.9249440403 299061.7748400147, 205717.1801883432 299072.5259686895, 205707.4424449346 299079.2875050004, 205694.4291410823 299087.2673890936, 205686.4251826468 299085.4872059605, 205686.6120811857 299077.6101627595, 205673.03204643645 299069.3587814146)"
TRAIL-098,금정로 21,금정로 21-2,205673.03204643645,299069.3587814146,205415.57121098627,299409.5386467028,129.06236365754592,35.28818970405867,129.05953563610205,35.29125730662574,861.7484406896112,"LINESTRING (205673.03204643645 299069.3587814146, 205668.5165720949 299066.6151285865, 205654.0493435135 299072.1533469704, 205641.0394757933 299074.6969596058, 205629.4863317033 299075.2444731288, 205620.4830960216 299071.2448065861, 205610.2005884665 299076.4528653729, 205595.4567954806 299087.9820858411, 205579.1738793385 299087.7501101362, 205568.6186512794 299092.7361558613, 205556.5209644308 299091.2863999846, 205546.3368494501 299084.5124319909, 205534.511708238 299083.6176028527, 205510.2214662837 299087.0420587413, 205492.7511150479 299094.7976205993, 205481.377580274 299099.2285405419, 205468.8224994073 299101.994569628, 205458.1802755915 299100.5458279617, 205454.0946234708 299087.5626837653, 205443.9051390027 299089.553556385, 205436.8968206459 299095.9841940174, 205431.8885090257 299104.5240136726, 205437.3405547214 299114.4014854549, 205448.9884224805 299107.52986522, 205454.8964874887 299115.4105963813, 205459.5267154922 299130.3910978123, 205462.7044918412 299140.3781553635, 205467.701987512 299149.7006412265, 205477.9791420595 299153.0352535874, 205472.6060167259 299163.128073012, 205475.5141012941 299167.7895669237, 205480.3352304391 299167.9034401632, 205490.3470236762 299158.8119603996, 205495.622649847 299159.4808480884, 205504.2689603016 299152.0527412302, 205514.0066760531 299144.958147499, 205523.0146393793 299141.1914956232, 205531.4710986989 299146.7439732295, 205537.6513514264 299155.6234395543, 205552.4717921184 299167.0599802948, 205567.2047209632 299172.8382485794, 205591.5802876655 299178.1787284105, 205591.4851961274 299184.8354261117, 205561.1937892701 299184.4838653599, 205538.0024805213 299176.3705458966, 205521.3496123915 299186.3454738402, 205512.5205079401 299195.2157502567, 205503.5080006756 299206.5267343278, 205492.8630010993 299209.8486252749, 205483.6726483875 299214.5027642052, 205473.5731218068 299218.3797392312, 205465.4725580058 299226.0300985804, 205456.9165774374 299234.6787033362, 205447.5414574287 299244.1034432881, 205443.2600013776 299254.1969406524, 205446.3461839761 299265.1824526603, 205447.7038253335 299276.4997598336, 205441.6023527811 299287.8125651422, 205434.8623383515 299302.1205309611, 205426.211223812 299317.8696499086, 205420.5651611127 299328.2951762595, 205417.1944168297 299336.7250449026, 205422.1002192379 299347.1569129656, 205421.6361970889 299362.4671777881, 205419.3445682603 299391.6445916183, 205416.7895901314 299404.9565742335, 205415.57121098627 299409.5386467028)"
TRAIL-099,금정로 21,금정로 21-3,205415.57121098627,299409.5386467028,205195.29006462992,300081.5945642314,129.05953563610205,35.29125730662574,129.05711825005065,35.297315977449,861.7484406896469,"LINESTRING (205415.57121098627 299409.5386467028, 205413.7810007237 299416.2712579685, 205406.9532879887 299425.3647334117, 205400.0362860366 299431.6845111397, 205391.3895996517 299440.3331259367, 205381.2862622056 299451.0888537464, 205372.0036640116 299458.4057561743, 205363.6355260139 299457.6241549466, 205352.9032029454 299455.3988605199, 205346.4389070681 299465.3801656691, 205339.880313254 299481.0196651165, 205340.6032866063 299489.0082042882, 205343.6902360628 299498.7732795003, 205339.1300876841 299519.0736960081, 205338.7576364004 299533.6074009779, 205348.4856012563 299542.0450593237, 205347.0237613334 299552.9169006207, 205343.1056229227 299564.3420170932, 205342.6450306217 299574.1049925213, 205335.7270063605 299582.4218481548, 205333.897142958 299600.3940189663, 205331.2530927023 299610.8213807121, 205327.8812918188 299621.3592595277, 205323.4187489898 299630.565143841, 205320.1353084141 299645.5409185574, 205320.7694842376 299649.8681871995, 205316.4866614871 299662.8463458949, 205314.6592055975 299676.8244673633, 205317.3799209589 299690.5833773892, 205315.8307776288 299695.3531432884, 205305.0048942005 299698.0094744438, 205294.9999419591 299696.7831896418, 205288.4510363409 299696.3355636602, 205280.0802545201 299700.4356627348, 205281.8880325876 299719.9632214542, 205288.5228080794 299729.064683185, 205290.881724035 299739.3840472049, 205294.7812253188 299759.4675670374, 205303.1457624699 299765.9073508386, 205307.3241097935 299775.7840055051, 205314.957087606 299788.7691862805, 205326.0479485973 299799.3156020311, 205332.3177991694 299810.0810723978, 205337.5864249805 299821.9554152303, 205334.5806974321 299828.8322918594, 205325.5702237843 299838.1464352251, 205320.0170658711 299846.0203275674, 205319.9198902949 299856.560144897, 205316.8204166041 299868.207652668, 205313.9933697132 299880.6319445633, 205308.2578082298 299889.393305559, 205311.7067902766 299902.0431863933, 205318.2512932982 299909.7023208317, 205322.3365692284 299923.0182577193, 205322.4209807102 299934.1129137029, 205322.0490956147 299947.7590601084, 205316.1223671263 299972.2746457107, 205314.2046693267 299985.1432597198, 205313.0163369651 299995.1277060961, 205305.4612413568 300004.6646211097, 205296.4508427527 300014.2006878423, 205287.7128148566 300024.6244919713, 205280.5214697033 300034.3835336255, 205270.9610401477 300051.3526915213, 205265.3157436573 300061.5564336161, 205258.853982998 300068.098482518, 205248.3914226234 300072.4192853968, 205240.9303178762 300076.9637362071, 205228.8328059816 300077.40049893, 205215.7352196867 300077.0600768953, 205202.546163651 300077.6071897901, 205195.29006462992 300081.5945642314)"
TRAIL-100,금정로 21,금정로 21-4,205195.29006462992,300081.5945642314,205316.9234825652,299693.3567588956,129.05711825005065,35.297315977449,129.058453,35.293816,861.7484406896016,"LINESTRING (205195.29006462992 300081.5945642314, 205190.445079045 300084.2569826512, 205182.0708130346 300095.1248835845, 205179.6095685217 300104.5538871725, 205174.601039924 300114.8689984288, 205173.7765132285 300125.1865117968, 205170.8592958561 300136.7232323704, 205166.1246801497 300145.2633683195, 205164.2062797164 300159.7962081542, 205170.8377959874 300174.2230005233, 205179.2900610424 300185.7662449038, 205183.2021764878 300183.9933547644, 205185.1194543536 300171.4575475365, 205194.3968869546 300171.5738321761, 205204.9529515377 300162.5932840945, 205209.4164571693 300151.0574670585, 205206.7852007443 300139.8503919915, 205208.1562062725 300128.3127898898, 205218.6168208278 300127.2093756672, 205222.5334022491 300117.7812249518, 205225.4488277059 300109.4619568462, 205238.2782011289 300101.7031727859, 205245.8319184802 300094.2741752367, 205248.566169768 300084.7344025225, 205257.2129434419 300074.6433447745, 205266.7657424357 300070.6548590613, 205279.864050667 300069.7749486799, 205289.7773088767 300071.5558947429, 205298.2425532813 300060.9100395456, 205309.0671504075 300059.6959979267, 205319.2581923092 300053.156183651, 205329.2677281136 300045.9505971893, 205338.5487030382 300040.297835744, 205339.2792502699 300035.4166406593, 205347.1078856997 300024.7704548974, 205353.8449186412 300014.345520184, 205364.3120180897 300002.5914554387, 205370.5972719684 299987.1736915536, 205379.4245370021 299979.8565112902, 205388.0715575747 299969.7655802877, 205396.1709246449 299962.8917660216, 205398.0869512789 299953.0187124669, 205407.0088216605 299939.7105285336, 205417.6579268566 299928.0675819014, 205430.8541625794 299915.9823970492, 205440.7711073577 299911.883369344, 205449.5979667201 299905.4538265869, 205462.429704624 299894.5888746364, 205470.9856044987 299885.0526992006, 205478.8143908983 299874.6285218372, 205470.7211397356 299871.1842817096, 205470.4479939452 299871.6279002663, 205460.4482938803 299862.0804803491, 205450.7201089397 299854.7521568105, 205436.0771068572 299852.4134527765, 205426.7089903055 299851.2983511479, 205417.2503121661 299849.5175285583, 205408.2442971593 299851.2872609178, 205401.151747762 299847.5108453406, 205392.877718412 299842.0695381636, 205384.3329207031 299833.0778034807, 205377.5187148555 299820.0930509961, 205370.4326016243 299805.44395141, 205359.8001581894 299788.9066671129, 205358.7184625567 299772.3750647568, 205359.4574139631 299753.4037317867, 205349.9998044421 299749.6259522306, 205346.185595467 299739.3057098118, 205339.3685053324 299730.9807196963, 205333.7349371448 299720.8812981645, 205331.1090195941 299700.6875691161, 205316.9234825652 299693.3567588956)"
TRAIL-101,금정로 22,금정로 22-1,205292.7262515469,299696.2271251373,204790.51697001173,298978.4091645803,129.058187,35.293842,129.0526616399108,35.28737455122904,952.8669179291903,"LINESTRING (205292.7262515469 299696.2271251373, 205279.7267373116 299682.7950383794, 205259.2777043411 299653.3823979018, 205252.1896526748 299641.5070446034, 205243.9186337795 299630.407631416, 205239.7422116065 299616.9807373458, 205234.0178208131 299606.3265973421, 205227.655013199 299598.5566872898, 205233.300105048 299589.1295501532, 205217.2928955398 299585.5700057047, 205210.3814041096 299582.7923608731, 205201.3829684943 299571.0268917125, 205193.6567640265 299561.3701381339, 205187.9345166309 299546.8329197912, 205182.3023844632 299533.7380551056, 205173.5742052165 299526.4106096188, 205174.4920383419 299512.0991032481, 205172.1365550692 299495.4558541948, 205164.4120328588 299482.692640309, 205162.2387030652 299465.6057149722, 205166.4322763095 299449.4100025737, 205161.8003937417 299436.7595095651, 205154.8959350787 299421.4450169165, 205147.7207147196 299402.358212416, 205135.5344971771 299397.2477522492, 205121.3483239947 299389.917253642, 205104.4285683022 299390.795231904, 205085.6008921752 299387.5671653349, 205075.8709543946 299381.9034411668, 205063.1384496196 299377.5693934664, 205055.4116825123 299368.3565451497, 205046.3237903169 299353.1518602189, 205037.9594303038 299345.3809680855, 205030.5965906861 299335.9464528795, 205020.0482541852 299329.6166574465, 205013.5949039458 299320.4045544389, 205007.7781074036 299311.525647381, 205001.3255927526 299300.7603105904, 204994.0529060759 299292.6572273368, 204987.8717838 299284.5547535065, 204976.5065707703 299274.7852336774, 204972.2383141802 299261.9131505979, 204966.6950063269 299251.8140163053, 204964.1553087264 299238.4991055598, 204957.8859007504 299225.4040372471, 204953.7953825649 299220.0763852497, 204949.4312326708 299216.0799362639, 204948.4370020477 299204.4300677076, 204942.7126732488 299192.5557149218, 204932.6233643686 299178.1272220509, 204929.6285230468 299165.2558574812, 204927.363341103 299148.8346230558, 204923.4592434125 299135.1861431244, 204919.3708417103 299125.8644555652, 204912.3750077851 299110.1063232257, 204908.0145282546 299099.2312502384, 204903.3840924542 299082.9196830775, 204900.1167587337 299069.1606148769, 204891.0236112657 299062.6098721216, 204879.5638661152 299058.7205601559, 204866.467181967 299053.9428124331, 204860.3766288859 299046.0623699613, 204859.3825628442 299033.8577849632, 204838.1928302833 299023.3065363629, 204822.6448733378 299009.3190287824, 204814.4641865323 298997.3325027625, 204810.831454078 298986.1250295315, 204799.2814946943 298980.5715836799, 204790.51697001173 298978.4091645803)"
TRAIL-102,금정로 22,금정로 22-2,204790.51697001173,298978.4091645803,204137.49693045052,298655.454344383,129.0526616399108,35.28737455122904,129.0454814348107,35.284466540570406,952.8669179291871,"LINESTRING (204790.51697001173 298978.4091645803, 204779.4530888435 298975.6794389168, 204766.0829757934 298971.5673682922, 204754.0762011634 298969.6749536046, 204743.6186770458 298962.4579665683, 204726.9732705437 298959.1208538581, 204714.6058453826 298951.0153331089, 204709.3340937527 298942.5806925891, 204698.4225853253 298933.5883872409, 204690.6972568418 298920.1599158329, 204691.3335745691 298921.0478137211, 204692.5222230375 298909.3991143335, 204676.7062859283 298885.0937553987, 204672.3457004501 298873.6640711638, 204663.4394614729 298856.7956909914, 204660.6295628347 298837.156820306, 204662.9997528119 298827.5057545005, 204656.4543078768 298819.0704884718, 204658.5514748068 298809.641172588, 204652.1904689677 298796.3243872505, 204643.6462251942 298782.8955369824, 204643.1969138811 298772.1335576065, 204641.8385286875 298760.1507063184, 204634.7509552227 298744.3927518688, 204633.3965424901 298724.6436949877, 204633.21813365 298717.7649608182, 204635.4958729084 298710.9984340247, 204637.9597767635 298696.0220110768, 204634.9638408373 298684.1492665104, 204627.2364968442 298674.0492290654, 204618.2369037314 298661.285847075, 204612.6931697988 298650.5212653175, 204604.6866304431 298652.625146885, 204594.4967310963 298654.8388694199, 204585.2167733865 298656.6092824532, 204569.6596449994 298658.7093614556, 204554.9232237043 298656.9267772659, 204541.7331383125 298655.4778328406, 204532.1827859748 298652.2556017413, 204519.1736323389 298652.8038062115, 204508.1665107227 298652.0216794305, 204497.8863823373 298652.7931701078, 204492.5199128163 298651.1263091893, 204484.9681476411 298653.4524150407, 204482.8701891834 298664.7678476581, 204470.7670839927 298672.7499430861, 204467.0337598141 298679.8486277078, 204453.3864850234 298683.1702570452, 204443.1985696174 298681.5010470825, 204428.9191390441 298675.3920060003, 204418.002356408 298675.9413835269, 204408.3593847291 298676.047613143, 204398.4435005393 298676.1537200293, 204389.0717152029 298679.8103692056, 204381.0660084011 298680.3612078632, 204369.9698721004 298675.5851562943, 204357.597880192 298675.4682272506, 204348.4041495505 298687.2240506707, 204342.0344847965 298690.7712501218, 204334.4846037705 298689.3253243835, 204323.3901018243 298681.1100099301, 204313.9280708725 298683.3243980227, 204301.4646950037 298684.0950689213, 204292.1814477623 298692.9663152223, 204283.5433875977 298684.1974893918, 204274.0858366086 298676.9815254378, 204261.6273808999 298667.3233453974, 204253.2563226983 298670.9806082039, 204241.9786869658 298665.0951703451, 204233.1550698543 298663.8706224561, 204229.971187488 298663.6472376999, 204223.2375649085 298667.4162418964, 204213.9593515288 298665.636770867, 204204.4965559404 298669.5154607581, 204191.5781095423 298670.7298547294, 204188.305265989 298666.1795559377, 204181.3921371397 298664.7340539881, 204174.5722355448 298658.4069839738, 204167.5706382807 298651.5251061279, 204157.5647304441 298649.5234654471, 204145.1884702559 298658.6153294426, 204137.49693045052 298655.454344383)"
TRAIL-103,금정로 22,금정로 22-3,204137.49693045052,298655.454344383,203420.12175679728,298845.01971188816,129.0454814348107,35.284466540570406,129.03759647976827,35.286177878289884,952.8669179292149,"LINESTRING (204137.49693045052 298655.454344383, 204135.7292564727 298654.7278850295, 204126.9067820024 298650.951687588, 204112.5296461101 298659.0441690072, 204102.8871144516 298658.1522128377, 204091.4266679677 298653.9310676916, 204079.3268545282 298655.3678852275, 204071.415570549 298648.2637792682, 204061.5920297861 298645.2638149127, 204054.135479784 298638.3818205825, 204041.4912151709 298636.7119611823, 204025.5764326589 298625.0555358975, 204015.6626205851 298620.3913941268, 204005.3850106738 298615.5052101656, 203996.0162210187 298612.61646511, 203979.4578324919 298616.1594137349, 203967.6271934729 298626.0283820143, 203957.4351345407 298633.4572763267, 203948.426495639 298639.1115668086, 203937.5996053725 298642.1023729525, 203926.5878831379 298651.7498610606, 203921.8526572742 298662.6204925708, 203917.6684706975 298661.5092167093, 203906.4799428621 298659.3963952784, 203889.6497188672 298660.7204746125, 203876.3710408974 298653.5032818919, 203864.7272100576 298652.3888291074, 203853.1759583038 298647.5022729275, 203843.1704965157 298644.2805771372, 203827.8882705908 298642.055164827, 203813.0626750842 298635.6140302127, 203798.9627743212 298634.0548415554, 203788.7744970912 298632.8301539554, 203774.0369530311 298633.2677612807, 203763.3035374865 298630.3786871909, 203751.8409138482 298630.9286430077, 203744.3776707645 298639.5793168153, 203735.6424528626 298644.346366509, 203722.6329259108 298645.8942315186, 203712.5351665603 298645.7791255124, 203692.0650992529 298649.5428845639, 203679.5102622011 298651.5347810732, 203667.6836507741 298652.4175328173, 203659.6748148133 298660.7352176265, 203653.0310074974 298667.9440039197, 203643.7512493599 298669.7153850289, 203632.7435380103 298670.2656758098, 203624.9208368685 298668.2655050443, 203623.3702759225 298678.3609521522, 203614.6341818458 298685.5689269295, 203604.6237135609 298694.7734259178, 203597.2514139564 298703.9789874664, 203591.3346579727 298713.1851343505, 203587.3271906639 298725.1656898581, 203588.414908818 298735.0403013844, 203592.5039791432 298746.5802951714, 203594.2270655184 298760.0054274794, 203597.8618424056 298770.102947295, 203599.9501235048 298780.1998515955, 203602.8570391453 298790.5189750608, 203601.3061251477 298801.6129402019, 203598.2065207011 298818.253580359, 203590.0165750167 298825.0180147145, 203580.2816596045 298828.0096845434, 203567.8191617787 298827.2281271119, 203555.9912176195 298832.1050751827, 203545.0712791221 298841.3092836058, 203538.3365964964 298848.8509578733, 203519.2318162021 298852.0609157691, 203510.0460914614 298846.510045167, 203498.4084013547 298830.08553986, 203486.2222797252 298820.3175887751, 203478.9457926881 298817.5411341461, 203468.2071291041 298828.6315845995, 203463.290311622 298840.2790099783, 203454.8279194845 298846.1558957583, 203440.3666517783 298838.7169983365, 203426.1737605339 298843.149431747, 203420.12175679728 298845.01971188816)"
TRAIL-104,금정로 22,금정로 22-4,203420.12175679728,298845.01971188816,203110.6566784401,299222.7500108007,129.03759647976827,35.286177878289884,129.03419604548952,35.28958352354969,952.8669179291676,"LINESTRING (203420.12175679728 298845.01971188816, 203413.9824570964 298846.9169695256, 203402.9722982733 298854.5680739057, 203392.3267016634 298860.4441952332, 203379.3188338381 298858.5532345602, 203367.1307588473 298853.7780064623, 203355.7610633568 298849.890665997, 203344.1190672906 298844.3390512548, 203333.9281788164 298850.6591932954, 203326.1883574906 298870.8484813941, 203313.2655117407 298885.1557416751, 203300.9852513068 298883.7089444711, 203288.88712682 298881.7075011131, 203275.4239405662 298881.1478744204, 203262.3236653102 298883.2510994857, 203246.7690750875 298880.2499508651, 203233.4891338958 298876.0292396023, 203217.9347195219 298872.4734115598, 203202.1069135431 298870.2488635257, 203183.6403732347 298869.7985454138, 203171.8137461107 298871.6804596386, 203159.6217330665 298877.8891495536, 203144.1535064971 298887.9798185271, 203132.5985080901 298893.6340378059, 203122.0446400785 298897.9572680351, 203110.7633391822 298901.39269297, 203099.2095602836 298903.6076340271, 203084.9264258832 298906.7092231126, 203075.4639159786 298911.9204479225, 203067.5465986405 298920.904366992, 203064.2682683319 298931.1102718543, 203067.7200103177 298945.9781899268, 203074.9954233488 298951.9717430347, 203086.1829468523 298956.5243431629, 203099.2792633655 298965.5154472299, 203113.2833951865 298979.8322852312, 203120.3760860544 298987.9337837345, 203124.6476133651 298999.3626865463, 203125.5504101256 299019.2223102635, 203118.7227892907 299033.8648030148, 203114.3524909057 299045.0688269206, 203112.0744077931 299056.3845204318, 203113.6164831897 299069.0328828329, 203114.7955679299 299079.1293651001, 203115.6112044891 299088.0053174281, 203105.7847708613 299093.8820613152, 203095.5091505948 299083.3386708576, 203092.6930208872 299072.1321709447, 203091.6050675936 299061.4809935261, 203086.3328135521 299050.2736546834, 203079.1512186668 299036.1810745255, 203072.2427302467 299021.4229181574, 203063.4208488641 299015.6507331213, 203053.2315521128 299018.4209260297, 203047.2249646676 299026.5179440656, 203044.9459501385 299040.8291924577, 203046.6709931424 299050.7039578327, 203050.5783407681 299063.2421624074, 203052.4839182452 299077.2219878976, 203044.7457068567 299095.0816603465, 203037.8288769085 299105.0644584304, 203032.5495707888 299114.7149745534, 203030.9992641772 299126.2528260264, 203037.0902013377 299137.5713552313, 203045.0924980868 299145.6731027653, 203053.8231851522 299151.7780779336, 203062.8265702322 299158.4378836675, 203073.6474094549 299170.5346664297, 203080.1950997729 299175.9732485377, 203092.2900235319 299186.2953546943, 203101.1094694437 299198.6133770075, 203104.4708840278 299211.1514201928, 203110.6566784401 299222.7500108007)"
TRAIL-105,금정로 22,금정로 22-5,203110.6566784401,299222.7500108007,203226.7660145033,299738.77488018386,129.03419604548952,35.28958352354969,129.0354744866638,35.29423429343729,952.8669179292258,"LINESTRING (203110.6566784401 299222.7500108007, 203113.2888341039 299227.6853988732, 203117.9217784365 299245.8821279448, 203116.1899530359 299255.9776075332, 203114.6394485614 299267.8482848258, 203124.9162963781 299274.1757558395, 203134.1023228833 299278.2839412881, 203144.2876390484 299286.1646455431, 203153.289000578 299298.0390006033, 203161.3832592197 299302.590616157, 203168.3852337952 299309.1388819202, 203175.6581779141 299321.123598822, 203180.8409974454 299327.2274505756, 203189.6595961017 299341.2097509258, 203194.4748058578 299357.8533440411, 203201.0205158069 299368.2845817998, 203204.2910794793 299379.9350658565, 203204.1050143224 299391.5843229425, 203204.8283489015 299403.8995788851, 203206.6430456432 299416.7699526837, 203219.1935852855 299423.542125007, 203229.8368558793 299421.9926861655, 203238.8438643697 299417.447131862, 203250.8537962077 299409.7961818864, 203263.6836649908 299398.7062204811, 203273.5086621633 299396.1580237441, 203288.4256489675 299399.0480433713, 203296.7909366789 299408.2596095346, 203306.4286787674 299420.2452984361, 203317.2489587352 299432.1204867003, 203319.5181826807 299445.3238889174, 203323.9704715461 299458.6390420501, 203323.8739898395 299473.6167097347, 203324.4157193327 299484.6005586101, 203327.3223125903 299496.029063478, 203333.5936509559 299509.788677375, 203339.9571648568 299520.2199512788, 203346.7761752361 299528.7653175025, 203356.412855107 299543.080927005, 203364.2315052059 299554.0674899738, 203374.4140677844 299567.9395390397, 203375.5011271001 299579.9221103409, 203367.4036635407 299584.9116525653, 203359.5797551446 299588.1261684317, 203345.3895221793 299588.6756245329, 203334.109778378 299590.0028000218, 203322.1024670461 299590.9968837277, 203311.095288828 299593.211756143, 203295.7243894351 299588.7682884061, 203283.8126466717 299577.1146175479, 203274.1731900724 299570.2324636672, 203260.9835150728 299570.7824157764, 203252.5208593115 299579.655037848, 203253.6987206301 299592.5251950015, 203260.6074361843 299604.6208004313, 203272.1553670505 299616.1633631783, 203281.0661570076 299625.5970077932, 203300.4384857091 299632.2608335616, 203310.2607554791 299636.4803798527, 203327.9024851492 299649.3566047101, 203331.7223184416 299650.8003125118, 203336.7228796639 299657.015135815, 203346.2730869096 299658.90475526, 203340.0835075907 299670.3298975029, 203332.8006930513 299686.4143715983, 203323.0647486582 299694.9536206533, 203316.4203392404 299706.6005041207, 203306.5941630905 299713.2536561526, 203296.7687313307 299717.9097913645, 203278.3939232856 299720.1220141704, 203267.3867526219 299722.7807241325, 203255.9247868249 299725.4392833597, 203246.8270767881 299730.0957357209, 203238.275217212 299734.5305012403, 203226.994639697 299738.74240628, 203226.7660145033 299738.77488018386)"
TRAIL-106,금정로 22,금정로 22-6,203226.7660145033,299738.77488018386,202564.38596433407,300253.18717313645,129.0354744866638,35.29423429343729,129.02819400808468,35.29887280940007,952.8669179291854,"LINESTRING (203226.7660145033 299738.77488018386, 203209.0745737924 299741.2877709765, 203198.8848316779 299747.4971272438, 203195.4233561924 299761.5860418249, 203192.0519875428 299778.1158018969, 203190.5007263882 299792.0944491842, 203189.1323697007 299803.2995115874, 203183.3055556352 299818.608002034, 203179.2072604813 299833.1404835905, 203173.7438894077 299849.6695150903, 203172.3747037039 299863.3153929743, 203172.4618774827 299874.0771870476, 203174.0956225686 299884.0629032908, 203176.4571893187 299893.6050921933, 203174.4507890201 299908.693044542, 203173.0809475654 299924.2250056826, 203171.0761979066 299934.6532269537, 203169.7095242809 299941.198562099, 203157.5172480681 299952.2888883893, 203151.6924832057 299962.1610477407, 203146.4135942332 299971.700563302, 203137.6791325307 299978.9090126093, 203126.671011569 299985.3400597315, 203116.4816017477 299991.5495111179, 203104.2000288764 299998.2020379001, 203089.9177890276 300003.7444354673, 203073.2697275843 300012.0597001574, 203063.5358122534 300016.3832841129, 203050.8910834599 300021.2606236972, 203037.5195320191 300023.6969233685, 203028.240730787 300027.1331304325, 203020.1434521064 300033.3433936054, 203010.7719325398 300042.1049975865, 203000.6730701214 300049.9788010497, 202993.2116461917 300058.8520051879, 202985.5685802743 300066.9485331576, 202975.0135930092 300079.0381643871, 202963.3672637343 300090.7946113681, 202956.0878960836 300099.44601441, 202947.1720148177 300105.9889135368, 202934.8907949863 300112.4197797362, 202917.7901978427 300114.8550443821, 202897.2338736425 300115.4031478, 202883.9548789012 300113.4018629635, 202869.1286659851 300114.3956487427, 202857.940290184 300116.7219635321, 202847.6618690539 300117.8281728939, 202835.9279045517 300119.7105585367, 202827.5575552361 300127.2522620374, 202819.9125800233 300142.1166397736, 202811.0866547187 300152.3209217158, 202799.9867825769 300162.7463982976, 202784.0688125728 300164.9603916618, 202770.6064884776 300167.7298974604, 202762.4184217897 300174.384149379, 202757.2319741047 300180.8174338188, 202739.8580474057 300185.3609275325, 202730.4867230492 300194.8994468349, 202722.7537562037 300200.6663042682, 202712.6552895397 300208.6513778726, 202705.5571032257 300220.8533129737, 202695.9136496081 300228.1728656349, 202684.6333156379 300234.4934266391, 202673.8067534406 300244.2534645077, 202661.9809214045 300249.9082158261, 202648.4305434999 300243.3584082279, 202633.7859298895 300246.2387173956, 202623.4177940185 300243.6839358479, 202606.1363896786 300243.4570333135, 202596.2210701916 300247.6701241861, 202584.2148437379 300248.2214062649, 202574.4822415372 300249.6609216401, 202565.8405976868 300252.8758949696, 202564.38596433407 300253.18717313645)"
TRAIL-107,금정로 22,금정로 22-7,202564.38596433407,300253.18717313645,202278.1080497386,300778.5722476324,129.02819400808468,35.29887280940007,129.025048,35.303609,952.8669179291901,"LINESTRING (202564.38596433407 300253.18717313645, 202552.3784406991 300255.7566728241, 202543.1907054942 300260.3028662054, 202533.7295226811 300266.956967527, 202524.5406591948 300275.6081843925, 202512.7146838052 300282.2616462257, 202500.1604428556 300291.2447893048, 202482.4230099464 300295.8996247149, 202464.8688083075 300295.7838637698, 202454.9560889298 300290.8995325722, 202442.22535642 300280.1343067857, 202427.5834668344 300273.3626431492, 202415.3052526717 300270.8075868293, 202402.9343030681 300274.909286887, 202384.1043757183 300283.5580831832, 202369.6419089388 300286.1060312512, 202353.0853514475 300296.8634654824, 202343.5340559963 300300.9659832691, 202335.2550114963 300309.3957375742, 202325.6124683336 300314.718657641, 202313.4232439063 300319.9299883333, 202301.1425414314 300327.24928772, 202281.9509695504 300328.1319798507, 202263.9414722855 300330.3463624555, 202249.2949095143 300342.1029822089, 202239.7421111207 300352.6404826188, 202231.1899925326 300362.5125642984, 202220.1830414885 300368.7228286587, 202216.2691637626 300380.3712051889, 202206.808266861 300387.3584887267, 202187.706305631 300394.3434382927, 202173.9702028758 300403.1048577709, 202166.7824782861 300413.0882762929, 202159.7762510423 300424.8468816763, 202155.317260552 300434.3871791761, 202147.8556389117 300448.9193378264, 202142.3047106466 300460.6783041058, 202133.1156328582 300472.6583049027, 202124.3821530148 300481.1990933179, 202114.2848947388 300487.6315944319, 202103.2783839435 300492.9544337212, 202088.2694611393 300500.4952809029, 202081.8077865781 300518.023272113, 202079.7129917478 300530.5596993612, 202073.1624437893 300539.2119878604, 202070.4318170899 300548.1979957934, 202070.2485885772 300553.9671517524, 202079.9784016001 300562.8450800986, 202091.0716747206 300575.1626648508, 202097.6182910585 300583.3741982347, 202104.4380350273 300590.3653928635, 202113.531348584 300598.244694312, 202119.8960509118 300606.3452554163, 202127.9892102707 300612.7820369402, 202139.901602118 300622.2152767659, 202150.086134671 300630.6496051613, 202159.3610042651 300639.6384579593, 202167.2720435145 300646.740908286, 202177.0918618349 300658.725456179, 202185.1838579349 300669.6001347659, 202195.1857719797 300680.5862316891, 202204.3694861545 300690.0188938915, 202212.2804729636 300697.0104381409, 202223.7369829675 300710.2158470837, 202231.6478821225 300717.4293008285, 202239.4676530491 300725.3084158445, 202247.832198575 300736.8488964113, 202259.8337775134 300752.1624648347, 202265.9255294607 300759.7083318837, 202270.4706773871 300769.0289520367, 202278.1080497386 300778.5722476324)"
TRAIL-108,금정로 23,금정로 23-1,205985.2928918981,291880.8900979657,206646.1812586954,291988.8891441199,129.065744,35.223395,129.07300423500484,35.22436428873562,864.7792153146995,"LINESTRING (205985.2928918981 291880.8900979657, 205974.5423280612 291892.865021982, 205970.7140641816 291899.852012777, 205975.0796211437 291906.4006360926, 205979.7122003732 291922.1578524089, 205978.9791942911 291929.2578318686, 205972.8726999745 291939.6826035554, 205973.6843544038 291951.3323388855, 205975.5013894499 291956.991721859, 205983.3210221638 291971.6416000719, 205993.423793362 291975.4204116604, 206003.5300177029 291973.9848331224, 206009.6259816512 291979.4251752386, 206018.4548606442 291982.2046655761, 206027.0978866002 291990.6422236005, 206032.8281920124 291998.3012331477, 206036.8340954565 291997.9710720465, 206047.945654476 291990.6561417676, 206060.7817556435 291991.1085142322, 206067.8819229055 291992.3336678304, 206082.5349058394 291998.5564182426, 206093.8222233046 292000.6719675722, 206100.6469439892 292005.336249124, 206115.3010087296 292009.8948820311, 206124.4010615235 292015.4482786701, 206132.5910994913 292020.4463435264, 206143.2401325141 292024.0038039004, 206156.5306918364 292025.4551240758, 206168.6369971444 292028.0151036486, 206178.5567187452 292033.0143903134, 206189.5732873335 292031.5796416351, 206192.8452567479 292039.4589606924, 206201.3078920068 292045.1229434196, 206210.5877986375 292053.783004381, 206219.4151701886 292058.5596964843, 206232.4298778144 292063.8940060118, 206242.1749547415 292058.0206539963, 206267.2116821113 292056.0409643288, 206276.5920233705 292051.0549548803, 206288.156123421 292047.7346450509, 206300.5357069493 292049.9621571055, 206314.8271529943 292052.0800761725, 206322.8376925354 292053.1951211902, 206335.3060438249 292058.640141641, 206350.8715268481 292061.4246790638, 206357.8877384462 292052.4430816945, 206364.0824380104 292046.567365564, 206373.6433544075 292043.800479416, 206384.9280414244 292049.4666236507, 206392.5701890566 292056.5724886403, 206406.9540558417 292056.693612604, 206422.4291131515 292058.590650884, 206434.8137804475 292053.6069394897, 206446.7479391545 292042.0771816914, 206457.2207689477 292037.2030831189, 206461.8579109534 292045.3053645132, 206468.6817737765 292050.8574822468, 206477.5102043987 292053.9702555174, 206487.988210798 292041.8847852146, 206497.8210880093 292040.7823971497, 206499.8242383385 292040.3400575395, 206510.5659791782 292041.3462875075, 206520.6732531077 292038.4690052896, 206533.3275091318 292038.478138446, 206549.1643927237 292043.5930537147, 206561.1800894099 292045.3768800176, 206578.9337409092 292043.6146616143, 206589.4040536345 292042.2909472833, 206600.0557162955 292041.9658805015, 206606.6127868598 292038.7532695809, 206618.179379274 292032.2159845677, 206634.4858217172 292017.6941659553, 206637.4073440984 292006.3799418969, 206644.0589968064 291998.3968020467, 206646.1812586954 291988.8891441199)"
TRAIL-109,금정로 24,금정로 24-1,203734.1673653305,291425.6948914788,204065.16221281103,291989.5795741976,129.041015,35.219303,129.0446533333583,35.224384289156085,771.0696097082442,"LINESTRING (203734.1673653305 291425.6948914788, 203726.4273041443 291428.9090935389, 203732.0663965234 291442.557607481, 203737.1597600682 291454.8745641902, 203743.619405552 291465.638864554, 203750.8072911425 291476.6253609485, 203754.2625670728 291487.1665346719, 203766.6425196112 291491.8313563092, 203778.9277543563 291505.2607817307, 203787.8433389458 291521.1295944731, 203796.390343618 291547.4270582986, 203800.1179679286 291559.6325347829, 203788.8288247452 291559.2949648162, 203773.3484808399 291566.7217848021, 203769.7924119659 291579.7008259297, 203765.4149867796 291597.4501467913, 203763.5901721415 291606.9906275268, 203764.7686861411 291619.0840854824, 203765.9485366108 291627.9601492727, 203765.3976201344 291639.1653304849, 203769.3992980175 291649.15201683, 203780.7748264862 291660.3621758161, 203792.5137017907 291673.4585610063, 203802.5249035616 291681.4507804692, 203814.8144597703 291683.8967383843, 203823.7352926552 291686.7850668591, 203830.2880125639 291692.1131836847, 203839.2988846521 291697.3314037795, 203848.8561349661 291702.2170313849, 203858.5045580796 291706.7698740177, 203865.4204589859 291714.3170649275, 203875.8882774015 291718.7593317752, 203883.0759913171 291729.3021591083, 203893.3618453083 291733.4115341561, 203902.9168260073 291743.4006735031, 203907.6464872211 291753.7205710463, 203919.6600543832 291762.4903995159, 203927.4870373319 291768.262918587, 203935.5865040165 291775.4778439721, 203941.1366827254 291783.0244995098, 203945.4120462723 291791.1253257714, 203946.3180921077 291801.1107430809, 203953.5071133309 291808.3252877044, 203964.6112819573 291814.5430513331, 203976.26035818 291823.7565749604, 203986.9063583221 291836.6308464722, 203989.1774600537 291847.7263176729, 203997.2766592114 291855.2741333006, 204001.3687792495 291865.8156894361, 204005.0052013411 291877.4664928217, 204011.3732847393 291888.0090620453, 204018.8349575046 291896.0003935789, 204022.0163467601 291907.2072233455, 204027.7478080973 291916.1962955744, 204038.7580787939 291928.405124108, 204048.4062147333 291932.8472264696, 204060.6032284165 291937.7342621103, 204066.6088955818 291944.1717541169, 204057.6835156703 291952.1557646362, 204066.1456708323 291962.033645258, 204072.7847900241 291976.9032252004, 204069.5031639366 291986.3320492485, 204065.16221281103 291989.5795741976)"
TRAIL-110,금정로 24,금정로 24-2,204065.16221281103,291989.5795741976,204108.9086539432,292618.402253003,129.0446533333583,35.224384289156085,129.045137,35.230052,771.069609708269,"LINESTRING (204065.16221281103 291989.5795741976, 204061.9444428974 291991.9868319097, 204052.1114666165 291993.8684810018, 204044.8244878809 292002.6298520626, 204040.1752973408 292016.6068092937, 204043.5375026933 292030.4764030216, 204040.5278005181 292042.6789781379, 204038.7032305428 292051.2209074738, 204031.8695696721 292064.3093367481, 204028.7677202254 292079.0636042261, 204027.1246503493 292088.9369540625, 204025.5719791814 292100.2526262072, 204023.8359542602 292114.4527805239, 204026.1069403217 292125.5482657, 204024.3732892532 292134.4230736618, 204031.2886253387 292142.1922860837, 204025.4584218624 292150.8433792855, 204030.2779748378 292162.9385037305, 204023.3558419617 292170.4796644262, 204024.0794928086 292180.9087932089, 204012.4259539684 292182.9006204886, 204006.5949590845 292193.4377868125, 204001.6757136196 292200.8689072685, 204007.8614512386 292211.522343472, 204013.5021404468 292219.5128679191, 204017.5046174423 292226.5041651707, 204021.6876302891 292236.9348322126, 204026.6907450458 292245.5907502815, 204037.9746633521 292255.691755687, 204038.8797171384 292267.5632500083, 204047.0716687616 292270.3405318556, 204047.8866670534 292279.9930916318, 204049.6127117305 292288.0928327667, 204038.5042285409 292292.9694347786, 204037.7718349378 292302.1775239122, 204032.3938853978 292317.5964478809, 204038.8525618072 292328.3609737902, 204042.0374430818 292331.3579059195, 204040.4841002948 292344.2268061999, 204036.11151271 292350.7705955482, 204034.1058303729 292357.3154427098, 204035.1951261565 292364.3054501314, 204026.2704350134 292371.7347724457, 204029.0884980721 292380.7225553741, 204039.1921697433 292383.2787931402, 204048.6603840166 292381.8407453003, 204056.0343137997 292381.5112155918, 204062.5824551368 292395.6041434039, 204060.6681463959 292401.3724126402, 204066.4002032423 292408.2535656783, 204074.0437152528 292415.6903074188, 204076.4975314706 292424.788886481, 204082.3193430083 292434.443710268, 204084.0447257957 292443.8747972045, 204089.6838475882 292454.8608811239, 204101.1487462443 292466.6262228607, 204111.34111546 292474.064153314, 204118.8923896612 292483.9416776037, 204121.7058750712 292502.6926320948, 204129.6200299476 292515.2330066972, 204131.4363300385 292524.7750902393, 204129.0661310991 292532.0963652256, 204134.6147190993 292541.751099632, 204141.7118661797 292549.1876504625, 204141.4349570227 292557.5083849423, 204133.9682581736 292561.9427607701, 204135.2382482114 292571.7064856392, 204132.2294630237 292582.0229784513, 204121.2086366902 292594.9984927399, 204117.8359995442 292604.7601007014, 204108.9086539432 292618.402253003)"
TRAIL-111,금정로 25,금정로 25-1,201938.2916053718,293282.1251194009,202640.06444423558,293630.93064242334,129.021294,35.236041,129.02900476896292,35.23918334959161,938.5634294109735,"LINESTRING (201938.2916053718 293282.1251194009, 201949.0313407739 293287.896564016, 201954.0358076424 293296.7732374372, 201958.7670213572 293306.4264689421, 201962.3149011741 293316.0794461119, 201967.8644738759 293329.6159325111, 201973.6870796223 293343.2634271358, 201981.6035230178 293355.5800454833, 201987.2448961901 293365.3444372755, 201995.5256438235 293376.5516990746, 202001.4401105855 293386.0942704855, 202009.3564046335 293398.7437487349, 202014.4513297573 293409.6174860445, 202020.0016594056 293419.1599889558, 202028.0997219405 293432.8080293323, 202035.3783478034 293447.343452215, 202041.2019030658 293455.9984707159, 202048.7535340658 293470.644911497, 202058.0352634639 293482.2962391522, 202063.1301081872 293493.0590603605, 202069.4087479835 293501.6032565983, 202076.2323923225 293515.0291602925, 202081.9646375624 293524.571744628, 202087.8788136071 293534.5581545822, 202094.8847592984 293546.6527756945, 202100.7078325516 293556.8610631932, 202110.5345561636 293572.7284815275, 202115.6296508747 293581.9381044469, 202121.1800020997 293590.4821674196, 202128.6400554621 293606.4599961515, 202137.9235891973 293609.4577013327, 202148.3928542384 293602.1378159436, 202152.578334994 293608.5736197987, 202162.3157739234 293616.5639817092, 202177.1509242516 293622.4476262636, 202189.2560473185 293625.6679542899, 202202.5445527625 293628.4448069605, 202220.8394362452 293630.4462931071, 202231.3076212836 293627.6752470102, 202243.1407267095 293626.5687262354, 202257.7042394 293626.4614072892, 202268.2636292468 293623.0247569605, 202282.5541385584 293622.6955196024, 202292.7477662989 293625.9155037452, 202298.0269453745 293626.2496793306, 202307.6760759904 293623.0347335908, 202321.6941197647 293620.3756441756, 202331.9801033561 293618.3812826746, 202340.7199836445 293611.5049537021, 202348.7315858925 293605.0722238377, 202359.5635222594 293603.8546504129, 202369.9402059895 293603.1916954288, 202381.4106170727 293596.9817920863, 202392.2423326584 293596.6518175034, 202405.6230808559 293594.7693044269, 202419.0935502649 293597.7684137209, 202430.3787359481 293603.5405794567, 202435.7462542863 293613.8599064677, 202440.2939350762 293626.5088598677, 202447.2094878576 293634.2768777406, 202457.1296472362 293638.7173680646, 202473.6033835337 293643.0487155055, 202493.534668929 293651.9297902636, 202503.0909460737 293655.4826709788, 202521.5680921538 293656.2644217245, 202531.9448520677 293655.1578728247, 202548.875600976 293652.4999520153, 202566.7167643859 293649.1766515454, 202589.1081940887 293648.7392580028, 202608.6792383461 293643.8633063799, 202621.1511291967 293637.2102160051, 202638.3558452108 293631.6679729161, 202640.06444423558 293630.93064242334)"
TRAIL-112,금정로 25,금정로 25-2,202640.06444423558,293630.93064242334,203372.42001432143,293733.48762786645,129.02900476896292,35.23918334959161,129.03705112955032,35.24010554896075,938.5634294109437,"LINESTRING (202640.06444423558 293630.93064242334, 202649.9170688691 293626.6788311613, 202665.5755310812 293617.4750026147, 202683.5972035368 293619.6992348356, 202700.0701703421 293626.3608392211, 202713.7232716524 293626.9196529704, 202733.019050386 293629.699091297, 202746.5814263385 293629.259422471, 202757.7774747849 293628.0424368565, 202779.3476894944 293634.3729076157, 202791.5440155275 293636.2627308302, 202799.8287760867 293630.4961545464, 202812.6656385697 293621.5135969959, 202823.7696439173 293623.6250137531, 202832.9610041379 293629.5079736908, 202844.1535379942 293639.4965367338, 202850.4309881699 293649.1507274805, 202856.7082846647 293659.2487026177, 202865.534727816 293667.5723703582, 202870.9017819243 293677.6700671226, 202872.7189632006 293687.8775832527, 202887.5509474723 293701.8613781165, 202899.1083047309 293709.0765022108, 202908.5722346809 293716.0690772746, 202920.3114193908 293723.8390121499, 202924.7700745944 293728.056363642, 202936.3272965799 293735.4934256193, 202953.2543169709 293744.1526504451, 202965.633737583 293742.2706389691, 202985.021239604 293741.9441862296, 203000.3124097327 293742.8368093121, 203013.9655759284 293742.6194619149, 203025.160294864 293745.0639919067, 203043.7264408055 293751.1722001742, 203054.6463922792 293758.6091992426, 203058.6471623454 293770.8145025197, 203061.5556790629 293783.0194377459, 203063.0080544969 293794.6691554964, 203069.0110858971 293807.3189228765, 203075.6518811803 293818.0828463161, 203082.3842479428 293827.1826308591, 203092.7539332813 293846.3796608974, 203096.6633273449 293859.3615665539, 203096.5663019582 293876.8908464379, 203107.218226018 293869.1283508635, 203112.5919207176 293858.8123131486, 203124.8834588153 293847.5001628432, 203134.4422442325 293842.51094714, 203141.0889122841 293836.0784438124, 203152.9217024681 293835.4168938979, 203163.2054511555 293839.6363978705, 203178.9525124414 293837.7558576722, 203186.8690321142 293843.9715665764, 203198.3383258818 293841.6457727023, 203213.9041802618 293837.435383924, 203226.922408473 293830.6723766405, 203236.8455856488 293825.0177293124, 203254.2349991571 293812.1543522829, 203270.0780044621 293796.8496590309, 203285.7360382979 293789.7548572342, 203308.8608413256 293774.2309925372, 203317.9644190902 293770.0184196894, 203331.1657627818 293760.8148401536, 203342.1825176027 293751.9433069164, 203355.4744387213 293744.0711366054, 203372.42001432143 293733.48762786645)"
TRAIL-113,금정로 25,금정로 25-3,203372.42001432143,293733.48762786645,204150.30403550804,293492.7574249089,129.03705112955032,35.24010554896075,129.0455961443099,35.2379328152391,938.5634294109639,"LINESTRING (203372.42001432143 293733.48762786645, 203373.22759732 293732.98324478, 203383.2436968528 293722.7800484765, 203388.6171696293 293714.1283515821, 203393.4447766478 293704.8107830392, 203410.4726530244 293686.4003229679, 203423.4025779775 293673.4246469161, 203438.3308336157 293671.4333036317, 203448.1601221877 293674.0997279723, 203459.6295291932 293672.2180459632, 203470.3720907504 293666.8968046542, 203476.9343367139 293644.2665487562, 203475.3911926 293633.2824015673, 203482.4935798889 293626.2956011957, 203483.7718618311 293615.9782102765, 203494.9730032056 293601.8925217609, 203509.4490394878 293592.8006424043, 203519.3711427612 293591.0293806387, 203529.4761173929 293587.1502465616, 203542.4018765977 293585.6020734213, 203554.9666058427 293576.2876282764, 203566.5302460345 293566.6399707001, 203576.088650785 293563.9810679045, 203587.7423829752 293556.7742626883, 203598.1201395936 293553.7828735464, 203626.9789093227 293542.256130292, 203638.7236435344 293535.2713174156, 203650.3763426038 293530.8382170234, 203660.1165410557 293528.9560913745, 203673.4964829544 293529.9600239815, 203685.4215958641 293527.1912540607, 203697.8001962403 293528.4167043628, 203704.2603583456 293534.4103780401, 203722.2793843891 293542.8495985041, 203730.2891014679 293543.5185703885, 203746.6718867506 293546.6318056697, 203754.5888248769 293551.5166697377, 203780.0766691978 293547.8661087448, 203792.2748126017 293545.2085388761, 203822.1305573958 293544.4444994689, 203832.3241499288 293546.6677151923, 203839.7842795173 293555.4355345075, 203849.5217033959 293560.0993654516, 203863.1762580635 293557.3315666234, 203870.3621890908 293568.6510287386, 203887.8369581264 293572.2087676966, 203900.5771173131 293579.0928455496, 203915.1419781285 293576.1036280761, 203933.8908820912 293579.9948430886, 203951.6414842647 293577.1180164801, 203966.3847098298 293582.5607783514, 203979.1299230981 293577.7957458783, 203990.2356703284 293575.4707971335, 204000.7956821623 293572.2580605913, 204011.5347426668 293575.8130598818, 204022.5478490356 293577.1492942145, 204030.6465076877 293582.3673163577, 204040.7525552871 293576.6026893622, 204043.8519791517 293566.1752469507, 204055.2315713169 293562.1863258377, 204066.7021461068 293558.3084049762, 204077.3538283505 293553.7644593532, 204087.5512112035 293547.445201139, 204095.474801368 293537.2418496349, 204102.7606958909 293528.2586104928, 204113.7802090384 293515.6158915665, 204125.434382461 293508.520724662, 204135.2687729348 293499.9824554412, 204146.1047420323 293490.7789865293, 204150.30403550804 293492.7574249089)"
TRAIL-114,금정로 25,금정로 25-4,204150.30403550804,293492.7574249089,204445.06107826967,293976.54754631827,129.0455961443099,35.2379328152391,129.04883702241486,35.24229218154981,938.5634294109448,"LINESTRING (204150.30403550804 293492.7574249089, 204160.4832866243 293497.5532366808, 204169.0384340471 293499.7760780157, 204181.2377324695 293495.011079035, 204189.793751461 293495.3478758479, 204197.1656966079 293497.3483054863, 204206.1778091953 293495.5773750854, 204217.9209816906 293493.0311128527, 204226.936890035 293483.1612218472, 204232.948164632 293475.17599691, 204241.5980351709 293469.5218582176, 204251.519844195 293468.9717946511, 204250.5239083977 293457.6549393221, 204257.5368981748 293448.7826423428, 204265.4579919658 293444.4595230214, 204289.6673816864 293450.5729528353, 204299.4051093111 293454.3497082484, 204313.4201388181 293459.7926888452, 204321.5168787055 293468.8940438772, 204328.5223322098 293475.8869291572, 204333.3444403435 293480.3270385681, 204344.7226689609 293479.6668306655, 204359.3796636924 293475.0141987154, 204367.4865825342 293462.9251101317, 204375.4979345859 293460.2663052763, 204384.0512351994 293466.2614781883, 204385.230825672 293473.9172535565, 204396.1526005749 293476.0305133094, 204396.7846909349 293486.4596484575, 204403.4252774775 293494.8946993139, 204410.6115026226 293504.3285262219, 204430.8152974559 293511.1060512062, 204435.8162245575 293521.9811122618, 204443.7331944727 293526.089965362, 204438.2657245524 293538.5131173664, 204444.633384517 293546.5042853076, 204448.4525663579 293554.1613682832, 204461.469006745 293553.7240037661, 204464.8318533354 293563.8216583241, 204459.8216783118 293571.8072242154, 204460.6372658385 293579.1299961684, 204462.0898979073 293586.6749727304, 204465.6365296981 293593.2224789726, 204466.1776190459 293603.429685972, 204465.2623562965 293613.6361735764, 204461.7075721918 293623.6194680917, 204457.7879429636 293635.1558142231, 204457.5974733211 293652.2412508386, 204456.6793804452 293668.216879009, 204455.3093019041 293677.8684192857, 204459.758888753 293699.0611108268, 204458.3884831712 293709.3783210037, 204447.5522934263 293718.9142535561, 204432.9878663035 293721.1259987537, 204421.87984935 293728.2210384962, 204421.1470159494 293737.7619515163, 204417.6845969538 293745.1935747768, 204407.1228529637 293752.067009833, 204404.932574532 293763.9370594011, 204398.7385967781 293773.3643697307, 204391.5443798012 293780.7941878986, 204385.6246723552 293787.7808501077, 204391.6267207648 293798.6563771882, 204390.892469572 293811.1928087282, 204381.5990771445 293830.4927340299, 204381.32031693 293842.2527725058, 204373.8507479436 293854.5640535541, 204375.5765197049 293861.9982064225, 204371.6562982728 293875.1987690168, 204372.0134520822 293889.5108521418, 204386.1165204692 293899.6136844831, 204394.1232838065 293905.6086062472, 204404.8623887359 293907.9436799304, 204413.23228689 293915.8248615354, 204427.2478907218 293918.4943975794, 204429.1538495649 293929.5898363931, 204432.3341733991 293940.4640105921, 204429.5994816207 293948.8944938497, 204430.1395562686 293961.2096596372, 204437.6905447248 293968.4247928937, 204445.06107826967 293976.54754631827)"
TRAIL-115,금정로 25,금정로 25-5,204445.06107826967,293976.54754631827,204157.99357449048,294516.0731303191,129.04883702241486,35.24229218154981,129.0456857959865,35.247156409235735,938.5634294109847,"LINESTRING (204445.06107826967 293976.54754631827, 204446.1506668995 293977.748335884, 204452.9735379085 293984.8521788868, 204452.9680167219 293996.0576273183, 204453.9637478003 294007.1526242715, 204447.4975412062 294015.1374844315, 204442.2071063464 294038.3224013865, 204450.3948705075 294046.0925845724, 204462.9533779339 294049.9818551757, 204468.7742758341 294058.5275021558, 204480.1530518001 294055.315728834, 204491.4387782259 294056.208891266, 204505.8189302191 294057.4364453118, 204518.3780637681 294059.9944524871, 204533.8499699199 294062.1101576644, 204545.5888723467 294066.7757476608, 204556.6003513327 294069.9987001663, 204566.8818899883 294076.7715396837, 204571.6091754244 294087.8684376473, 204576.70102307 294097.9670171746, 204581.706173437 294099.5227844688, 204576.2385219624 294112.611533812, 204569.8633553975 294120.4854087396, 204561.3023421072 294131.2427569413, 204557.1105379841 294141.2256999948, 204546.7338065173 294142.8846495748, 204538.901085326 294153.4204955578, 204531.3427666766 294161.2938038734, 204522.6018040856 294168.0570757272, 204515.4968746766 294179.3699222291, 204507.9354988588 294193.4561741581, 204512.1160346954 294205.8841113631, 204522.9420479191 294215.6526919987, 204523.2987255028 294230.4085689184, 204521.6545582167 294242.1679269939, 204521.9222754293 294252.8187910069, 204518.8218679904 294264.5774213989, 204520.0891464077 294278.4461937823, 204510.616972126 294291.6439289606, 204502.7833160297 294304.3987101354, 204493.1333018141 294309.2754918274, 204482.8460838356 294314.3738579452, 204470.4633960725 294323.7980584214, 204463.3619967928 294328.3432978352, 204459.8977423672 294339.8798796699, 204457.3442984365 294350.0855707974, 204453.2413189498 294364.9501941738, 204449.2316068116 294375.2661155219, 204442.6746529754 294383.2509384435, 204436.2985950883 294393.5657026786, 204426.1944570254 294396.7781564519, 204415.3620514661 294400.3231010305, 204410.9942999174 294398.4349007033, 204403.7152866761 294394.1044904589, 204393.8846345378 294396.4295526132, 204380.4154703721 294394.5369461007, 204365.942840722 294397.4145152207, 204359.1124530636 294406.3977729536, 204350.1878523827 294417.2660947179, 204340.2647866646 294422.5866892543, 204323.8809260401 294425.4634079757, 204313.9596327393 294427.1228429533, 204301.4901174637 294428.4482400386, 204289.2013167213 294432.5473683817, 204277.4591341574 294435.5373208657, 204264.9908926876 294434.2000857633, 204251.0666897149 294432.3074571434, 204240.6891515522 294436.5184959348, 204231.2246682768 294434.5170468177, 204220.4851602202 294434.2901340958, 204210.3819201644 294435.8386526705, 204206.4675070863 294437.6119516849, 204197.6341344892 294448.4804667874, 204191.6201916433 294463.677158343, 204186.0634937146 294474.214370288, 204176.4107553783 294485.748197931, 204168.1248747224 294493.7324219888, 204161.385156403 294504.0472136059, 204158.3770315039 294514.2527817819, 204157.99357449048 294516.0731303191)"
TRAIL-116,금정로 25,금정로 25-6,204157.99357449048,294516.0731303191,204514.7835618869,294878.3240183224,129.0456857959865,35.247156409235735,129.049608,35.25042,938.5634294109391,"LINESTRING (204157.99357449048 294516.0731303191, 204155.5494592095 294527.6758433245, 204150.9938794026 294538.4354284905, 204148.3499295232 294548.4192775061, 204146.7959959021 294563.0633239131, 204152.0698187544 294573.7164803083, 204163.807945713 294579.0472491495, 204172.175740552 294590.5894051105, 204178.2686251842 294601.2429555351, 204183.7248746689 294610.8977090246, 204197.553835839 294621.3329678306, 204211.2930978492 294628.8836319736, 204223.2090967811 294642.8682842782, 204227.0236411353 294659.8446784589, 204222.9229433531 294670.9372778337, 204210.8080509222 294693.231603167, 204203.1618322584 294696.0016723089, 204193.9668349176 294702.2103292818, 204182.0417800014 294707.863005742, 204173.1205079319 294712.6295234165, 204165.6551624673 294717.9514469326, 204160.828064608 294725.6044399239, 204151.1778692977 294732.2567117357, 204149.0774915092 294747.7880721331, 204150.2556337537 294758.6612410559, 204150.3398150575 294773.5279343849, 204149.6976477887 294784.6221580419, 204147.5092793913 294793.6077134275, 204150.2318852541 294810.3616873285, 204152.9562148423 294823.3435266835, 204155.6813530448 294834.5502443638, 204158.1338644047 294844.8692760099, 204168.7720988536 294866.286601752, 204160.0321912524 294872.8283401658, 204158.2077172005 294882.1468973008, 204150.8328668815 294888.9111635108, 204149.3722886228 294898.5627254446, 204151.4584600757 294913.8741224015, 204150.1799025997 294923.5257682018, 204160.1864185541 294933.1826037213, 204167.1906036621 294940.7301061219, 204170.8257217834 294952.0481953951, 204188.0257007266 294953.3874947567, 204205.3197815285 294948.0701577348, 204237.8100710084 294947.5306133077, 204249.8229308902 294948.0909821889, 204260.3770900513 294954.0869946724, 204270.6601505569 294955.977918345, 204280.5772808442 294961.8627082081, 204289.6757977332 294966.7486133249, 204300.4134566523 294969.5273485487, 204318.3359343868 294982.4055431065, 204334.4413412748 294988.7371333296, 204343.9040475036 294993.1794871713, 204356.7345749991 294996.5140221671, 204369.8401561227 294995.6327898547, 204396.0574803668 294981.2226296065, 204405.7067792345 294976.2347949117, 204411.5360716023 294966.474459882, 204430.3812099533 294953.3921454869, 204440.5768810786 294947.8498900221, 204451.5916962991 294942.1971044485, 204458.3303801461 294933.9904811683, 204463.6158419179 294919.9030484851, 204474.6314749059 294912.6970585718, 204489.6510767605 294906.3806326658, 204503.1243212934 294898.5102279112, 204514.4114868814 294894.4108879065, 204514.7835618869 294878.3240183224)"
TRAIL-117,금정로 26,금정로 26-1,207708.5782565291,297641.8074827456,207059.33943627446,297766.50101564644,129.084727,35.275309,129.077592124286,35.27643770160758,761.8666534357648,"LINESTRING (207708.5782565291 297641.8074827456, 207706.9444753348 297637.2573120703, 207691.937265718 297631.6972239556, 207681.1082025208 297634.3507003221, 207672.1850408998 297642.553096663, 207666.9905266951 297652.6447458841, 207654.7981885335 297653.6329097633, 207639.5126780847 297654.3965801842, 207628.8628070997 297660.3786432706, 207617.8538009541 297660.7021827416, 207623.935203867 297677.6820166639, 207619.0123954612 297689.327163852, 207603.6352200576 297690.9783835424, 207592.7194728909 297688.6393341315, 207584.9847899105 297690.1860717371, 207573.1539219833 297694.1701848211, 207568.3242153816 297703.3746313147, 207558.7742080013 297699.8163648723, 207544.9306590348 297717.1123200255, 207535.6466522344 297721.8752318281, 207524.5460042368 297723.0863744591, 207510.9906383939 297722.1875184409, 207499.7084939523 297722.8438118127, 207488.8864087557 297717.287538835, 207459.4982000921 297719.0383359336, 207444.0228962153 297729.4544607185, 207426.3693928996 297733.4339660238, 207417.1767196428 297737.8642374848, 207406.4376622291 297741.9604120362, 207397.0638651063 297745.3920435874, 207381.1385859247 297749.9277825609, 207370.1336846099 297745.3700141199, 207363.1228587184 297751.9100917443, 207343.3721963693 297761.6572280191, 207334.2701221329 297766.6423864196, 207325.4347852912 297779.2830276998, 207316.0589895673 297785.2664942051, 207302.1343022471 297791.1353434737, 207282.2009371074 297801.9919235954, 207275.1900400917 297808.7539612755, 207261.8079908576 297818.7283033922, 207253.1584207212 297826.820389195, 207243.698866017 297823.928202704, 207234.5138446582 297819.0392224897, 207223.780028371 297816.811710244, 207209.865287099 297810.3657304688, 207198.8606390562 297805.4753333962, 207175.751699262 297805.5678777259, 207155.9219005002 297800.781467095, 207141.0965856346 297795.2224378324, 207128.8168493066 297791.9953039865, 207112.1713804484 297787.10055951, 207100.8008985974 297784.5398548815, 207093.7999773379 297778.7651709166, 207080.9764975872 297772.7640312729, 207069.7895132626 297768.2064863165, 207059.9650504521 297766.4236645861, 207059.33943627446 297766.50101564644)"
TRAIL-118,금정로 26,금정로 26-2,207059.33943627446,297766.50101564644,206527.4909763717,297842.1410355716,129.077592124286,35.27643770160758,129.07174696303352,35.27712308449482,761.866653435757,"LINESTRING (207059.33943627446 297766.50101564644, 207046.5896732874 297768.0773988574, 207035.3055459701 297771.3969689179, 207011.9170310759 297779.9215918085, 206999.0887671189 297780.0225810085, 206990.2656848715 297777.4639914373, 206970.7108091365 297769.9045575583, 206955.8862706367 297763.1254305619, 206940.885038961 297749.4675561676, 206925.8785689687 297742.5773931506, 206914.4171682818 297739.7949624988, 206899.6824161532 297734.4582916924, 206881.402452298 297725.124895039, 206871.2144903689 297722.6763275345, 206837.561936447 297709.1153928933, 206822.2779341677 297708.1053163538, 206803.3598844846 297700.213890643, 206788.5338547025 297695.0992245487, 206780.25884881 297689.4347727673, 206756.1526488563 297684.4241395889, 206748.6988474646 297675.5429056075, 206740.6101519445 297663.998506472, 206713.6992887124 297637.6843151948, 206702.4168519044 297638.6744420713, 206687.4017967625 297642.8792426786, 206680.2087679862 297650.3072795127, 206673.8344178908 297657.9578188379, 206658.7206518761 297672.7024375751, 206650.2518113992 297683.0141462048, 206639.2383825638 297689.4408905725, 206628.8647684111 297691.8740722189, 206616.7614665932 297695.7482920681, 206615.5647297192 297714.8300795585, 206613.5553518748 297725.4793968811, 206608.9091712061 297733.9078691863, 206604.5324495308 297747.1072075685, 206596.704169768 297752.537823789, 206587.5107915734 297758.5221790997, 206570.4943454736 297762.8366596589, 206554.661623914 297765.8206830211, 206545.92125644 297774.4681073252, 206537.0945861817 297776.6806250243, 206520.176311373 297771.1211012047, 206509.6220635543 297771.8901034341, 206505.6126237374 297780.6519256763, 206511.6086575676 297792.6383888064, 206517.8795374199 297801.9623569108, 206510.500974223 297814.7157917011, 206504.2185030717 297821.4789524628, 206508.673381301 297825.8090477347, 206512.2195011605 297828.6961948711, 206528.7760021246 297831.1489619606, 206527.4909763717 297842.1410355716)"
TRAIL-119,금정로 27,금정로 27-1,205082.6988663659,294199.5303122274,204826.45344658196,293485.22488095815,129.055844,35.244299,129.0530244222224,35.23786189457526,914.6238895190717,"LINESTRING (205082.6988663659 294199.5303122274, 205086.2526129803 294192.2099346265, 205094.7238035974 294180.34358015, 205099.2831916113 294165.1466725399, 205091.8235990893 294158.4857602841, 205077.6280254465 294153.1524081981, 205071.9904196585 294143.4970187233, 205074.1812343333 294132.0709035474, 205072.0941390359 294120.8642772706, 205071.554139716 294109.9913550381, 205074.4752786689 294094.6825722013, 205066.3810396121 294083.4725768075, 205053.0069076881 294073.8128663859, 205050.2830226305 294061.9402196557, 205050.2830226305 294061.9402196557, 205068.0376411559 294050.8556505247, 205072.8668015231 294041.5389730665, 205075.2412971427 294027.228390887, 205079.6154505559 294017.800516741, 205081.2603842435 294006.0412633272, 205083.6335918053 293994.0605298934, 205084.2754620786 293985.6290654195, 205082.0057469799 293975.4208422396, 205082.1952702587 293962.1075404691, 205090.5761519404 293949.3535745066, 205093.5850166096 293940.0358842755, 205096.0501522337 293926.5019761552, 205099.3339646928 293913.8560913381, 205101.3417036941 293904.4268942802, 205102.3492389091 293893.2220121428, 205101.7180546512 293882.6818754502, 205105.2728807607 293873.697333346, 205104.9148194275 293863.0464059665, 205108.7428403589 293853.8401296835, 205106.3820998341 293843.6318509456, 205097.82882139 293839.0782754261, 205086.6378359661 293831.1948717209, 205077.4508253296 293820.5389814612, 205074.8994038603 293825.6410205391, 205062.7062930976 293819.3103146593, 205054.7003921441 293812.4272409211, 205044.7815727293 293808.2057874309, 205039.687918524 293801.9900233943, 205041.4241065881 293789.7870372665, 205042.9800539513 293774.3665450493, 205038.7084697899 293762.9368239909, 205042.7200539553 293750.9569976795, 205033.5303147823 293744.9608433469, 205009.7839589279 293726.8636099847, 205002.7799635143 293718.5388534418, 204994.592498771 293710.5462834603, 204995.5998613749 293699.4523377774, 204986.8686333847 293687.1326186999, 204980.9635667891 293666.6045340074, 204973.7780045493 293657.2811956086, 204961.2228845676 293646.6235739705, 204958.6834096617 293629.9804285668, 204936.4817328865 293615.9892044919, 204935.7613123916 293601.787850166, 204928.3041582703 293589.5798305765, 204919.3892987899 293579.8118139463, 204903.9230363969 293565.9352844881, 204894.2746005447 293566.0409999302, 204883.8108597071 293558.9348602215, 204866.5178422909 293556.5956880913, 204857.2383161563 293547.7150970328, 204853.6035484847 293536.2858101158, 204852.0628921459 293523.7481988327, 204845.332911546 293513.0938696284, 204833.1399895697 293505.3211926092, 204833.2385466903 293491.2312320083, 204826.45344658196 293485.22488095815)"
TRAIL-120,금정로 27,금정로 27-2,204826.45344658196,293485.22488095815,204326.70309965362,293006.62551863067,129.0530244222224,35.23786189457526,129.0475315460832,35.23355032929771,914.6238895190645,"LINESTRING (204826.45344658196 293485.22488095815, 204823.9585654141 293483.0163458027, 204814.0423493618 293473.0260106646, 204809.6803127324 293459.7102908583, 204806.4087178095 293449.8344475178, 204796.8551864891 293442.3960591354, 204785.9346387179 293438.0634163778, 204778.0186850338 293432.1791449154, 204768.7374223121 293426.1832150909, 204754.17938812 293415.1919942705, 204751.3631864191 293404.6507413366, 204751.5609805953 293374.6957042038, 204751.8388943346 293365.487418299, 204748.7490761336 293355.9445278112, 204747.5718172973 293344.4056335412, 204742.3883019529 293335.0835360809, 204745.3988160866 293322.3264459618, 204744.5864054411 293309.3454598145, 204732.0280342316 293303.4587945027, 204722.9277315063 293299.2381270731, 204716.6545253598 293284.8120081365, 204710.3777726587 293277.1535338182, 204711.38558523 293264.6172800612, 204716.6694026692 293256.2991646102, 204719.0411631337 293246.537247414, 204723.6015462387 293229.121273448, 204734.2540636078 293224.3562136402, 204744.4591488707 293204.946199807, 204735.6381659767 293188.6326690964, 204729.7319687854 293168.5485443682, 204728.5535001275 293159.2285538105, 204725.1905065849 293149.6855315772, 204727.2006918314 293135.1527972595, 204724.5672941981 293122.9474790214, 204711.8255560541 293119.0577565931, 204701.3556149812 293122.6025430629, 204691.4321310503 293125.5929006257, 204679.1474119009 293118.0422790502, 204671.225203404 293123.585428042, 204657.2076377777 293122.4687464853, 204645.7400188768 293119.0235534128, 204636.6410265365 293111.8074622191, 204623.5364887699 293105.2550002825, 204612.4331700104 293101.3662562637, 204604.9730743399 293093.2634742169, 204594.6894288727 293088.4876103532, 204585.5914343231 293079.1636181444, 204576.1286936256 293071.0598446298, 204572.0384085559 293059.2976146207, 204560.6601375714 293058.9590325928, 204562.1222885333 293047.6433897508, 204551.3884571771 293032.8823069569, 204535.1916907669 293020.5592829424, 204519.5385524737 293013.2290804938, 204514.6290254669 293001.2445783054, 204502.1596129573 292998.3537925714, 204491.9665027051 292994.2437609449, 204481.4064655796 292995.7917486659, 204467.8454644598 292991.3472407278, 204461.5606863833 292999.1102796881, 204451.9101763279 293002.2119793238, 204441.165428682 293009.1962230779, 204430.6950320806 293013.6288814296, 204417.5855949229 293016.5070333803, 204405.2101199147 293007.6254027376, 204395.5593686519 293011.2818868967, 204386.0018600058 293010.3896857924, 204378.1776964726 293001.6212464186, 204364.7061819264 293000.2833936187, 204354.6031312612 292998.0596236358, 204338.3980485079 293002.3786834033, 204330.2957520908 293004.0389722711, 204326.70309965362 293006.62551863067)"
TRAIL-121,금정로 27,금정로 27-3,204326.70309965362,293006.62551863067,203772.7481958324,292479.8250043568,129.0475315460832,35.23355032929771,129.04144359085353,35.228804255916714,914.6238895190659,"LINESTRING (204326.70309965362 293006.62551863067, 204319.8239196986 293011.5782153305, 204316.724465162 293021.0070510987, 204309.9919448058 293013.5705307561, 204296.0688305691 293004.7992569109, 204288.0620451744 292997.0293129937, 204283.05901937 292989.5936335289, 204265.9525215813 292975.1627094718, 204257.1265848695 292967.0595722109, 204251.4869956929 292958.1813273563, 204233.4621526148 292960.7246012165, 204225.8187663934 292954.2862218661, 204214.2557596536 292959.3842891323, 204204.333961234 292958.7140002233, 204198.2404599931 292947.061955597, 204189.1420173523 292937.5164751613, 204178.4939117362 292932.6299726615, 204174.0371894201 292924.6398825342, 204178.3182122955 292918.8727263606, 204167.7640742752 292907.5514772261, 204162.1254838641 292896.2325022902, 204153.4807728977 292889.5718341919, 204143.6510413464 292886.4608671539, 204136.8269444875 292879.6901048592, 204133.0065027529 292873.5863896351, 204123.6313878038 292871.5851010123, 204121.2692257323 292861.4880408266, 204116.1751096215 292853.7195793909, 204106.8045060285 292841.733272464, 204098.7065849353 292833.5196777143, 204095.9814717995 292820.7597835557, 204084.3297437752 292820.5326225763, 204076.5038727664 292814.5380681224, 204070.9539419844 292808.1007655897, 204067.2257033172 292799.223499003, 204063.6790190845 292791.4557642403, 204060.8614181286 292781.8022958876, 204049.1243724973 292768.7055391266, 204035.7541902086 292743.4041354572, 204039.7640514571 292733.3099452089, 204041.8632648979 292720.9960056558, 204036.6799515908 292708.7897572874, 204028.2144113305 292708.0093677536, 204016.1125064078 292696.2438310004, 204006.1028146734 292687.8075825961, 204009.1148153423 292669.8358542187, 204002.746397407 292661.2902804038, 203988.6418476829 292649.1910605093, 203986.0991247867 292635.2108906102, 203984.9209436896 292623.3392747233, 203985.4686999772 292619.7892817148, 203986.6590125278 292604.1465861925, 203982.7502038989 292591.4971538183, 203976.9286803439 292581.1767230954, 203967.9187690361 292575.958358157, 203957.7243088817 292573.2912144809, 203943.8859325064 292576.6135123097, 203935.6931162323 292576.3880527844, 203922.1277053568 292580.0433371857, 203914.1147951016 292584.8104920877, 203907.3842075319 292571.383257996, 203902.108253475 292562.2835046333, 203893.0076298205 292556.1776169097, 203882.7221880556 292553.288629137, 203871.3455357427 292547.625565494, 203860.6054350002 292543.516015354, 203854.9647188211 292535.7474719439, 203850.3252598447 292528.2012480856, 203842.8641495828 292519.7662685823, 203836.7686619443 292510.9990403182, 203832.0393644585 292500.5682231298, 203826.94597006 292490.0263096835, 203819.2115659039 292481.9240689824, 203808.4689802431 292483.4727650605, 203798.272038739 292486.3530407026, 203789.1685720072 292486.6820555942, 203778.0613078937 292489.5619725943, 203772.8744963913 292484.5672908211, 203772.7481958324 292479.8250043568)"
TRAIL-122,금정로 27,금정로 27-4,203772.7481958324,292479.8250043568,203000.36605894455,292352.7657992448,129.04144359085353,35.228804255916714,129.03295852120422,35.22766161610485,914.6238895190295,"LINESTRING (203772.7481958324 292479.8250043568, 203772.6056088652 292474.4712018845, 203768.5125741629 292466.1486352409, 203758.3194994917 292459.7095945653, 203752.5876094923 292451.9410782754, 203745.2167814221 292444.9485002808, 203734.2071573657 292431.7415165905, 203725.8386744071 292415.6510700022, 203715.0942940058 292421.4157781662, 203703.3544163942 292412.8682136399, 203691.3409160924 292405.5409454319, 203681.5137519469 292394.4424605173, 203665.0403846173 292385.0054619333, 203650.3853864485 292381.2274112489, 203630.4525653839 292372.0109695749, 203615.8894091555 292366.1250610006, 203595.7728181898 292361.0135793191, 203585.6694808508 292357.2374448858, 203576.10971013 292360.1182232927, 203563.9093324677 292364.5511975533, 203553.3484588734 292366.7659368584, 203538.9654026932 292365.7617932373, 203523.8564021185 292358.7663716493, 203514.4820852409 292352.9935949919, 203505.2905138652 292345.4457825819, 203502.9255459965 292340.4523513378, 203492.6376348804 292343.0001015498, 203479.4363207405 292346.32335536, 203470.3342578648 292342.6586800612, 203459.5939440834 292337.9948840745, 203443.6635787594 292336.1027421233, 203431.1945078724 292328.9975368028, 203418.3596420122 292326.2190564545, 203408.1655333403 292321.4445834512, 203397.972247723 292314.4512269601, 203381.7720424201 292303.6835115524, 203368.3928984059 292295.579550106, 203347.5480578231 292289.5807921874, 203337.1715542555 292285.4720006125, 203328.8907735188 292276.1495885372, 203321.7003229856 292272.4857673098, 203308.2297188198 292265.2694198293, 203296.1234539084 292261.2709876514, 203283.3777539564 292263.2633563471, 203270.086729329 292262.8147611402, 203260.6201154926 292259.81583429, 203243.1426827435 292255.9264827166, 203231.3089284885 292253.4814617113, 203220.5679511124 292250.0383425525, 203203.6287960538 292268.4491548277, 203193.4299249961 292276.6554593377, 203183.5941590229 292287.8574117543, 203175.8539793584 292294.0675965543, 203166.3834822202 292302.1632429068, 203159.9152198832 292315.8071860499, 203144.1594937986 292334.9951382697, 203137.3311915789 292336.9897723725, 203124.221111234 292340.091686731, 203114.1156055719 292341.9742619029, 203098.7300534045 292343.9659821856, 203090.2618546318 292349.7322121329, 203076.2402928067 292356.273172461, 203063.1319151026 292354.4936061616, 203049.4763143705 292355.7093830627, 203035.3662893256 292354.7061326584, 203022.4410460053 292349.7092885713, 203010.0612210077 292347.0424846561, 202999.5019354336 292344.8200804897, 203000.36605894455 292352.7657992448)"
TRAIL-123,금정로 27,금정로 27-5,203000.36605894455,292352.7657992448,202699.23454949865,292735.9674011373,129.03295852120422,35.22766161610485,129.02965189881795,35.23111645599247,914.6238895190797,"LINESTRING (203000.36605894455 292352.7657992448, 203001.5893621387 292364.01421803, 203004.4977106737 292378.3270593541, 203005.5866564731 292388.7562298994, 203011.410003368 292397.3009150484, 203017.9617229554 292405.5130128123, 203033.618728714 292408.0699819653, 203044.7240241838 292410.6254444356, 203059.5608065827 292415.8448570803, 203068.8441636065 292422.060910657, 203084.9568257689 292423.0648965404, 203097.0652850356 292420.2954162255, 203106.713433357 292424.5146276458, 203119.6387911832 292428.7349794741, 203128.2852026804 292433.9523714766, 203146.4013139318 292432.8492093686, 203157.3248670628 292434.2952992163, 203168.3393338646 292436.0742684743, 203181.9030928858 292436.8556448329, 203189.5464853575 292446.6214788169, 203202.0166441968 292450.7308432685, 203218.310478709 292454.0649715801, 203205.7461121738 292458.9420789832, 203191.7250666453 292464.2624687163, 203181.0739531309 292464.813439235, 203172.5136525452 292473.7969596263, 203154.0346475421 292471.571599124, 203145.0224164993 292471.3465704006, 203130.3654983829 292472.8947113266, 203114.8884057809 292476.9943235903, 203105.0555835777 292480.5411749043, 203093.8580289781 292481.8686740458, 203082.4776546484 292485.4150205372, 203066.1803655993 292492.2880564181, 203052.7049787989 292499.6058531668, 203038.5920468523 292507.9219589267, 203030.9424814516 292516.2402510702, 203019.1962651981 292525.1119049072, 203009.2709492885 292533.3185111515, 203002.8939742813 292547.4063804941, 202999.8881299265 292552.7307331365, 202994.9698706939 292560.2733491885, 202980.7637133263 292575.6899823825, 202969.6536105547 292588.3340343737, 202959.909202124 292600.4238231611, 202952.2587730061 292611.8486372618, 202942.8783962363 292624.3823429008, 202933.0438584391 292633.9204011675, 202923.4820418432 292644.6789513918, 202913.9217139769 292650.8887748815, 202903.7238933725 292657.9859623077, 202896.8937909267 292666.5265223259, 202890.1549455307 292674.4014478518, 202884.2344733261 292685.1612048583, 202868.7550750077 292698.0258795149, 202858.921747929 292704.2356749492, 202848.8143625255 292713.5518498797, 202842.8943488532 292723.0912415599, 202828.8741698069 292727.6355819191, 202816.0389255804 292727.2987405976, 202802.8367023877 292736.1702244586, 202789.726083493 292743.2666386738, 202776.2516353028 292749.4754015857, 202763.1414973777 292755.129571792, 202753.3097240178 292756.6798000216, 202741.1114966813 292757.1198728529, 202724.4556829477 292747.9064175241, 202714.8082349461 292741.912494751, 202703.3392966326 292738.8026030492, 202699.23454949865 292735.9674011373)"
TRAIL-124,금정로 27,금정로 27-6,202699.23454949865,292735.9674011373,202182.74434334028,292504.6200162377,129.02965189881795,35.23111645599247,129.0239774864052,35.22903246527049,914.6238895190678,"LINESTRING (202699.23454949865 292735.9674011373, 202693.0549399116 292731.699064905, 202682.3135036664 292731.0302028502, 202673.7582160341 292725.5913722793, 202667.2066454739 292716.6029063558, 202669.2113897624 292709.6139740964, 202674.9495933685 292698.632132579, 202678.4119642269 292687.8715100301, 202681.6936626861 292672.4511530553, 202685.065448378 292660.2482239952, 202682.7016904359 292649.929654621, 202672.0555158753 292634.6161180274, 202660.2236705207 292626.8464924067, 202648.9391990458 292614.9720848517, 202641.5684618916 292605.2067854872, 202638.2027680184 292596.6630528454, 202619.181997214 292579.5720233549, 202607.7130761028 292575.574695525, 202598.609297472 292577.4581361025, 202589.0501386192 292580.1180690447, 202578.4009074455 292574.6787307557, 202567.9342954899 292567.2424505535, 202557.2850992136 292561.5812476774, 202542.175574751 292554.9202990754, 202529.2506562349 292548.8147106176, 202519.2389829305 292541.9333383689, 202510.956763032 292535.607181362, 202500.5820344066 292524.731716643, 202480.1933175544 292515.0739043235, 202470.7262823536 292513.6290302223, 202448.6978013892 292508.0757983264, 202439.5960834443 292502.1932643216, 202430.9495493008 292496.1999171173, 202421.4851605414 292484.7700647865, 202406.3771498369 292471.5636023655, 202395.2719846795 292468.1213655505, 202363.4074365793 292478.9855691794, 202339.0087516442 292485.7468564603, 202327.2657169918 292484.7453233252, 202317.3420091372 292488.9586763053, 202307.0538097683 292494.6142293761, 202292.3031720587 292507.4800728107, 202274.8210583901 292522.4532038814, 202267.5351990304 292535.320969317, 202260.7050783748 292545.9699589533, 202253.8743653785 292559.0597392192, 202246.4080165073 292565.825513599, 202231.9326774425 292570.5925550099, 202221.1898714404 292574.5839222065, 202202.8887152658 292589.5569924995, 202193.0546518794 292600.2053026383, 202185.7703661341 292607.3040060116, 202173.3889680772 292611.6278686056, 202156.6405619247 292605.4109493337, 202135.9771485478 292601.7448658348, 202128.9688001712 292596.9725865377, 202128.3343433704 292585.2122885729, 202143.084200127 292574.1212929513, 202152.4621725551 292567.2449433111, 202161.0211847975 292559.0370701654, 202165.7573211845 292548.8312824729, 202170.4930155072 292540.5115587317, 202159.569990479 292536.7368204068, 202172.7732590068 292522.095271487, 202178.6930441643 292511.1131621176, 202182.74434334028 292504.6200162377)"
TRAIL-125,금정로 27,금정로 27-7,202182.74434334028,292504.6200162377,201556.35801082468,292616.4428687049,129.0239774864052,35.22903246527049,129.0170968328919,35.23004154706786,914.6238895190861,"LINESTRING (202182.74434334028 292504.6200162377, 202183.8839355965 292502.7935555292, 202201.4575640265 292485.3794862507, 202205.0121634088 292467.7401323975, 202203.4671902435 292457.0890571344, 202204.4703175109 292449.877891203, 202209.2994641664 292432.0169612352, 202211.2138058523 292421.2557863301, 202210.8511892593 292415.0427905292, 202206.3920673314 292408.7178495187, 202194.9221010264 292407.3837207899, 202182.9061144075 292405.2728614074, 202174.6235341653 292398.9470139559, 202159.3322358164 292388.7364309509, 202144.4045141154 292380.7448554644, 202133.5744137381 292368.0945906678, 202124.6546276 292361.3248600187, 202115.1880496337 292356.9957950222, 202104.9938572484 292349.7820068444, 202093.7972906 292346.7838988588, 202075.2284592759 292337.0164796968, 202063.9409081477 292333.6855536087, 202050.0129613118 292332.0182139623, 202040.1820774093 292328.1329241555, 202027.1626755944 292334.4538470541, 202017.8745273961 292346.1009689241, 202012.5930594601 292352.6455325421, 202010.223791905 292363.2957023338, 202008.4005391395 292374.8335522616, 202006.5774879719 292385.4838446924, 201996.3809141704 292388.8099306167, 201983.5440637619 292393.4667856541, 201971.3436190614 292402.0068644406, 201954.7721971509 292416.8698655351, 201935.1971176273 292429.8461928634, 201925.8193335794 292435.9461530645, 201917.6247650846 292443.15582161, 201908.5189367418 292454.8030962007, 201895.3177423683 292461.124171582, 201884.8486338152 292462.342375723, 201871.5561350436 292470.1057489032, 201863.8172420477 292475.2076101025, 201847.0635206955 292492.7334471461, 201836.1387035909 292496.8361789154, 201814.5618866527 292506.5949637941, 201807.2791090979 292507.2591738881, 201801.1788118483 292512.6942509555, 201794.7139057024 292520.5700450361, 201785.9731460875 292528.6672835783, 201763.3034390237 292541.643374173, 201748.8287242096 292544.3032378458, 201736.356374019 292548.8495703958, 201729.1628017845 292559.2770019795, 201716.4173215309 292564.1561442586, 201708.4975170476 292564.0436995033, 201700.8496828339 292569.9223315421, 201678.3651285932 292567.477344512, 201663.7080887331 292571.9124273336, 201653.0579675107 292568.2492958482, 201633.6713463361 292550.0508268754, 201626.5691056652 292559.4798534332, 201617.919864535 292565.9130994075, 201608.2677204007 292581.1108138161, 201593.064445784 292586.1006380362, 201578.6800516407 292593.5314162579, 201566.2981568311 292602.2939016573, 201561.9275623186 292608.3951093801, 201556.35801082468 292616.4428687049)"
TRAIL-126,금정로 27,금정로 27-8,201556.35801082468,292616.4428687049,201293.7570543789,293175.6137378354,129.0170968328919,35.23004154706786,129.014213,35.23508199999999,914.623889519054,"LINESTRING (201556.35801082468 292616.4428687049, 201554.0968626144 292619.7101293836, 201546.5399990279 292626.8093007845, 201546.7202407245 292637.4600324692, 201541.3476281788 292647.6660367861, 201533.5161978889 292663.6407569437, 201528.9612846441 292683.3881612306, 201535.6047399645 292694.1509336781, 201541.0637545466 292710.9045291318, 201543.3366887813 292727.5466390717, 201543.9694143814 292753.8406690811, 201549.4285294559 292769.7067125334, 201550.6097936293 292782.132735378, 201553.7936607771 292794.8919370378, 201562.8944705 292807.6521609727, 201569.6280342251 292822.9637141682, 201578.3639577149 292839.8288497811, 201581.8212422658 292850.3692134347, 201582.3651479284 292863.3498546553, 201580.8159205375 292873.2236743839, 201583.180877191 292883.5419584753, 201588.0034597607 292894.7482334461, 201591.4601456597 292908.5060021062, 201595.6456394251 292918.9355555174, 201603.4717441938 292932.3612669689, 201609.1133557145 292944.5662030193, 201613.5715613945 292956.8818763825, 201619.5767407948 292971.9714506052, 201622.4880159224 292981.069450977, 201630.950103148 293000.7082139192, 201642.144501511 293012.0266164231, 201658.8911840561 293025.4540025805, 201658.0690237848 293041.3189678321, 201666.0774142547 293052.41492718, 201661.977665881 293071.4966906088, 201657.1512019959 293082.4793472032, 201644.4972426684 293088.9118392951, 201630.479315143 293087.4670167709, 201624.3789772021 293095.8977292377, 201616.2752425533 293108.8768275755, 201602.0737932168 293115.8638271307, 201589.4216168755 293112.6441922446, 201579.4082643349 293114.8613348638, 201562.7499332003 293117.1882823083, 201550.6424981297 293122.1787170755, 201536.6243243984 293122.3982131753, 201521.8779178544 293122.7285532661, 201512.0467024183 293124.6129665365, 201502.0333821519 293126.8301948888, 201492.4753106431 293128.3818401919, 201475.8175521305 293127.4915463575, 201459.887341938 293130.7063613255, 201443.8658682652 293135.4744181597, 201432.4872993442 293136.9148914317, 201414.7370911932 293136.9120961531, 201398.9892474292 293138.3519288659, 201385.2437236343 293141.5672137529, 201372.4084085413 293145.2264372277, 201358.4814350136 293144.5586643286, 201350.8337390893 293154.3206681933, 201341.1835439599 293163.6386017958, 201330.4433711766 293157.2022113153, 201320.7041511881 293152.9848775479, 201311.6920723574 293156.0900222129, 201304.6819418848 293163.6332600477, 201293.7570543789 293175.6137378354)"
TRAIL-127,금정로 28,금정로 28-1,206718.29827684,291204.9750330236,206004.65984417382,291004.0137607821,129.07379,35.21729799999999,129.06595033764862,35.2154911578574,876.5558440921826,"LINESTRING (206718.29827684 291204.9750330236, 206714.1070222056 291209.1878179386, 206703.271706627 291210.2892286436, 206691.9792752823 291213.9420411355, 206683.0512642832 291221.3687324419, 206677.4904945021 291230.7949214147, 206669.5652436092 291236.558196608, 206665.826230592 291244.8762897405, 206657.8110152629 291249.1972284727, 206649.2446401666 291260.1744486397, 206642.9589869281 291264.9404507396, 206631.2169509745 291261.0487722082, 206625.3958807035 291253.0564914373, 206618.8472455166 291243.954235584, 206610.5666169582 291237.7352797275, 206605.8391181126 291228.3015306514, 206597.9255635891 291218.0888472109, 206585.9130555073 291210.4249125967, 206574.8092153124 291205.2024367053, 206558.9681415909 291203.8596010371, 206548.5043324241 291194.8655036909, 206537.9463288273 291190.1981916371, 206506.8114292357 291186.0707906281, 206494.7912343051 291188.9467130836, 206483.7778846378 291184.3900820925, 206468.845083408 291186.0435607697, 206454.0103789223 291177.8230610708, 206454.0156823452 291170.3897740343, 206458.9436031053 291154.4172635213, 206457.0394621805 291143.4323852783, 206452.0395626459 291132.6671883384, 206441.3915748504 291126.3357560299, 206429.0108395693 291123.9971114025, 206420.5400810398 291128.7617143604, 206410.3421916129 291129.6420391167, 206398.146371777 291123.3095611001, 206386.7687837269 291118.6418466986, 206372.2979265435 291110.6436283647, 206363.2855853722 291108.7512257271, 206350.0878734515 291102.86188663, 206340.3484638589 291099.0829379385, 206330.2433042203 291097.5226362843, 206314.0443220151 291086.8606315347, 206306.7701993166 291072.9874798346, 206298.4911311203 291063.9951976907, 206290.3927532501 291057.0000519951, 206277.1018691997 291053.9953152798, 206271.4576797592 291052.881954478, 206261.2587214279 291055.2047265927, 206257.2533129909 291054.2034536723, 206245.2330230064 291057.0797073028, 206234.6692738447 291060.2898144715, 206224.9270220672 291060.5049946281, 206214.0019134135 291059.6099265426, 206207.0851077216 291055.5002272614, 206198.0752618244 291049.8358744504, 206188.064106342 291043.8380118631, 206176.8702999452 291036.3970729197, 206169.5920674759 291028.1822052474, 206163.1329519832 291020.4116799929, 206154.0324483726 291014.0816420806, 206142.0131927676 291015.4048089675, 206132.1749586697 291022.831423267, 206122.0645729137 291028.8155842473, 206112.045698204 291034.1341507381, 206097.6587065357 291036.2323893641, 206082.0906353066 291034.5577400848, 206072.8053867781 291032.1107208251, 206059.5150633508 291028.1078030524, 206049.1364842626 291026.7695219057, 206039.8524040463 291022.5474236544, 206027.1093753311 291016.9916945907, 206017.8262342579 291011.3273398572, 206008.7246621401 291006.4397275195, 206004.65984417382 291004.0137607821)"
TRAIL-128,금정로 28,금정로 28-2,206004.65984417382,291004.0137607821,205237.80051029508,290656.2512268176,129.06595033764862,35.2154911578574,129.05752556637856,35.21236089126565,876.5558440922107,"LINESTRING (206004.65984417382 291004.0137607821, 205996.2559865632 290998.9981661851, 205983.6071751098 290988.5609988997, 205972.1394745038 290981.8967453842, 205963.2200913848 290976.787410238, 205954.3915276727 290972.0109774983, 205938.0993008016 290963.6794243322, 205923.0820890463 290954.7940124224, 205914.0716753205 290949.5737218567, 205902.6031502939 290944.0190024057, 205890.4984971259 290936.5778253874, 205878.9412714279 290927.3619070695, 205864.7433830794 290918.4771251819, 205855.5508013176 290913.2567752302, 205840.987596562 290906.0359631433, 205829.4284227433 290899.7046664375, 205818.2347857584 290891.2656727163, 205810.6820364309 290884.4931993865, 205802.7647220423 290878.2752214765, 205787.2919879702 290869.389744473, 205768.8153629544 290859.281987889, 205759.8058247495 290852.3976840982, 205751.6150157923 290846.6233555209, 205740.9647238017 290842.622586436, 205731.7736103315 290834.8506390627, 205720.7623931686 290825.6352707188, 205709.2945728077 290818.5275744597, 205700.5571904269 290813.0857812946, 205685.9947468971 290804.2010524237, 205677.1671914547 290797.3169460959, 205667.4281459495 290791.9855012289, 205658.8728829868 290786.4329181645, 205647.9523753989 290777.5505297545, 205633.568400971 290774.3241695298, 205631.566946844 290771.6602542081, 205612.0886666765 290761.1084182443, 205601.5295379955 290756.6640924724, 205589.6975392246 290749.2234897649, 205580.6872077658 290743.2269218243, 205569.3106337519 290735.4537932923, 205559.2067771478 290730.8988529022, 205546.4648116954 290722.4592471766, 205535.8144189089 290718.2368316351, 205524.2527597286 290715.2342621575, 205509.3230111096 290710.898321406, 205493.3011726554 290705.6741858889, 205477.1868540216 290702.7798581113, 205464.259453661 290699.6655942039, 205451.4271735014 290689.7837894631, 205436.9533386381 290684.2278532877, 205421.7513400923 290678.22772583, 205409.2793422894 290674.7809800125, 205399.9942720036 290671.1142639214, 205390.5272893129 290667.1146154201, 205378.5119735267 290661.2274045981, 205368.6798425605 290658.7807853732, 205355.0256358056 290652.781688986, 205342.9173916672 290650.0009173468, 205327.0794130657 290641.4488498788, 205316.7033477073 290634.8970196784, 205303.225451884 290638.6612233612, 205298.4854260857 290647.7558971765, 205289.2002184827 290644.2002395093, 205281.7330616553 290645.7491006207, 205268.9858722024 290645.630723587, 205257.6937707778 290648.5087121033, 205243.5788148761 290651.8288563589, 205237.80051029508 290656.2512268176)"
TRAIL-129,금정로 28,금정로 28-3,205237.80051029508,290656.2512268176,204734.7582098759,290988.31735249766,129.05752556637856,35.21236089126565,129.05200267854752,35.21535647228185,876.5558440921733,"LINESTRING (205237.80051029508 290656.2512268176, 205234.7428791926 290658.5913557034, 205222.1757615357 290662.0233735698, 205204.2359061333 290666.6727066069, 205195.0331326834 290678.0947039292, 205183.1958671847 290679.0864154753, 205176.4608507641 290674.2010003893, 205162.8945530772 290673.5275815158, 205150.1486014193 290671.3014265681, 205138.4069202893 290664.3052453697, 205129.6633851655 290668.8490092946, 205121.743028154 290666.8475207136, 205109.8188400382 290660.5169405299, 205096.7958896031 290665.0583202697, 205090.6929342001 290669.4926652281, 205077.9495745236 290662.6069435585, 205062.7433293738 290663.707866983, 205051.4472902321 290673.7975046238, 205053.6263299255 290684.8931739468, 205049.3428886083 290692.1021765368, 205037.963014872 290689.3222194575, 205020.4795505167 290692.1970585255, 205017.2869085916 290702.7350175017, 205011.4620260352 290698.4049525903, 205001.5385403034 290696.4024598165, 204991.6123569465 290699.2815355979, 204984.4160669417 290705.1576280522, 204971.6657878045 290710.8087834995, 204961.0099432472 290716.0173270422, 204947.444178133 290714.4566751746, 204932.6956509305 290711.2312308195, 204919.4946817547 290708.5613745245, 204906.6605570464 290701.0101773367, 204898.1938114927 290699.1195326155, 204888.8148109511 290700.4457940436, 204878.0717193779 290698.664882931, 204866.7844642786 290692.8896890202, 204857.5909598744 290687.8922448136, 204849.0308214551 290690.3284323775, 204840.9296247942 290685.8863132427, 204832.0991790259 290682.997035181, 204822.6222601764 290697.1928774243, 204818.6086763207 290710.9478598645, 204808.7740903307 290712.9396287701, 204801.2137258591 290718.8156733493, 204791.3845577465 290710.6005677185, 204782.8190042566 290723.3546559464, 204775.4489656795 290713.6985891087, 204765.703573269 290719.2406766977, 204749.3110611479 290725.5558947025, 204740.4763814401 290730.7656540561, 204742.4718258388 290745.4113775112, 204748.5697258995 290750.1851907966, 204744.4699982162 290754.8427102, 204738.27256509 290766.2667490673, 204740.7248269928 290777.9172097406, 204746.9113115924 290787.350739097, 204748.4545096961 290796.2271118805, 204748.7221866119 290806.6560390005, 204749.3542379473 290816.7523239449, 204751.8063552187 290828.6246775544, 204756.0763717943 290846.3780484739, 204754.2486129105 290859.2466552561, 204745.4091724105 290873.7757503022, 204742.2166820365 290884.7575868671, 204739.2947318654 290900.7320713972, 204739.2882805368 290913.0469137124, 204749.0255276148 290922.5932519463, 204748.4738760319 290932.7998618445, 204745.4576805744 290954.8762470386, 204737.5304015225 290966.4103269363, 204732.240588375 290983.6039661822, 204734.7582098759 290988.31735249766)"
TRAIL-130,금정로 28,금정로 28-4,204734.7582098759,290988.31735249766,204841.37155347376,291685.0652564855,129.05200267854752,35.21535647228185,129.05317772710436,35.22163610459138,876.5558440922122,"LINESTRING (204734.7582098759 290988.31735249766, 204737.5162251677 290993.4807940751, 204748.5279458749 291003.2496897102, 204752.1598501451 291022.3340634989, 204738.9553883391 291027.0977534538, 204732.30209616 291040.0747860431, 204730.3835359832 291052.6105200129, 204727.1003687728 291063.0375943913, 204734.8379638197 291065.8152554919, 204750.5887292464 291066.7110698389, 204759.2327620229 291077.1444041732, 204757.314347308 291089.3472994859, 204752.7543442365 291103.8786435336, 204743.2811308393 291112.0835709743, 204738.9959299927 291123.5086179189, 204738.4439528145 291134.3808988418, 204745.8101948973 291150.6936158256, 204743.8925118585 291161.5651804777, 204743.3392511722 291174.8782422522, 204740.0559968266 291185.5272029423, 204740.139892465 291199.1734330824, 204735.673515589 291208.9342189899, 204731.8405242563 291226.239571867, 204722.0946676066 291233.7787124869, 204712.3488272101 291241.3178636754, 204706.9731985018 291248.8592984188, 204698.4089636693 291260.2821411445, 204684.9326599911 291263.2706560428, 204679.1924833724 291271.5885309938, 204674.7233411241 291286.8965773111, 204673.5332742232 291299.4327042595, 204672.9799531538 291313.0786067342, 204668.3289809348 291327.9427846818, 204662.3100075045 291347.3549898116, 204661.0301215147 291357.5612359897, 204662.8446661502 291369.8770251206, 204668.4845592201 291379.3102279288, 204669.2986901218 291389.5175544383, 204667.7462419735 291398.614213255, 204663.9172930169 291408.4863108219, 204656.8129948651 291414.0298823753, 204650.1630129301 291421.348807319, 204653.5277596706 291428.8947732861, 204652.3387675705 291439.4339025924, 204658.9845663916 291440.2139357722, 204666.9935024061 291445.8762413689, 204670.6288935757 291458.1929734065, 204672.2609738068 291471.1743399973, 204681.8166363669 291478.7235171745, 204688.0029890565 291487.6022934365, 204694.646273335 291493.1529716471, 204703.6557501593 291500.4799994321, 204708.2037524159 291508.4703807691, 204710.5648645991 291520.0098543208, 204711.9250768699 291530.4393606353, 204713.2851125387 291541.2017012116, 204713.099211404 291548.5239519598, 204721.4720724066 291554.4083858809, 204731.9428493029 291552.7496878413, 204748.0534433163 291560.3023678306, 204750.1413052772 291571.9526539335, 204756.5083865743 291583.1614114324, 204770.9799689875 291591.0461049401, 204777.6195515018 291603.3644681452, 204786.2615125446 291616.6823979514, 204797.2751863647 291621.2369645755, 204809.2838213045 291637.9959881464, 204820.0232680226 291644.5474410942, 204833.6688589237 291664.524766062, 204837.6683971593 291676.2870409492, 204841.37155347376 291685.0652564855)"
TRAIL-131,금정로 28,금정로 28-5,204841.37155347376,291685.0652564855,204914.6915083602,292418.452228957,129.05317772710436,35.22163610459138,129.0539874527689,35.22824612837398,876.5558440921634,"LINESTRING (204841.37155347376 291685.0652564855, 204842.3965525159 291687.4949844667, 204845.7568786115 291702.8071512123, 204847.391397904 291710.6851001094, 204853.6691250275 291718.3436506202, 204851.6621162171 291725.9977575882, 204854.4821224092 291730.2151691455, 204859.5769550421 291736.6526975224, 204857.4776531983 291746.6365924551, 204862.1142292926 291758.7320559621, 204856.8308951067 291764.2764521902, 204860.1967126323 291769.2707718232, 204865.9272502513 291778.593208097, 204871.8400359581 291787.5829122064, 204870.3741900765 291804.667607369, 204872.0069958905 291815.652012894, 204874.7259978488 291838.2861990225, 204879.5444632925 291850.6036607058, 204881.905446363 291861.8103511449, 204879.8056098456 291872.7927449296, 204874.7926388312 291883.5516792262, 204879.4294803452 291894.9814860445, 204881.0610011669 291908.2957332426, 204878.4150620895 291919.0559439152, 204886.4195399772 291931.9298536508, 204895.5194627052 291939.2571271682, 204906.8035775639 291947.9169315342, 204920.277185035 291948.1461414194, 204935.5746538086 291942.7181852588, 204945.7743315792 291936.6217972989, 204958.5262748703 291924.7576939753, 204963.164389782 291933.635816532, 204966.6183214806 291943.7336832413, 204960.8760033993 291956.2672862871, 204958.1362075684 291972.0199361745, 204955.7611216104 291986.7742844442, 204956.119012332 291998.2017887712, 204963.486530071 292010.1878615377, 204961.2040656656 292022.0576966828, 204957.6483547131 292031.5969948336, 204957.0954987957 292043.6896692247, 204963.9120631693 292064.2181870609, 204962.8124283355 292077.3090643697, 204967.4494244523 292088.0732515165, 204965.6224647457 292099.3886133337, 204962.2453834285 292115.2518601286, 204959.7804471234 292127.8982106555, 204956.7626685386 292152.6372384549, 204967.5006045037 292160.6311538777, 204965.3096352297 292171.7244274712, 204963.1173316999 292185.2584860114, 204960.7443012969 292196.351661179, 204958.2728798942 292220.8691011522, 204958.904534296 292231.0763671391, 204957.4397495939 292246.0531093685, 204958.4353630077 292256.593409599, 204956.9665083584 292279.0034509402, 204959.8724595569 292292.0965294125, 204963.2323599409 292307.4087540792, 204963.9523576877 292322.497641189, 204962.3049615744 292338.4727875924, 204957.5636109428 292352.2273418607, 204947.9998140724 292361.6524114927, 204941.346350478 292376.182542193, 204931.3218578602 292395.814300067, 204923.3062577544 292404.2417375083, 204915.9276694974 292413.1133076674, 204914.6915083602 292418.452228957)"
TRAIL-132,금정로 28,금정로 28-6,204914.6915083602,292418.452228957,204396.08427766626,292599.4457622415,129.0539874527689,35.22824612837398,129.04829156663516,35.229879918465194,876.5558440922073,"LINESTRING (204914.6915083602 292418.452228957, 204912.4602396718 292428.0889725373, 204909.8143537131 292438.9601270226, 204900.0668272186 292451.7134930109, 204884.6816639341 292452.5927271383, 204875.7578562413 292457.2475929818, 204865.5594689381 292462.1236713374, 204857.0885832747 292470.9947024053, 204854.5321418696 292484.9723766146, 204841.6912785965 292494.6176909674, 204828.0352915977 292496.4964508785, 204815.8369636063 292496.2680560659, 204791.5349253498 292489.0437319749, 204781.1590115419 292485.4880053372, 204767.2301576461 292486.9229335058, 204763.1334264461 292487.3645537781, 204753.654767342 292508.6609709249, 204748.6421808503 292519.6418744076, 204744.9959723748 292528.959325407, 204729.9748552407 292530.2827929872, 204719.9637911638 292525.3959893032, 204699.4863503289 292515.8440683295, 204684.1989588324 292503.965039958, 204669.8196247637 292496.4133545069, 204659.9022112808 292486.3122596848, 204654.6265072535 292478.0996260198, 204643.6089632604 292482.9755329903, 204629.4947096427 292490.956322196, 204627.3039504397 292502.6044065626, 204621.8319257353 292522.2388408815, 204625.1046842779 292530.8942104654, 204625.7353301147 292543.7641326061, 204619.8126492265 292554.6336974323, 204619.0801943668 292562.8432404161, 204615.7084234204 292569.8310427152, 204610.8801963409 292576.7071586604, 204611.873912858 292591.6852176559, 204605.0416933943 292601.1120461377, 204594.5679250826 292611.0917528557, 204586.6420607011 292623.0697710306, 204577.8996275688 292629.7220306133, 204567.885565058 292630.8264142467, 204552.0443517899 292634.1467701256, 204540.9369130563 292637.2476402876, 204530.5545670128 292646.6727432414, 204519.8084491007 292655.4320073154, 204508.6095181582 292659.5313750718, 204499.228411634 292669.2898480843, 204492.942060086 292679.7155373543, 204487.7484281559 292689.4761043704, 204485.1888213901 292711.1090795988, 204478.7180900115 292726.305316499, 204466.9712168912 292734.1765896865, 204453.496474964 292738.607736454, 204448.3109433643 292732.0594373442, 204437.5721944178 292726.1740830968, 204431.1138423426 292716.2968238773, 204425.565623854 292706.7528494291, 204428.8495895319 292692.7754067686, 204426.2144099606 292683.121914833, 204423.8545988485 292668.8088751792, 204423.4967694717 292655.9390986073, 204417.2188431938 292649.279339019, 204407.0306541921 292634.1858695263, 204399.2117987007 292613.8791572702, 204396.08427766626 292599.4457622415)"
TRAIL-133,금정로 28,금정로 28-7,204396.08427766626,292599.4457622415,204067.7046538695,291936.8498957263,129.04829156663516,35.229879918465194,129.044681,35.223909,876.5558440921719,"LINESTRING (204396.08427766626 292599.4457622415, 204395.1245270624 292595.0165483556, 204401.4102843417 292585.7002404571, 204399.3255028034 292567.2823847529, 204403.4262861444 292558.4087950521, 204410.4434773174 292542.6580505187, 204403.075122284 292531.7818670633, 204405.2648828618 292521.5760104357, 204410.0982857401 292503.8271961138, 204412.3781196476 292495.6183921709, 204417.8455856249 292484.4156358846, 204430.9550872911 292482.9797680349, 204442.2441446329 292481.0992453979, 204446.9786417624 292479.5483452921, 204447.9835560383 292472.3374269213, 204446.7167266355 292456.8045306825, 204433.7001220743 292454.3573530046, 204421.5956370681 292448.2494614904, 204413.7709121468 292439.7028886607, 204406.6743890308 292431.2676223934, 204402.8562081547 292420.5041167235, 204395.1205880833 292415.8406717958, 204382.83331207 292411.0640813659, 204377.65017292 292399.0795324596, 204372.2843076981 292388.4262359311, 204368.649637292 292374.5563800361, 204361.0090077509 292361.5721513142, 204347.9111308536 292338.4893280895, 204336.7150784054 292335.9322215239, 204328.4334083693 292330.7138486036, 204320.8806971352 292324.0535494449, 204310.9622818652 292314.8403985632, 204314.1534825404 292304.4131111752, 204319.9826446608 292298.3139312778, 204321.4438731849 292288.5514890513, 204321.4497584358 292276.236621751, 204316.813308985 292262.9210343613, 204313.0871495393 292249.7168285387, 204310.6354802701 292236.5132319793, 204306.9999140413 292224.1966305238, 204305.1846889489 292212.6575105795, 204299.1845918713 292195.2363282919, 204296.5498658695 292184.0296553085, 204288.1796801651 292173.1530959776, 204285.0009753364 292157.1755443589, 204279.2701851486 292147.6315818495, 204275.8162466653 292136.0916938824, 204266.6269210847 292124.6600443581, 204258.6192773057 292117.0010822015, 204254.3457579316 292105.904596075, 204246.3409002864 292092.254630206, 204237.6984448409 292079.2700413739, 204229.3291808413 292066.0636993716, 204215.0393430889 292059.5112881136, 204206.2187609336 292037.8729578306, 204190.0173753253 292030.6540291885, 204182.1004673909 292023.3280123027, 204175.64051339 292015.2260619467, 204166.9957356433 292006.9012198889, 204157.8048148707 291998.3542456554, 204147.8838912949 291993.4681219592, 204137.6929385508 291981.8142575172, 204130.5061277668 291970.3836658352, 204119.4023655298 291963.9438074094, 204107.4795424293 291956.8379223468, 204097.1924312629 291956.2785323396, 204087.6361350818 291950.1722484642, 204075.984885044 291946.394869353, 204067.7046538695 291936.8498957263)"
TRAIL-134,금정로 29,금정로 29-1,207715.6493918602,295328.7096491795,206879.4160693553,295201.80466919165,129.084783,35.25446,129.07559304054908,35.253322237433814,975.6159817534351,"LINESTRING (207715.6493918602 295328.7096491795, 207708.6477106132 295322.0469498529, 207698.3646449432 295321.4834539047, 207695.6373372758 295318.1527692521, 207686.9043691862 295314.0403555002, 207676.6243100969 295309.9266353921, 207667.8012622309 295304.7047100719, 207659.8904178124 295296.9318236807, 207659.3538885824 295285.7258878533, 207643.4387861878 295272.9536922345, 207633.3412336964 295268.1745041222, 207613.1431982332 295262.0554652845, 207604.5030117541 295255.724303001, 207594.585378472 295253.3861075214, 207580.1145802837 295254.4834070049, 207566.374059325 295252.9186529842, 207529.9658648338 295260.099679224, 207517.042546152 295260.7545883532, 207506.3084286274 295255.3093407793, 207493.6595936851 295254.1893859398, 207483.3791032333 295250.4087221734, 207473.1874069942 295249.2908318247, 207461.8218007546 295237.0774491273, 207454.3542134631 295243.2842230854, 207438.8002118851 295233.6191571737, 207423.1484250785 295232.1639929045, 207412.141017987 295226.9405237949, 207401.7638208879 295230.038484758, 207383.2918427742 295227.3606806049, 207371.4605568939 295228.0166906419, 207356.899372841 295228.3376565758, 207343.0666863845 295228.1045114295, 207328.5051435801 295228.8693041758, 207305.6694428291 295220.5299078465, 207294.0262568198 295213.6418888374, 207283.1051970634 295214.0768589207, 207272.8235908805 295211.5168330571, 207262.8078609293 295217.832659105, 207253.3386248577 295223.5942083971, 207233.5860243407 295229.014691586, 207223.8524960948 295223.9034176522, 207200.1932130076 295221.1108962057, 207185.814742124 295220.5447209066, 207181.3646312975 295209.0028680623, 207171.6340466106 295200.1195119269, 207162.2622774223 295197.7822250452, 207156.2535958783 295200.6620416506, 207143.6023611928 295202.4271538796, 207132.9640370819 295190.5475981043, 207124.4102530319 295189.5423403414, 207113.3092572502 295187.3146860944, 207095.1108231683 295183.7501246182, 207084.7379494888 295181.4121321028, 207072.0914789509 295177.0753556257, 207066.7177729677 295182.6184164352, 207054.9775452864 295183.1639669093, 207041.4206551481 295179.2703037171, 207031.7756395855 295177.1548300632, 207014.1246551165 295171.7047876638, 206993.9215213538 295171.3562881561, 206989.4695102461 295161.9224908128, 206979.004292416 295161.2487281578, 206968.8954815294 295170.4493855084, 206960.2450126731 295176.7665995122, 206960.9612650793 295192.0776051198, 206961.6815333423 295202.1741841793, 206953.8494697121 295209.3795978127, 206948.3943218449 295202.6077357799, 206938.0072027483 295218.7977692722, 206922.0898602603 295207.469135948, 206915.1767235137 295203.1369740058, 206905.439680551 295202.3529085434, 206878.9553418455 295204.4406638075, 206879.4160693553 295201.80466919165)"
TRAIL-135,금정로 29,금정로 29-2,206879.4160693553,295201.80466919165,206088.94262013433,295188.7280275535,129.07559304054908,35.253322237433814,129.06690699532146,35.25320948577793,975.6159817534459,"LINESTRING (206879.4160693553 295201.80466919165, 206880.8748324503 295193.4585392505, 206867.5890460943 295192.0061404327, 206850.3882275317 295192.8806431607, 206848.3022372003 295183.4487098676, 206838.0186265801 295183.3299747179, 206825.4617899298 295180.6577912829, 206816.0848893074 295184.9775787163, 206806.0788121025 295178.8680424703, 206792.8872522264 295173.088957497, 206780.9725119532 295163.6496549893, 206780.2513724103 295154.4406531847, 206771.0632978145 295149.6631137704, 206756.3209938385 295148.6535685362, 206745.4040249289 295143.5419265524, 206733.1196294313 295141.5357470625, 206720.2886112759 295140.3057947727, 206711.1028808259 295132.3109045417, 206699.3615407653 295134.2992053124, 206688.1671491218 295135.0675279293, 206676.4340169545 295125.9613345378, 206660.7889586873 295114.966201412, 206643.6810609299 295113.0675339913, 206633.1238587084 295113.6145028582, 206616.7471766991 295107.3895568718, 206614.5695093813 295098.51233866, 206601.4678254172 295093.9539984398, 206587.5459318568 295090.948313235, 206582.6356726001 295085.2865242779, 206568.2566264477 295085.1651133179, 206551.9640162786 295088.3706959297, 206539.6739618635 295094.0200007951, 206532.4831218839 295095.7899229669, 206519.5578024322 295098.9979994842, 206511.1863585302 295097.3277826826, 206502.2632797321 295103.4233469171, 206487.8801185036 295109.0712159956, 206478.2372863889 295103.6279768489, 206464.2190413839 295108.0557470506, 206458.8536002036 295102.5046449763, 206443.660028158 295096.0589685152, 206433.017420782 295088.728994909, 206425.6523167898 295079.6262399605, 206414.0054448843 295076.7333861251, 206407.7339734513 295065.412516872, 206401.0074490507 295054.0913297686, 206393.0954542123 295046.0976672768, 206387.6424548697 295035.5540087507, 206378.8133830807 295037.4338402436, 206368.6176369166 295041.53162238, 206353.8693388253 295048.7326808223, 206343.7678962162 295048.1708556698, 206331.9376207665 295047.1640488371, 206318.0149455801 295045.0463412047, 206308.3654356129 295048.9226827754, 206297.0779544167 295052.5760022548, 206281.9663192247 295058.8893625681, 206267.0377203673 295063.7605865247, 206256.5691866081 295067.6364153213, 206245.3720668487 295072.2883695037, 206235.9948731156 295077.27442946, 206223.7957799861 295083.2570621925, 206223.9718324025 295091.9109154061, 206216.1457596214 295091.1289101446, 206209.1375291393 295092.1225982293, 206195.3087170028 295085.9001686076, 206185.9318689869 295090.4424996567, 206173.1914092837 295089.6571679387, 206159.7177467985 295096.4156333108, 206149.5212607776 295101.8450056004, 206136.5051555775 295104.9426228026, 206114.6616907973 295107.5904985856, 206106.0985685734 295120.1215236825, 206103.6324657302 295133.3223460489, 206098.8945029272 295141.6400426623, 206093.7900533124 295153.6186891473, 206091.8715115729 295164.6009788865, 206091.223021934 295181.5751712777, 206088.94262013433 295188.7280275535)"
TRAIL-136,금정로 29,금정로 29-3,206088.94262013433,295188.7280275535,206422.48578048174,295666.785913362,129.06690699532146,35.25320948577793,129.07057579289798,35.25751635350861,975.6159817534797,"LINESTRING (206088.94262013433 295188.7280275535, 206087.7574611731 295192.4454740643, 206087.3863348168 295202.9850270878, 206087.1041219392 295216.6311085669, 206083.5469760727 295228.3889141956, 206080.1714771983 295240.7015701846, 206082.1629178425 295256.568089254, 206083.4230968403 295277.2047649437, 206082.7773199824 295290.1849313596, 206086.1379295009 295299.9503823217, 206088.1324119667 295311.2681482866, 206097.5875551786 295325.1426900563, 206096.488685064 295335.2379723289, 206097.3913173997 295346.2221682086, 206094.8364545464 295356.2055230149, 206099.6486750784 295372.5177337189, 206097.1813016366 295387.7155776971, 206095.1691057771 295402.6918391381, 206096.3454180793 295412.6777127146, 206097.8822975132 295427.7673153498, 206102.8767809209 295443.6358712968, 206106.1396330748 295463.2754012676, 206113.9674952995 295460.9508439811, 206119.1597963536 295453.4100767591, 206131.8932705975 295463.7366282606, 206141.5365290681 295468.291938552, 206151.2676078978 295477.5070234158, 206179.758280801 295467.763279621, 206216.1545510464 295475.110645457, 206223.7059055747 295477.8894787981, 206223.4270867905 295486.3211330243, 206231.9810707589 295486.77081189, 206249.0908782657 295485.0075068545, 206257.9137210224 295491.4484450906, 206268.6462276977 295499.8877333999, 206275.8305275493 295506.993224482, 206276.9140044968 295519.308911494, 206278.6351909134 295530.6265339081, 206289.1004946311 295530.6338143059, 206289.457861683 295540.1753638255, 206301.5439401677 295564.9246026348, 206307.9082125738 295573.3608924023, 206312.9947213744 295587.1216712093, 206319.7219662517 295597.0005131073, 206324.720549222 295606.3234227519, 206328.2612277994 295618.3080026977, 206333.531317026 295629.7390698787, 206331.7038180836 295640.3885445904, 206343.3505343041 295642.5046784879, 206346.0732525947 295652.9354564495, 206344.3429010438 295654.8203123218, 206351.8916473443 295661.0385588845, 206349.6957604519 295677.9007127988, 206346.1352565992 295694.2071818443, 206344.399769588 295703.414429644, 206336.1070134309 295720.0504166199, 206343.7449971361 295728.7095182676, 206344.5583139116 295736.8091030782, 206351.8312591166 295746.9102455311, 206356.7363827504 295759.5614713636, 206355.7260887156 295772.7632626095, 206350.5319785692 295782.8556403789, 206348.9782699075 295792.3958525049, 206358.8994574889 295789.2963607193, 206370.0963742815 295783.7569806756, 206379.3884138686 295769.5625278057, 206387.3110833057 295761.5800584438, 206391.1352947019 295758.4762925364, 206404.6113704222 295747.1694078625, 206408.5324982052 295735.7448135452, 206410.9064666226 295724.5410136101, 206407.7364756243 295703.3481947655, 206412.7494809076 295692.1462684146, 206414.1269441961 295674.6178757108, 206420.9566080063 295668.1878959983, 206422.48578048174 295666.785913362)"
TRAIL-137,금정로 29,금정로 29-4,206422.48578048174,295666.785913362,207235.67356213782,295397.6500639909,129.07057579289798,35.25751635350861,129.07950942277745,35.255084970925765,975.6159817534343,"LINESTRING (206422.48578048174 295666.785913362, 206428.3325263451 295661.4254740976, 206441.1646626287 295660.1032711909, 206449.1772957045 295653.7851019415, 206463.4712641085 295644.3649618248, 206467.6665482318 295631.4983009524, 206476.3130551504 295629.6184249331, 206484.8721483874 295622.7459524693, 206492.3388345108 295616.4274297811, 206508.6357477654 295605.8993475687, 206516.7393980488 295599.692249517, 206525.9364462624 295591.5998773332, 206537.0395771751 295590.3875068852, 206549.6051797096 295580.3005806531, 206557.1574717693 295581.5264590711, 206565.6263150911 295573.7664349103, 206574.7320274741 295566.2287730274, 206584.9217762951 295569.6755021537, 206597.8401251816 295575.1212521632, 206609.2106103158 295581.6753417483, 206618.4023946374 295580.9054544426, 206626.4968643549 295587.3462207143, 206637.4198036459 295583.6930431993, 206646.7958785513 295579.8168497353, 206658.9882855845 295582.3775734864, 206671.8192574455 295582.8308232345, 206681.0949088193 295591.713309358, 206688.6474201904 295592.6064618283, 206695.6481611402 295601.2653880432, 206707.1230550772 295589.6246366941, 206711.6804946455 295579.7538834455, 206722.6019914999 295578.0978245677, 206736.9787620318 295580.2164981048, 206747.170091016 295581.444504147, 206755.9957215459 295583.5590631361, 206764.2836437327 295574.578690379, 206760.6532710101 295561.595363585, 206780.1289368221 295560.0567261241, 206786.6771049763 295565.3870216483, 206802.6935930261 295565.2881243524, 206813.4327849243 295564.0758194645, 206825.1738436022 295561.7548305418, 206834.0888827438 295565.9774954787, 206845.0081490167 295567.3171080348, 206858.1173629521 295560.8922198686, 206872.8686909153 295549.1432220406, 206888.8023293202 295538.3936583816, 206895.4499211063 295532.6295711563, 206901.1903764463 295523.092653109, 206918.115948827 295524.3259993665, 206926.8570588411 295518.0088120834, 206934.5089576716 295508.0295998311, 206938.7033567515 295497.2711200305, 206948.3492466495 295497.8332615739, 206955.3522048117 295503.3859195925, 206970.3699990599 295500.4019708117, 206982.1099806554 295499.6344201589, 206993.9415685638 295498.0903381009, 207004.4046744117 295500.9830250773, 207015.5074652072 295500.4369144945, 207026.4274747423 295500.8891837124, 207028.0739010023 295490.1287636414, 207042.8191648186 295486.5899963781, 207052.0136822679 295482.492191177, 207065.9401130186 295478.7309316845, 207076.586093909 295480.5143915482, 207091.1462507845 295480.9695914293, 207102.9861699427 295468.8858486288, 207113.820190497 295463.0142698066, 207120.7429158309 295454.8097671829, 207128.9371635383 295449.8236889346, 207142.7719715916 295446.9500385008, 207153.697838704 295440.0800719188, 207168.2639559206 295433.1020612165, 207182.2836323711 295426.6783663445, 207190.7529821921 295419.1408196365, 207207.2282067714 295414.7161350818, 207216.5111284955 295414.0578741645, 207222.797666958 295404.9653789351, 207234.6339523161 295397.7634023285, 207235.67356213782 295397.6500639909)"
TRAIL-138,금정로 29,금정로 29-5,207235.67356213782,295397.6500639909,207335.50878562653,295937.8858728602,129.07950942277745,35.255084970925765,129.0806112855329,35.25995362929392,975.615981753445,"LINESTRING (207235.67356213782 295397.6500639909, 207244.736285447 295396.6620452434, 207254.4750504918 295395.0056806651, 207268.760271569 295398.0126889792, 207287.4172534973 295396.5854312398, 207300.2506116739 295394.3768862277, 207311.6287195436 295391.1686731716, 207322.5481277377 295392.5088624212, 207332.7418419969 295390.9638963533, 207346.4834556864 295390.9750615603, 207358.2241548232 295389.54232785, 207369.9614180761 295392.3255303817, 207392.9788146137 295400.4433505475, 207399.7989319535 295406.7728207141, 207414.1744530453 295410.5567507493, 207423.3666642843 295409.5657918097, 207436.9280689445 295407.3580392197, 207444.7588847705 295401.9281666204, 207454.6793230601 295400.7159489922, 207464.3284022685 295397.5065014105, 207475.0662316625 295398.2919982348, 207487.7128438149 295401.8527240373, 207500.9041798075 295406.967155067, 207510.9093512612 295413.2993547256, 207520.0055792453 295418.299464363, 207511.7134398789 295431.2731737006, 207516.5309101658 295438.1557943016, 207531.2670170587 295445.9342447192, 207545.36672327 295452.9355700661, 207550.8168211694 295465.0331706083, 207558.9981145126 295475.8017152072, 207565.3614633829 295484.017000829, 207572.0850927483 295496.6704085237, 207572.9861004203 295507.4328664645, 207576.1627338839 295517.5315606847, 207572.4208304702 295530.398088391, 207569.2236512917 295544.8183098368, 207559.5693992228 295554.3515289829, 207551.2784401729 295565.9938606791, 207546.4478101364 295574.9764008588, 207551.3543241263 295584.0780241674, 207550.7997789283 295594.2845375112, 207551.0580380767 295611.9250725951, 207547.2247438781 295625.3462629993, 207549.2153761091 295638.9942117519, 207547.3870940758 295648.8668254132, 207548.2877445149 295660.0730646511, 207548.9100109749 295677.7139056056, 207543.8943826333 295690.3574926617, 207535.8799957549 295697.8950909806, 207530.5039083368 295706.3224590661, 207524.9456444625 295714.9715694993, 207519.2037272945 295725.6175481595, 207515.3720051622 295737.2636286302, 207512.9935316984 295752.2392824118, 207510.2544782388 295763.1096564215, 207498.683345098 295780.0746931801, 207489.0310741356 295787.6109741133, 207480.4748622277 295790.2665740622, 207469.0045446816 295795.4715167961, 207455.2555788347 295805.112410317, 207444.3327568614 295808.5427093952, 207438.1409290347 295813.1973163572, 207433.7708378487 295815.7454635049, 207431.8490700818 295828.8354434897, 207424.1980769855 295837.3719498975, 207416.4566454724 295845.2427159575, 207405.7193426005 295844.457287416, 207397.4263938021 295859.0952895059, 207393.1411601437 295869.1878159866, 207390.6761005111 295879.0599429977, 207388.0290481344 295888.9319219404, 207383.4646747063 295906.5685155476, 207374.6293594109 295916.8792237497, 207362.7080688211 295917.4242247737, 207346.870403775 295922.1819819786, 207336.0448011988 295918.1791461038, 207333.3956578833 295930.713830592, 207335.50878562653 295937.8858728602)"
TRAIL-139,금정로 29,금정로 29-6,207335.50878562653,295937.8858728602,207722.5975104587,296355.848550137,129.0806112855329,35.25995362929392,129.084869,35.263718,975.6159817534748,"LINESTRING (207335.50878562653 295937.8858728602, 207337.8423316512 295945.80602382, 207339.9245669154 295959.0102249664, 207350.3806176493 295969.7804380155, 207357.5627897477 295977.9962501354, 207360.2830597311 295989.8696309583, 207368.3740095791 295999.5284836772, 207370.0942787391 296010.1806519574, 207366.355314114 296020.0517480403, 207362.7056367604 296032.030882494, 207365.6954375248 296048.1204136144, 207369.0529282485 296059.6614817053, 207377.3238972377 296071.6503455068, 207365.3957531657 296080.849084177, 207357.8369366433 296088.2762697274, 207350.6416688972 296096.2584849466, 207348.4496172103 296106.2417942579, 207347.8921720492 296120.3314169093, 207344.6958279169 296134.4188933542, 207330.4093658295 296134.4072858342, 207326.7536612811 296153.9307248944, 207322.6493786137 296165.5766723924, 207310.7250964827 296170.2267221344, 207303.0752240196 296177.8757714912, 207298.1483425179 296194.0698304925, 207293.8585388595 296210.1534615587, 207290.2107354265 296220.0246653381, 207286.0174138248 296229.3407030777, 207296.480385847 296231.2352241936, 207307.9450231162 296232.2430039663, 207317.4055976309 296235.9118662576, 207326.9589602789 296237.361903737, 207337.4156045193 296247.0226524385, 207344.9623606336 296254.2402451303, 207346.5902587868 296266.5565205141, 207352.8591744843 296278.5437375067, 207366.3277195027 296277.001476743, 207380.3445975448 296272.5751009218, 207389.8113648615 296268.5888043566, 207400.6444333083 296262.9394546773, 207414.3910967991 296255.1845450277, 207427.1352829591 296249.3149054229, 207438.978395822 296232.6828274856, 207445.0826916497 296223.4793810799, 207456.4703424949 296207.5126240878, 207465.2130048657 296198.9770433513, 207474.134921147 296193.7699844667, 207487.2474481985 296182.7972418582, 207496.4458812121 296173.3745054461, 207506.9083212291 296175.9349426922, 207514.089263561 296185.2603365426, 207522.5415469889 296197.6932692153, 207518.9814359211 296211.2256556812, 207520.2416112883 296227.7575852086, 207523.5067324415 296240.6299836495, 207534.9668897934 296246.9634324555, 207546.9786591501 296246.5296807203, 207559.9943517497 296242.5465290077, 207566.5490944934 296238.8908168324, 207578.5624589975 296236.5710347537, 207585.4692675949 296247.1166570892, 207603.1219163848 296247.6862295447, 207611.5777591957 296255.6814296, 207614.1180521984 296264.6701577444, 207624.3937730572 296272.6669046739, 207632.9368177307 296285.1000195108, 207641.1207406377 296291.7636717498, 207650.5740688194 296303.7537919167, 207659.3896557977 296316.6309455234, 207665.3871156459 296326.2882951753, 207670.6559465697 296336.7216487405, 207678.8362098724 296347.6012629183, 207684.8353277401 296355.2616078623, 207692.2896823091 296363.6998151379, 207701.753748693 296362.9312631219, 207713.1313500508 296359.0578802799, 207722.5975104587 296355.848550137)"
TRAIL-140,금정로 30,금정로 30-1,205637.9829230377,293915.7292957251,205455.29435031326,294635.3464232285,129.061943,35.241738,129.0599406239382,35.24822525418101,995.0450788295345,"LINESTRING (205637.9829230377 293915.7292957251, 205638.9743704467 293931.3731697385, 205647.0657491729 293946.2448622279, 205640.9580857522 293961.3295787523, 205630.3017400487 293972.8612221254, 205624.19722945 293982.9534236682, 205626.3684053074 294004.2562315131, 205631.7325911557 294013.6899051451, 205631.0864099138 294028.2233093073, 205636.0871977743 294036.5473085449, 205649.3705085163 294044.987429516, 205659.2864938776 294052.8707353822, 205667.7465308199 294060.1984135458, 205676.1118434976 294073.4061305079, 205675.4650375069 294088.8270933436, 205668.0834626892 294103.4672142862, 205666.9857624469 294112.2311892009, 205668.7955921729 294128.9850355265, 205671.1513057381 294146.0720605348, 205667.8669851335 294158.3849075763, 205677.7816447348 294168.1543014677, 205674.1347906435 294178.0261262883, 205674.4920284747 294188.8989721704, 205676.5769672514 294202.3246411357, 205676.5769672514 294202.3246411357, 205690.9435237286 294224.5227017361, 205697.3996293102 294234.0680506605, 205706.5817753378 294250.6046685588, 205717.1336804993 294259.9307291502, 205724.1370197871 294267.5903767421, 205738.5102598631 294278.9158964266, 205746.422095296 294289.12787669, 205756.4306510245 294294.0158328179, 205770.1693957945 294301.1250839716, 205779.0846105465 294307.7874895076, 205785.9964901601 294316.0018529804, 205782.8951686502 294326.6506015282, 205793.0860481675 294330.9839895986, 205793.7136905555 294345.7400964744, 205785.6094869736 294351.8368872151, 205780.4139242681 294363.9265834972, 205769.7624074433 294368.3575821786, 205773.7600205305 294379.3437056087, 205763.8332418212 294389.1005418231, 205752.1793366013 294395.527934787, 205736.6118458393 294401.9528574397, 205723.2289928499 294407.9354097191, 205714.6710160001 294412.1459093848, 205705.0201103375 294417.5761238113, 205692.8197118162 294424.7798645504, 205684.7156472336 294430.8767463186, 205678.7023277877 294441.079920005, 205666.1337537224 294454.9401752926, 205656.3873953374 294467.5818176796, 205649.6450551873 294479.3377871577, 205645.1788919095 294489.7638415687, 205639.8934833024 294500.4112772903, 205632.9677799788 294514.3860486921, 205626.9546434532 294524.4783128139, 205615.0239045221 294537.4514763744, 205605.6429265737 294548.207333804, 205595.806496598 294559.6285901032, 205590.977964633 294567.5027088172, 205582.9633952078 294576.3733676735, 205575.0415650005 294582.4704613949, 205564.7545918923 294586.6800370739, 205551.5527191413 294594.9928048483, 205538.7181149527 294598.0913934433, 205526.6099869291 294603.8531290023, 205519.3248956048 294610.6163323035, 205510.5824756314 294619.2647207825, 205498.0203478177 294623.3620400727, 205488.1898636649 294625.353077063, 205475.9012603099 294628.6739769395, 205466.9808366824 294630.7765337675, 205457.3320557956 294633.3224402041, 205455.29435031326 294635.3464232285)"
TRAIL-141,금정로 30,금정로 30-2,205455.29435031326,294635.3464232285,205228.39881360793,295406.8490532916,129.0599406239382,35.24822525418101,129.0574524923877,35.25518036757008,995.0450788296052,"LINESTRING (205455.29435031326 294635.3464232285, 205446.9505054746 294643.6340783672, 205437.8416703487 294656.3872886444, 205431.0143454852 294658.8239765166, 205418.4534399686 294661.0353389835, 205398.7928584909 294664.5738162692, 205388.5978665487 294667.4523053559, 205377.765537919 294670.7742073617, 205366.930317664 294678.9777091186, 205352.4537519505 294688.7322988311, 205341.2555159006 294695.271438546, 205329.9673322449 294700.0354159789, 205315.4922108826 294707.4602168018, 205301.9313883787 294707.7850847038, 205293.0995597142 294714.2147279093, 205285.1741523547 294726.9687862885, 205277.0685604917 294736.6162809517, 205268.7801238167 294747.7059640004, 205260.9466302805 294759.0178101009, 205252.1137844756 294767.3335616174, 205241.1875264962 294775.9809428532, 205231.7147535348 294789.2888776346, 205221.8798922576 294799.2682569754, 205208.9498847722 294810.6881499066, 205203.393745553 294818.5620583946, 205192.3786267475 294823.6592011126, 205184.9123255736 294829.7569000795, 205178.2633406739 294838.9615396845, 205176.0705933189 294853.8269422541, 205174.4267682193 294863.7001251334, 205170.5980898461 294874.6815100142, 205166.4046863897 294886.8830855668, 205163.1205598833 294900.5274707808, 205163.9332993955 294911.6224579231, 205161.7401492793 294927.2644818928, 205158.4583881593 294936.803897362, 205157.0855961884 294950.2274867813, 205153.1664732195 294960.3212668593, 205152.1578520901 294973.5231747305, 205146.4147267877 294990.3835776665, 205134.8495765644 295002.9138092755, 205125.2883926862 295012.3387256983, 205115.6347760958 295024.3153406283, 205111.4419552968 295035.7403277727, 205104.1535738847 295049.4934178176, 205097.5022033663 295063.3578186424, 205094.311003407 295073.8958175268, 205094.5773932493 295085.656164644, 205096.116691134 295099.5251898112, 205093.1109592831 295103.9613050836, 205095.468128351 295119.938751591, 205103.8322888848 295134.9210834353, 205106.3735758589 295147.126498567, 205111.0068097718 295161.4410580178, 205109.4543682336 295170.8705276597, 205116.7268877625 295184.9646931741, 205120.4527930207 295194.3971524342, 205123.1772478659 295204.4947170374, 205126.9011863944 295217.366481727, 205129.9907838145 295225.467240974, 205136.1710343266 295239.782693777, 205141.1687631031 295253.0989705302, 205146.9875474888 295262.8654689707, 205157.9064760286 295265.8672194307, 205160.6292827939 295278.738427771, 205165.4453878752 295291.2779980391, 205168.7151578056 295302.4853427274, 205173.623641617 295312.5841742277, 205177.1672979429 295322.2384450827, 205183.7151817227 295330.0083708658, 205193.7226312124 295335.339493342, 205203.3639418372 295344.3316109439, 205212.188242012 295349.7730179022, 205218.3712891304 295358.8741023399, 205227.6497529161 295365.7580758847, 205227.7354281066 295374.9665857543, 205228.8234326233 295381.9567697486, 205228.6372502411 295389.1681069499, 205228.1747813897 295402.0374951049, 205228.39881360793 295406.8490532916)"
TRAIL-142,금정로 30,금정로 30-3,205228.39881360793,295406.8490532916,205551.39192016821,296155.6474454043,129.0574524923877,35.25518036757008,129.06100677224853,35.261927883066825,995.0450788295304,"LINESTRING (205228.39881360793 295406.8490532916, 205228.6242140657 295411.6899972702, 205245.0873386368 295426.4552681669, 205249.4501637948 295435.6662636535, 205258.3640587932 295443.3266750782, 205268.1001400099 295445.5512542701, 205278.2919468779 295446.5557117527, 205294.3073880331 295448.5620999773, 205308.0440853746 295456.780115217, 205315.8644339745 295466.8807383083, 205322.8671094581 295474.6510346788, 205337.7890106332 295479.0976530091, 205331.6845308673 295491.4089789797, 205335.7759314053 295497.7352785224, 205334.7703777289 295505.389912276, 205339.2249940879 295513.0477720152, 205347.8644803966 295522.8160720311, 205356.7762978937 295533.6939953282, 205362.5041923822 295542.573020815, 205363.8623783015 295554.1121422895, 205364.8495667992 295577.4112499592, 205372.0341184581 295585.1816939794, 205373.2105457344 295596.2769281498, 205386.0350091945 295607.7119367849, 205398.770228865 295616.1513861083, 205397.3036597893 295633.7908203899, 205398.0236497896 295647.2156383677, 205406.5744661159 295652.7680203309, 205413.2105867524 295664.4212573861, 205422.6747200515 295664.4269342818, 205433.4105354494 295668.3164735144, 205441.2335679205 295673.4246693319, 205452.5999431527 295687.9653660212, 205467.1585658186 295690.5259097616, 205477.0758604898 295693.5274428229, 205482.62025379 295704.5143976641, 205490.9885576018 295710.7324216238, 205497.1699958431 295721.6088276624, 205505.6313032508 295724.4985609066, 205513.636179782 295729.7178762408, 205521.0033648958 295736.0462626267, 205531.9196270504 295742.2658827224, 205528.547515414 295750.5847210601, 205539.0979163305 295759.7996512206, 205540.4555711406 295771.7825846429, 205537.4480752337 295779.1031352754, 205538.7188113508 295784.4292926591, 205546.5426375357 295787.9843460177, 205554.1833659694 295793.3144196956, 205566.8252522951 295804.8605224224, 205575.8239655935 295821.5078810626, 205587.7389549299 295831.1674933394, 205596.2863870893 295841.7125974343, 205603.2879108903 295850.4816243378, 205606.9221018278 295859.8032927283, 205615.5623461311 295867.3529475392, 205618.2856979489 295878.0053992655, 205621.9198622752 295887.3270741083, 205624.4600972048 295899.7545404745, 205620.9959932 295909.6265246489, 205616.8037690392 295919.7199482447, 205615.4322352177 295930.2589088728, 205610.4213159381 295939.9080450927, 205612.0514299977 295952.5568344393, 205614.9561357809 295964.207907954, 205617.4978075482 295974.3055210185, 205619.5813768232 295989.395393607, 205617.2983529882 296002.374587119, 205618.3851511453 296010.6961695436, 205616.2844746335 296023.1207500441, 205611.8190396434 296033.6577893504, 205601.8946622042 296042.7491527898, 205589.876815638 296052.7267946339, 205578.6787249173 296061.4845592083, 205569.6652043868 296069.2451758776, 205561.1074364636 296075.7856825138, 205556.7340445048 296084.7695703689, 205549.7204540884 296095.8598008369, 205550.7127603264 296109.9504806764, 205552.7041847991 296127.0373019713, 205551.9682999702 296139.9065203726, 205552.1431311137 296151.5558990774, 205551.39192016821 296155.6474454043)"
TRAIL-143,금정로 30,금정로 30-4,205551.39192016821,296155.6474454043,205924.26418274108,296405.3134151956,129.06100677224853,35.261927883066825,129.06510623290342,35.26417609619297,995.0450788295747,"LINESTRING (205551.39192016821 296155.6474454043, 205549.4953733777 296165.9771791515, 205541.7535453324 296177.6216967712, 205531.2826048552 296188.0441493154, 205525.4543802256 296195.3629809989, 205520.5352419607 296204.124663023, 205515.1609311779 296213.2189061867, 205527.7193638051 296211.5624026853, 205537.6404879645 296207.352553716, 205549.1981151481 296205.4735755426, 205563.7537572533 296211.4735856961, 205573.3980081158 296213.5874961344, 205585.4976295423 296218.1437351523, 205596.4155327822 296220.702239872, 205607.6950701365 296227.0331278196, 205616.0630790103 296232.8074915607, 205626.3410840923 296240.0253438433, 205628.2587654858 296229.1538840561, 205627.8098026383 296219.5013496772, 205629.7285275373 296206.9657093896, 205630.8255963698 296198.7564299514, 205638.744595012 296194.9892256932, 205641.3007978008 296181.6773682013, 205643.8558293836 296170.2515835384, 205647.8687510025 296155.7202389723, 205649.6965900271 296143.0736017642, 205657.256385278 296131.7618992568, 205662.9063820373 296118.6738784802, 205670.7361394483 296112.2439561074, 205680.2942896736 296106.7026910008, 205689.9437980252 296100.6067664128, 205697.8636773544 296095.6192151038, 205706.1472730064 296091.0756822992, 205716.97900461 296086.2009334892, 205722.353945607 296076.5520848668, 205732.7320555508 296069.5691043873, 205742.0165213354 296065.2481308193, 205743.1152612949 296054.5980681438, 205751.1286805237 296045.7275332404, 205759.7736499877 296045.4002062196, 205770.0643712896 296032.8699417577, 205778.7162396698 296021.7809309541, 205784.0908585315 296012.7977921399, 205794.3681975305 296021.2362323075, 205798.9991777295 296036.6606189514, 205802.450027325 296047.6464328572, 205804.6261217035 296059.8518286156, 205804.3478532701 296068.0616117745, 205801.9752256616 296078.4889579969, 205794.8726810945 296085.9177420097, 205794.1378715321 296096.5680324777, 205788.672651025 296104.9963810928, 205780.1133377589 296113.7555885947, 205786.2055713189 296120.8599980502, 205791.2953384523 296130.2936231083, 205800.487134438 296128.5243950864, 205811.1392348387 296119.9884439609, 205822.0591960559 296119.4407499292, 205821.5061356944 296130.4239922613, 205823.50054886 296142.0745498225, 205822.854774883 296155.7204234102, 205823.3004564191 296170.1436191966, 205815.6506319907 296179.6799984828, 205812.9143934225 296189.5523821198, 205820.1882099097 296198.6545942753, 205832.5539078863 296213.7511543112, 205829.9998672277 296223.2908145844, 205841.5516508001 296230.5097344112, 205851.6481347499 296236.7292168556, 205861.8366804808 296241.2845884781, 205870.6594190347 296247.1704292306, 205877.2973910705 296254.3862021208, 205875.6504517507 296268.2533137766, 205878.7347551903 296282.9001230165, 205884.0960899654 296294.220052844, 205887.0015634695 296303.9851481155, 205890.3618596559 296313.972432086, 205891.4459794701 296325.955250812, 205893.4384484599 296340.3794632128, 205899.2550647098 296351.1449728423, 205899.5195675743 296364.1257671966, 205902.0609526507 296374.0015760427, 205912.1509149943 296389.8733810742, 205923.7914485112 296400.0879947949, 205924.26418274108 296405.3134151956)"
TRAIL-144,금정로 30,금정로 30-5,205924.26418274108,296405.3134151956,206379.314115335,297173.2293626905,129.06510623290342,35.26417609619297,129.07011308139914,35.2710948579565,995.0450788295587,"LINESTRING (205924.26418274108 296405.3134151956, 205925.327206152 296417.0636627274, 205929.5054858021 296428.3828458401, 205937.1431118432 296437.2635039508, 205943.3251933664 296445.5884830608, 205944.5003660206 296457.3494796049, 205940.9430142809 296470.4387077298, 205943.9341771289 296488.081011381, 205951.7533585279 296497.5165298188, 205961.1217448813 296503.4028214738, 205964.1158616293 296516.496368751, 205975.2105843641 296526.1559630736, 205975.3876506381 296533.5894296654, 205976.1079545715 296545.1282399466, 205974.7369019512 296554.4467560917, 205973.2692821204 296572.1970682095, 205974.8965693159 296588.17430001, 205979.3445236352 296604.2643454113, 205987.2527933349 296616.3626481689, 205995.7075069469 296627.6847022266, 206002.0704280089 296637.452136286, 206010.8890687367 296648.7744469095, 206025.2561551125 296663.0959965964, 206034.3518671361 296668.2055654031, 206036.6199709586 296678.1921799729, 206041.8924051259 296685.740003176, 206042.2476827437 296698.7208693636, 206047.7921065098 296707.7111703739, 206054.8836584917 296716.2587300964, 206069.5227934223 296731.6899899469, 206076.2492989102 296741.7905591689, 206079.3355037221 296752.8871918129, 206077.5018819274 296773.4108850807, 206085.6844866356 296783.0686600331, 206090.3138270768 296799.6026698719, 206101.4041678838 296815.0315906536, 206108.2230661389 296822.9133362709, 206115.3128170701 296833.9017464848, 206126.5865572889 296847.111911975, 206132.9473730207 296859.5421343599, 206130.0311222119 296866.30783387, 206136.1154086133 296883.9523132059, 206136.651916689 296897.8208750354, 206138.1010256173 296907.6960166668, 206147.7420573273 296913.2498552676, 206156.7462322833 296918.6923243502, 206166.2935243928 296928.2401600081, 206174.386953613 296934.9024263321, 206184.0280859659 296940.234412906, 206192.6694000998 296944.0124857856, 206195.120301167 296952.4460319102, 206199.7540008965 296962.2124245377, 206208.0225617516 296978.7489995107, 206210.8296823363 296998.3883005583, 206208.0931045936 297008.4824678416, 206210.174070425 297025.5695214401, 206216.0829921889 297033.2288344222, 206228.6361289065 297037.7862558697, 206236.274630156 297044.2263740024, 206252.1041309147 297047.5656902808, 206265.390132652 297044.9122061016, 206275.1282501786 297041.3687099563, 206285.1354759342 297043.372691962, 206296.7800058013 297046.0435005101, 206312.8825208037 297049.2721682254, 206324.7989864521 297053.3854960375, 206334.4395922222 297059.1614266949, 206338.8027733479 297065.1555520677, 206341.6133228279 297079.4695098739, 206341.4241793087 297089.6763735811, 206339.9621555069 297098.5509960767, 206338.1330719785 297111.8631859736, 206339.3116144913 297117.9660225319, 206346.5837608545 297127.6234008658, 206353.8570628841 297135.6166016848, 206361.5848149052 297144.2758024559, 206370.9485829491 297155.3769681554, 206376.0347247857 297168.2502517499, 206379.314115335 297173.2293626905)"
TRAIL-145,금정로 31,금정로 31-1,201243.3329820986,295127.462932789,201756.51477305265,295498.72388352884,129.013662,35.252675,129.019301740684,35.256020575957926,928.6492403837982,"LINESTRING (201243.3329820986 295127.462932789, 201246.243802473 295137.5593482313, 201255.069943542 295148.3222559218, 201263.3502272239 295157.642808243, 201280.7324569715 295157.5343105615, 201293.6552802691 295158.0908779439, 201305.5772406089 295157.2050312899, 201315.0416275683 295159.0924727275, 201320.5925927376 295161.9778581307, 201328.4181078256 295168.9685542405, 201336.1546721967 295161.9801464194, 201350.806489462 295163.3136679822, 201364.4579538118 295159.8764177785, 201377.9272804429 295157.3267221743, 201388.8458092164 295171.8622178214, 201387.4787394181 295184.731653406, 201386.4760378693 295195.3822408745, 201391.2068792794 295204.9242575123, 201402.4908677848 295209.696647014, 201412.409306614 295217.3534129599, 201425.0593340832 295215.9131116608, 201434.8865826775 295224.5683950438, 201447.9917921725 295222.1296910954, 201460.095156714 295224.5724342512, 201472.3818279782 295219.0271670205, 201482.9390217873 295215.8114822524, 201487.399948582 295205.8271451979, 201493.8631817298 295194.8446343561, 201504.5099762605 295200.2827172433, 201515.0671289966 295197.5108509872, 201527.898274411 295201.6179853595, 201539.6367515373 295209.1642537287, 201547.2801397863 295215.600382839, 201559.2928252448 295216.0462292387, 201570.2137488998 295214.7167781281, 201583.8652192217 295211.2798592148, 201594.9686536293 295207.1768393509, 201606.1612301077 295213.6136456065, 201619.0846691763 295210.1766505027, 201623.7261458796 295209.1789765161, 201636.5570847052 295214.0628818893, 201646.8401725589 295217.1712170322, 201650.4770988767 295235.2559533717, 201644.1046086556 295246.7930955934, 201644.9214557929 295258.8862749177, 201648.8324375584 295271.2019092261, 201651.4694185322 295283.0735315052, 201666.2105861863 295292.0628029504, 201683.8629924637 295305.8232862588, 201693.9625352164 295316.4759180042, 201701.6055346488 295323.9106859779, 201702.0586976001 295333.7848984264, 201704.3312166054 295347.5425378965, 201703.9653362636 295357.4165962973, 201691.8603246216 295365.0695435125, 201682.7582651168 295373.8325184796, 201681.1173612138 295389.0317131087, 201678.4757294293 295402.5665434715, 201674.1967371024 295412.3289323541, 201671.4647962797 295422.2025547917, 201664.3650160344 295430.3002481275, 201653.6233200768 295448.1604631657, 201647.0693333282 295457.7005588161, 201645.4294544554 295467.6853342343, 201666.1774346161 295471.7941124896, 201679.8275421358 295473.7936555157, 201688.2014513258 295465.1414855019, 201703.1223252453 295484.5597090566, 201717.8652225269 295482.4545405891, 201729.0581773001 295484.6755816466, 201743.800245164 295486.8973210356, 201748.9858503355 295494.9973286889, 201756.51477305265 295498.72388352884)"
TRAIL-146,금정로 31,금정로 31-2,201756.51477305265,295498.72388352884,202466.74967097957,295749.518814327,129.019301740684,35.256020575957926,129.02710702127666,35.25827960712881,928.6492403838189,"LINESTRING (201756.51477305265 295498.72388352884, 201761.5430470974 295501.2127042648, 201773.4639909074 295503.4339424255, 201782.9259028879 295515.5288404309, 201792.5709837137 295521.6327397508, 201802.0338027754 295528.9570111681, 201811.041371337 295537.3906541345, 201818.956647954 295547.0444843101, 201832.7868795173 295557.5870820997, 201846.2541810697 295562.6933079372, 201857.0842732532 295558.7014977054, 201867.2772208992 295555.3752404625, 201874.8287810945 295563.2539201093, 201887.295327393 295566.9177107836, 201897.9414233271 295572.4672059181, 201910.4083229895 295574.3559039838, 201933.2503638913 295572.0309128484, 201941.8054993405 295567.7058816373, 201957.3667359911 295568.3749120511, 201968.2884046759 295561.9424585826, 201972.017972433 295568.9328252685, 201982.3003705799 295572.8181611277, 201988.2174168295 295564.1657290014, 201994.6808560052 295553.8492421828, 202004.8745001409 295547.6385628952, 202020.4353945208 295549.9718811489, 202038.0884094715 295556.4106736876, 202056.9253636547 295558.7447946319, 202072.0319520892 295557.8606850077, 202084.5896331451 295560.6372065868, 202100.7877069865 295562.0832480928, 202112.3455160616 295559.8670377522, 202119.9917669417 295551.1041512817, 202130.1851341312 295546.4468473302, 202141.1038230447 295553.2170914382, 202151.5663741369 295564.6469423501, 202159.2982774625 295578.4060035593, 202163.1186926927 295585.3964711476, 202170.4916182837 295578.075850428, 202179.1378906904 295573.6401204972, 202186.6938102462 295562.3255267927, 202190.6090340005 295553.5617975629, 202204.3468452059 295568.0989727275, 202211.4429543974 295576.532549476, 202222.9080499759 295581.3060113377, 202235.9200034086 295586.7455423381, 202250.9353118691 295586.8602169625, 202263.4014231671 295591.5230345339, 202274.0470079273 295598.0714808865, 202293.701366698 295606.1754571976, 202310.8083505245 295611.5051918445, 202318.9063703464 295615.9450792033, 202328.7326421908 295623.3809424099, 202335.5548412152 295634.6991247579, 202339.9205590639 295643.7977696493, 202336.4597197138 295654.5585684706, 202334.5459958027 295664.9869325978, 202336.0895737247 295678.3007688892, 202342.9110888633 295692.0597544754, 202357.6517411774 295697.8327464332, 202371.1199353629 295697.6143813644, 202382.6778424982 295694.6218993902, 202390.0504754585 295688.7437456239, 202403.9736890797 295688.5255499497, 202412.2539219439 295691.7451716431, 202417.8025167764 295700.9551163372, 202419.4366099199 295715.6003357339, 202423.3466055428 295726.9178064803, 202433.1724016863 295735.3522924654, 202440.9963493535 295743.1205760899, 202444.0873929452 295754.1049990457, 202452.5506365572 295753.3306758789, 202463.5626787061 295749.6724770444, 202466.74967097957 295749.518814327)"
TRAIL-147,금정로 31,금정로 31-3,202466.74967097957,295749.518814327,202963.49265630357,295807.2164594782,129.02710702127666,35.25827960712881,129.0325659189592,35.258798315929454,928.6492403837891,"LINESTRING (202466.74967097957 295749.518814327, 202479.5789617365 295748.9002424854, 202491.0446455393 295750.2347413007, 202504.0577322433 295750.1273943209, 202514.7950062927 295752.904010607, 202515.2474128697 295762.2235439663, 202522.2524818445 295769.2150530656, 202532.9900387594 295770.8822378777, 202540.6314639245 295780.0928464215, 202548.3667220558 295779.2074629437, 202556.6462551112 295784.424233308, 202568.6586399585 295783.0962975906, 202577.4881470148 295774.3341318763, 202587.9523376262 295777.2217026789, 202598.8741077852 295771.1228455545, 202606.884077059 295764.3574888255, 202610.7089736949 295754.3735141335, 202616.7217466284 295731.0767359349, 202626.5510035224 295726.9746119816, 202635.3795857198 295721.7627535019, 202643.844954578 295713.8881096721, 202649.489767846 295704.4594115828, 202650.5852291805 295692.6995293143, 202650.4088918325 295673.3949927421, 202658.0549813914 295666.629575504, 202675.2583879543 295652.544599938, 202684.2702278274 295643.4497581931, 202695.0109499757 295634.9101677606, 202706.8430804076 295628.4788780197, 202708.6664730692 295617.2739487501, 202721.0474211345 295601.6343821881, 202730.3346107327 295585.1063348335, 202740.1654580199 295576.455578454, 202752.5422904745 295574.6842168073, 202763.0072675434 295575.5749742606, 202773.1082680471 295576.3546867914, 202779.4763356767 295583.124307347, 202786.8451077809 295590.8927488755, 202792.6739349779 295575.6950430047, 202804.4173459876 295562.3852456451, 202815.7940496905 295557.8400278069, 202832.8132253957 295552.2980844625, 202844.7365996485 295545.7560592762, 202853.6545246374 295546.7573798945, 202862.2953973801 295560.5173305804, 202865.9322862733 295570.6145058943, 202869.5688850527 295581.5992451456, 202869.5651842233 295593.2485006511, 202853.9098649311 295602.6738914821, 202845.4448377407 295608.5513220069, 202841.8926949639 295618.3133906123, 202841.0684798932 295634.8439822031, 202832.6928573811 295645.9358826417, 202827.0478509921 295655.2535202471, 202821.1295059514 295665.6805292615, 202817.5747470014 295683.9853967636, 202823.6687659207 295693.7504877836, 202831.8606960824 295687.8729505649, 202857.248787848 295691.6530868554, 202866.2542237412 295703.1942533518, 202883.4469061927 295723.5027195901, 202891.7258708493 295730.0511405325, 202902.7356951576 295733.9377585212, 202934.8556836879 295743.8222723764, 202942.7691811671 295754.6974894794, 202950.1359333847 295767.7914417611, 202951.2228970649 295783.2131982603, 202954.858253634 295797.4153898961, 202963.49265630357 295807.2164594782)"
TRAIL-148,금정로 31,금정로 31-4,202963.49265630357,295807.2164594782,203654.0912194949,296257.13525610184,129.0325659189592,35.258798315929454,129.04015692841372,35.26285135336368,928.6492403838289,"LINESTRING (202963.49265630357 295807.2164594782, 202965.3193468405 295809.2899695683, 202972.6881031328 295816.0600575892, 202983.6960652279 295825.1612053628, 202992.9689107591 295852.6787189227, 202999.3359554939 295861.4455135587, 203009.6162855683 295869.2151078143, 203014.0721731238 295878.4250578447, 203016.0708189655 295888.4108067753, 203020.0724749657 295895.2907559222, 203024.7100022474 295905.4992805291, 203036.8092281525 295916.2650403145, 203048.2718468153 295925.8102026683, 203058.2809067102 295928.1434389399, 203064.3731453133 295941.9027287863, 203070.1939920912 295950.8912800965, 203078.7444731926 295960.7683283082, 203084.1087113663 295974.4164386846, 203092.2093308089 295969.2047762474, 203095.5731075611 295978.4143941456, 203101.0295267646 295988.5122946838, 203109.4860757419 296006.7102433759, 203122.1300156236 296020.4718320504, 203124.3999678115 296034.8955161624, 203127.9452978058 296045.214663698, 203133.0369967869 296057.1985298507, 203137.0397605115 296060.4173354486, 203149.687800662 296062.085918414, 203154.7803913933 296071.4071082247, 203169.9731785777 296082.0631852493, 203183.8037135945 296084.95263049, 203184.5314941748 296085.5076140286, 203190.9896559889 296092.9432346376, 203203.4548204098 296096.9416816199, 203218.8352740694 296091.3998808615, 203230.8456421944 296094.8434766132, 203235.2101957942 296104.0535065269, 203246.1280608909 296108.9390214954, 203254.8613128437 296115.7098337924, 203269.3287059319 296118.7105851849, 203283.9780827327 296121.7114259487, 203293.1667623866 296127.1510963232, 203306.5426124808 296128.9311100822, 203315.912531023 296136.3678872058, 203328.5577740718 296145.2481709443, 203339.2943666881 296147.9148241308, 203348.4823282202 296155.1296772272, 203361.4897221744 296168.7807940409, 203371.4062762932 296174.2208154671, 203378.7736832417 296182.9882559513, 203392.512000927 296188.5406767781, 203396.1477096545 296199.5256387742, 203402.2412145736 296208.0707289837, 203409.2439110311 296218.6131840463, 203418.7964831895 296223.8312297818, 203431.6257702714 296226.7206764963, 203442.6348840535 296230.2751198949, 203450.8264770696 296225.063811841, 203460.8374826545 296221.1845532852, 203473.7603163072 296217.4173708431, 203482.9520363635 296214.4253850255, 203496.0551195184 296215.2070659729, 203510.7940096974 296221.4257270395, 203520.8056074524 296216.104244789, 203534.5438310727 296221.5459366661, 203550.1929020291 296227.0993459179, 203562.841333321 296226.9933817552, 203570.9374406625 296233.3204682819, 203581.4905902827 296239.204754573, 203591.0416295676 296247.9732356491, 203602.5049235129 296253.3031815177, 203614.9705287379 296255.19423507, 203627.2555196116 296253.6459252011, 203642.269569551 296254.0957499215, 203654.0912194949 296257.13525610184)"
TRAIL-149,금정로 31,금정로 31-5,203654.0912194949,296257.13525610184,203324.25461656746,296582.25455171807,129.04015692841372,35.26285135336368,129.03653347862925,35.26578294495739,928.6492403837805,"LINESTRING (203654.0912194949 296257.13525610184, 203656.0994212189 296257.6515919416, 203664.3772461723 296264.4226179096, 203679.1168443876 296268.4226461612, 203692.9458430108 296273.9755620541, 203705.7719212357 296284.2987409802, 203714.414075049 296290.0714538074, 203726.0576305129 296299.2847212237, 203741.9812266743 296300.5117052039, 203751.6258056282 296302.6236699944, 203765.3646840761 296305.8468056575, 203778.4677962976 296306.1851149511, 203788.1104525882 296312.8458807283, 203796.6605523042 296320.9484881438, 203800.386196997 296333.1540533344, 203807.6617360775 296342.6984258596, 203813.8449528987 296353.1299065396, 203825.9414636357 296366.6703674441, 203829.939608508 296379.8745702064, 203835.2135413626 296388.6414988412, 203837.1189461194 296401.5119803308, 203838.022895917 296415.6024367527, 203842.2016195008 296432.0241408938, 203848.4741681955 296446.1168848961, 203848.0146625948 296456.7674530607, 203848.0103603179 296466.8634880807, 203845.460472425 296471.7440021317, 203832.5362458623 296479.2827989581, 203828.5287883485 296488.1567360455, 203821.1525835047 296501.7999038787, 203813.9602607161 296511.0053369349, 203808.4037612886 296525.0930662528, 203798.3011567268 296530.8579754968, 203784.7426645167 296532.2945735502, 203770.8190483598 296536.5046762493, 203756.803714245 296542.4898898162, 203741.9712146112 296544.2588585461, 203735.0535894804 296549.5813771779, 203730.3173583565 296560.7849121647, 203719.2126045191 296569.7669149302, 203709.8343514949 296584.5188054493, 203694.8178125479 296591.5022135343, 203676.6189310653 296592.7151853776, 203666.2458983169 296592.6000222421, 203655.2347093239 296595.4801406012, 203641.677947969 296592.922916926, 203634.4930704173 296584.2662748422, 203621.9368425994 296582.5970474636, 203610.9255668786 296585.6991107286, 203598.0963165365 296584.1407528004, 203570.7033384156 296595.2244266129, 203560.0567630476 296596.5515685066, 203547.0451434213 296595.9917204769, 203535.3954031489 296603.0876622962, 203525.5686347761 296602.1962563028, 203512.1024936357 296600.5268263775, 203501.7295540414 296600.1899613058, 203486.9904193588 296596.1902202467, 203474.4362302106 296589.195815902, 203460.4245762382 296586.3058530026, 203446.6836871984 296589.1851798946, 203429.9396101717 296593.2837866569, 203416.9283138537 296591.8365624629, 203406.2816317461 296593.4967220245, 203405.9214723006 296583.4005480022, 203396.6401211409 296583.8408338078, 203388.6342409446 296580.0656797433, 203367.7057417181 296580.9454137755, 203355.6926089726 296586.8210514107, 203343.4999318332 296586.1508556344, 203331.6716711174 296584.2604105741, 203324.25461656746 296582.25455171807)"
TRAIL-150,금정로 31,금정로 31-6,203324.25461656746,296582.25455171807,203035.0374967952,296094.3012740854,129.03653347862925,35.26578294495739,129.0333531876392,35.26138572514221,928.6492403838106,"LINESTRING (203324.25461656746 296582.25455171807, 203318.1152095368 296580.594218242, 203306.5584498383 296582.6979428607, 203295.6385989587 296584.9128601826, 203285.1767809495 296578.6961014838, 203270.8934004323 296572.1451334486, 203264.890448098 296565.1533963921, 203248.6023680049 296566.4788673933, 203241.0520885009 296560.7069898625, 203242.238612589 296550.6113783515, 203227.866266099 296538.1803371911, 203213.3959386722 296545.2756857987, 203205.4752294929 296557.5878172293, 203197.4681462572 296556.9193055379, 203186.9121817811 296559.3563740576, 203177.5406444684 296557.4669984457, 203165.8938683417 296556.7972346923, 203156.0660828988 296558.5689218002, 203145.7843837461 296557.3449338768, 203130.3156221385 296557.5614490422, 203122.0334468151 296562.9949095109, 203111.2047627059 296564.7662994376, 203096.3705251715 296572.0836012781, 203086.902187097 296587.1689431953, 203079.7103029976 296597.4844161938, 203070.6085516938 296605.0256085683, 203054.8680244052 296601.9137963329, 203044.2220944857 296601.5773644947, 203029.6654884604 296595.3595222645, 203019.9305076737 296591.9169516056, 203024.6662123224 296579.6035896396, 203020.2084188632 296577.1612972247, 203026.1255799591 296569.1752046988, 203026.4024607586 296557.5260236446, 203020.7658769278 296542.7683896739, 203021.8617585683 296530.897592047, 203027.3259224995 296517.1421854222, 203027.4201884481 296507.3790168294, 203028.3333159407 296497.8380138708, 203025.6991698185 296483.9689491979, 203024.8842837655 296471.875622022, 203025.7111772535 296448.1335731606, 203028.1735043368 296431.7144727197, 203022.7173093057 296421.5056639652, 203017.6241870671 296413.9596705608, 203022.8139108513 296404.7529348164, 203030.3694491816 296395.6579412204, 203030.8279188898 296385.229224041, 203038.2926741598 296375.5794796732, 203049.0320375311 296369.4811005169, 203052.2208078783 296357.7219619091, 203048.4950988407 296342.7430703241, 203039.3082839517 296331.9782671821, 203038.0403697248 296314.1156270205, 203036.3154616069 296302.2438866192, 203036.7739054704 296291.9261165963, 203049.6956360837 296290.5991260934, 203057.6151267769 296281.9480613133, 203063.2621630781 296266.1957257556, 203066.8151578943 296253.8819905426, 203073.3698793149 296244.89764039, 203083.7452125086 296239.4648521167, 203088.8436149076 296231.7004157041, 203085.4804945807 296220.8266158255, 203077.6615985331 296201.0756652404, 203065.1999491397 296186.9813605841, 203055.2848764768 296176.6600782865, 203053.6522737429 296160.9052792688, 203047.3780618964 296147.4787668091, 203049.7483890842 296134.3880102793, 203046.5674031274 296122.848615706, 203038.0180855623 296109.8651249069, 203036.2029617253 296095.5525593002, 203035.0374967952 296094.3012740854)"
TRAIL-151,금정로 31,금정로 31-7,203035.0374967952,296094.3012740854,202586.81733665947,296232.0507046837,129.0333531876392,35.26138572514221,129.02842795909933,35.26262857924966,928.6492403838265,"LINESTRING (203035.0374967952 296094.3012740854, 203024.8324348335 296083.3447512255, 203016.0072412052 296078.7930388958, 203012.1879539406 296071.0255873438, 203009.6454683357 296054.7157685285, 203002.27829929 296043.8406692197, 202998.915851825 296030.4151613571, 202991.8234806925 296013.9928935419, 202987.0951577623 296003.229627259, 202984.0960046152 295991.8012625874, 202973.6355496084 295978.7062588632, 202968.7252265511 295967.831997515, 202968.0939270009 295950.52431317, 202966.3693305733 295937.2103031416, 202964.7354727425 295924.6729410091, 202955.2771325516 295907.8061468645, 202955.9166296168 295900.1511266322, 202958.6500487941 295889.6122130426, 202954.7402862565 295879.8477421433, 202951.7425013482 295863.9815768945, 202944.7431554844 295840.6807693476, 202943.9287527521 295826.5904452492, 202941.2924011109 295818.4905763936, 202927.278554224 295818.1531875813, 202913.3559923128 295816.9282872365, 202903.6189507457 295817.1470423784, 202893.2449827161 295817.1437132869, 202877.4099358277 295820.5779602101, 202861.8493061136 295819.5745082287, 202849.2002435374 295819.9033451483, 202831.6361204787 295823.6699630516, 202819.8953293453 295829.5463928484, 202809.0632376283 295839.6390435284, 202797.3225163186 295845.404557452, 202785.1262657361 295852.945071704, 202778.3899583204 295860.5982257852, 202771.4708128008 295871.0249625455, 202768.3751745088 295876.4603352072, 202766.3698636272 295887.3323650053, 202765.7294051918 295898.6485946753, 202764.1788586397 295910.2973820605, 202757.9880618537 295919.7258446151, 202755.1638535308 295930.3757368402, 202746.6070856073 295939.9144313664, 202739.8688562116 295954.2243361238, 202731.9504906635 295959.2144786884, 202723.3924698244 295973.0800643724, 202711.7419420837 295982.2850239997, 202702.2756547441 295990.6030891044, 202700.0881543769 296002.4735891819, 202694.8050816625 296019.8904343418, 202681.8800842433 296031.0920695743, 202665.40798649 296036.3016256981, 202659.8546877484 296044.6208915393, 202653.9359427451 296057.9325954494, 202653.3874491051 296066.4752283835, 202646.2864161672 296077.5676828248, 202635.4544920147 296088.7699988857, 202626.5339806896 296098.4196484291, 202627.8040309283 296111.8444094431, 202627.0721196027 296125.3795337169, 202624.0661044627 296136.1403625136, 202620.2414508096 296145.7915010077, 202616.9624616835 296156.5522532882, 202617.1408532836 296168.9781891316, 202608.7674106429 296175.18870856, 202611.2195258131 296191.7202814719, 202600.2958277551 296206.2509769489, 202591.8305757913 296215.4570118155, 202583.8217158323 296219.7815875377, 202589.27875162 296229.2135098686, 202586.81733665947 296232.0507046837)"
TRAIL-152,금정로 31,금정로 31-8,202586.81733665947,296232.0507046837,202023.8586316013,296517.6381403253,129.02842795909933,35.26262857924966,129.022242,35.26520399999999,928.6492403838012,"LINESTRING (202586.81733665947 296232.0507046837, 202582.5428588341 296236.9777594541, 202583.3591205298 296246.4083525064, 202573.8022644254 296254.615583892, 202565.0689836264 296246.6250296764, 202558.5195158013 296238.8569932651, 202552.152121859 296230.7561769446, 202548.419300587 296237.8556287308, 202544.5943643581 296248.9490908388, 202538.8593481293 296257.157436905, 202547.0462951788 296266.4791567076, 202543.2224662931 296273.6895307493, 202540.3072519591 296285.6708148014, 202529.2955211999 296290.4383767027, 202514.8260267584 296295.09404306, 202506.7239697028 296307.7395678506, 202485.7036577595 296309.6198294904, 202482.9717102651 296317.2743117399, 202475.9630211661 296324.9276212913, 202468.4985524881 296335.5763381255, 202466.0421556264 296333.9114856767, 202457.1265350866 296327.1413847433, 202455.3999005719 296318.8200086734, 202444.1177936089 296314.2681859599, 202426.2833376139 296312.3773045412, 202414.8190700675 296308.3801966342, 202408.8158125428 296299.3920146658, 202398.7147055477 296301.9410704663, 202387.3392956901 296305.9320910021, 202378.0571841994 296308.37044106, 202369.4111094087 296314.3592208494, 202359.9462102482 296319.9040132702, 202346.7510633004 296323.4508279626, 202334.8289042276 296330.6591898128, 202325.4544664895 296338.4229502817, 202313.2602988881 296341.9700718005, 202303.705346189 296344.0755922164, 202287.1460782211 296337.3037123865, 202274.8627184561 296333.7503562913, 202261.1235474101 296329.7528706189, 202247.4734811977 296333.2997164924, 202233.9148867748 296334.9605335124, 202221.9027121757 296338.6187687951, 202213.711198061 296346.8267180937, 202209.7949103825 296361.2486637405, 202195.7799909981 296368.678588428, 202186.8599841921 296379.3271846681, 202181.0346231801 296386.5372285339, 202173.2993873957 296389.6418355523, 202164.2009499151 296385.6456150513, 202146.9131738008 296381.0927259187, 202136.5401427845 296379.8698660453, 202125.620987928 296379.3125620747, 202112.7922025181 296373.429443932, 202106.1479505411 296380.6393444483, 202095.7726991372 296388.9578375124, 202084.9446235952 296388.0677675721, 202074.754523344 296382.7400401428, 202068.0224906133 296376.0817704408, 202059.287210434 296375.414101656, 202061.2869531214 296384.7339735937, 202059.91976545 296394.7187499964, 202058.1884286005 296405.4800617511, 202059.2765589718 296422.1221243916, 202062.7321370013 296431.664220286, 202064.8227555757 296441.4278962988, 202074.1019952933 296450.5275486034, 202075.1913146629 296461.8442335074, 202074.0044276396 296479.1514494589, 202076.6411592642 296488.1386362617, 202073.27238212 296497.0134976515, 202071.5403107508 296510.9922262623, 202082.0013019891 296524.7518677085, 202084.0927999184 296530.5215135595, 202073.1741806558 296528.4110365855, 202061.2556763889 296521.7515811279, 202049.7019815232 296511.3200790869, 202034.4147295982 296513.4245854411, 202023.8586316013 296517.6381403253)"
TRAIL-153,금정로 32,금정로 32-1,202299.6499431475,300830.2786263037,201553.5776384295,298283.3549949896,129.025285,35.30407499999999,129.017077,35.28112,12618.63006940823,"LINESTRING (202299.6499431475 300830.2786263037, 202297.2885433873 300817.4082694517, 202293.5628670662 300804.6485125089, 202295.7498623947 300788.1180914431, 202305.6655820519 300779.4668212479, 202315.2174076728 300771.2592532327, 202345.780255158 300756.9550985083, 202360.6977265226 300750.5241147737, 202377.4348636911 300741.6528200355, 202383.6221375112 300731.5583538778, 202400.2673780813 300726.4592464538, 202410.0004163507 300721.3583197311, 202419.0056546578 300717.0338312983, 202429.0117441442 300711.2673215299, 202443.383587728 300705.0582202436, 202454.0259369079 300700.8451567595, 202468.3086252212 300688.2011947238, 202471.9493869994 300678.2170393136, 202472.406939165 300668.0101198954, 202464.1339316897 300655.1381033908, 202464.8650268035 300642.3794975995, 202464.0500141364 300629.3985772332, 202462.3246677656 300619.4129540995, 202463.146926733 300605.8777508416, 202463.4226603442 300595.3379440324, 202463.3362245432 300578.8069477289, 202464.7956671541 300563.3858354484, 202462.3444804926 300546.8541939024, 202461.620377295 300533.9842465578, 202458.8055791767 300516.6758846638, 202459.9003060691 300504.5830569303, 202461.9045920365 300492.3795317007, 202466.8186114421 300482.95045531, 202482.1919357855 300474.5227695377, 202493.2912102778 300463.5421669282, 202497.6596218113 300453.8910646697, 202507.8480829558 300447.6809104667, 202521.0354672297 300450.5691861012, 202532.9524617358 300442.9172443292, 202539.5034897007 300434.3762369074, 202539.3234265331 300427.830366281, 202558.3324962268 300428.3904694029, 202570.4291814751 300428.7267475092, 202578.9779602265 300431.6137868357, 202589.0733833753 300432.9480327731, 202603.9003547887 300427.4049967073, 202611.8159539945 300418.1987594627, 202622.457397645 300418.5346859954, 202633.6445604961 300418.8707844414, 202653.8360366098 300419.4314342398, 202665.7495447581 300424.0946841999, 202676.2084803106 300426.4276500402, 202697.4914091175 300426.8777754696, 202706.5881326393 300422.2207648203, 202715.3210521864 300417.5636538231, 202725.3259535669 300417.4557257064, 202737.2433337467 300409.2493237074, 202746.2492434881 300404.259487293, 202757.2560051516 300399.7140558184, 202768.5347190121 300398.1642659047, 202778.1760335095 300397.3906082062, 202791.001273506 300394.8428080749, 202806.7352749284 300397.9541819748, 202819.1962570733 300396.8486078435, 202829.4745655923 300395.0766892584, 202844.120120022 300388.6464225772, 202856.6701403865 300393.6429636484, 202868.0393739501 300393.5356261161, 202878.5904150534 300392.2076346397, 202891.9613059469 300389.9929905534, 202900.7855203651 300384.6704119561, 202910.7932896168 300375.7979489018, 202922.1609286576 300380.68325338, 202930.6186148688 300383.7924885786, 202936.3518398939 300374.1420431369, 202952.2696236737 300371.4845337349, 202966.1844984172 300374.7065364904, 202982.5566187594 300373.380583133, 202991.5574741863 300384.1453358141, 203005.107280791 300391.0284988818, 203019.567753761 300394.4726581708, 203030.2090242688 300395.3637962693, 203040.6688344535 300394.9235325393, 203057.1289867783 300402.1405939929, 203072.0451343224 300402.8113394586, 203080.3246687663 300394.7150982963, 203083.9668335137 300382.9560565161, 203095.520047375 300376.8579793647, 203106.0724409591 300371.758087166, 203119.0777228025 300374.9800126505, 203136.9944975405 300378.2036640391, 203150.6389157293 300374.3253071208, 203161.2806250233 300373.9961929145, 203164.6434623608 300380.98697658, 203171.4624159537 300388.3118146398, 203180.1050072311 300382.6566070295, 203193.3836973135 300384.2145446783, 203209.0279677701 300383.5544213282, 203220.4892024926 300380.562962243, 203236.1330433856 300381.1232928585, 203246.6845530599 300378.6862711614, 203254.2361555849 300371.9212809218, 203264.0605321474 300368.1526640312, 203274.7006012528 300372.3724731186, 203279.3387207727 300373.8164577921, 203296.4396552893 300369.3848484893, 203308.1722928818 300370.4986057317, 203318.3599375082 300368.2834266302, 203328.8213906554 300363.5165998278, 203337.7368842384 300358.0835362931, 203349.107817036 300353.5389619165, 203355.9322153035 300345.8862181812, 203369.0320054867 300339.4562288724, 203378.0389584254 300332.8028324528, 203388.3183674019 300328.5907371227, 203405.6940220901 300319.6106485526, 203416.4285251523 300314.6221345423, 203427.7076281825 300312.6293847723, 203439.8056645985 300309.7493926972, 203450.539986056 300305.3156497121, 203471.7372063725 300292.7868766907, 203487.1099078444 300289.2425327774, 203500.9375116572 300282.8130168593, 203515.3118152404 300273.942921355, 203530.5055228786 300263.0761400526, 203539.6038440195 300255.8682108731, 203558.1611550831 300249.5515865327, 203575.8970808347 300250.3352239853, 203583.2663342876 300245.5674673383, 203594.5464893765 300241.2450589782, 203607.4634046055 300238.032780113, 203619.5616432616 300235.0420833099, 203629.9296866336 300237.1542259378, 203643.3897520224 300240.3770899197, 203656.5784719075 300239.8276971714, 203665.6764664383 300233.7293559666, 203677.5934531704 300229.1854181915, 203690.235415905 300231.1876115905, 203704.0590617208 300234.965445294, 203719.0673548023 300233.30743059, 203730.7980525924 300239.4143102319, 203742.5303459035 300241.6380929051, 203754.3557592685 300238.6474636469, 203762.9992765964 300231.9943009522, 203772.2779623237 300229.0026329651, 203781.5534908657 300233.5553068533, 203793.6496934511 300235.5574164389, 203805.7491679115 300229.7933177598, 203818.8459246744 300231.6849373202, 203835.5804124346 300234.6875831234, 203850.4947436624 300240.1302965964, 203861.1351652982 300243.2413361873, 203871.7769608748 300243.1349524243, 203878.3244884547 300246.0223639661, 203891.2396793818 300247.026441971, 203913.5218909002 300251.1410887834, 203924.3476638226 300246.2641650981, 203939.5349329803 300251.374306508, 203953.4502256763 300253.2664792674, 203954.7266608008 300246.2774352892, 203957.6372233881 300246.2787120575, 203960.7291114464 300247.6114224593, 203965.8260590985 300239.7364900675, 203970.6505407321 300230.9738719829, 203976.6587717735 300219.2162341747, 203988.2097582932 300219.9979573795, 203999.5809970355 300215.8979879447, 204009.3128782654 300216.6789316276, 204020.5932248573 300212.4680021982, 204034.2323198359 300221.9045100958, 204045.1458145889 300224.4611584794, 204056.787045186 300226.7962552324, 204066.7914754207 300228.2430600996, 204083.7053364759 300236.6826056177, 204098.2578625913 300237.3548833567, 204108.8989606211 300238.8020243189, 204120.541170111 300238.9182821053, 204132.2700135422 300248.4650123506, 204142.5460498088 300252.5747320184, 204158.7393686209 300245.370688667, 204172.6563703089 300243.4910333447, 204185.6609945047 300247.7130110655, 204193.1241589317 300237.2875452655, 204194.5847566019 300225.8607771959, 204202.046915542 300217.6542403654, 204201.9598887106 300209.2222971933, 204200.9605156204 300206.781017729, 204214.2405861797 300205.5668064443, 204227.7025713504 300204.3526999847, 204237.4326732832 300208.9060559361, 204250.2566089143 300210.5762816451, 204265.1735115501 300210.1395394993, 204281.0915576189 300208.3719441437, 204290.8251121099 300205.6029175992, 204300.6485700076 300205.0528661811, 204317.6567173344 300206.1704535215, 204327.8433593937 300206.951958658, 204333.4814264063 300209.3954799138, 204374.7763876053 300206.9746025702, 204381.6934780471 300197.7694351853, 204388.799296568 300174.5851583185, 204392.9878571741 300165.1567804652, 204396.4556470429 300141.6379011531, 204391.4593797902 300128.654775947, 204390.5566763069 300114.5641848975, 204391.2894593697 300104.0246646951, 204399.8428361167 300096.9282846932, 204400.9397288977 300085.8342128192, 204392.3080813053 300066.8582274911, 204391.4046165089 300054.3208821882, 204391.1356885816 300046.2216886198, 204392.958505201 300038.6782440366, 204390.9635507493 300026.1403677513, 204392.5157144188 300014.0480031678, 204397.796546661 300003.1778629792, 204403.7162619037 299987.8701958047, 204409.7260871552 299974.3377137091, 204412.734046192 299961.3584969653, 204424.7480621033 299945.9428820683, 204435.4794282369 299949.3874804363, 204446.75915996 299947.506951638, 204459.6751550992 299947.6242746957, 204471.956643569 299943.3034597321, 204485.1455740452 299943.310008534, 204498.3363858285 299939.5444119486, 204519.6183760519 299943.9928929518, 204525.0784802082 299938.7811663635, 204539.2649981462 299944.6684353863, 204550.2717152473 299943.1207367626, 204560.1850871586 299945.2337183324, 204569.1891544447 299946.7915198738, 204577.9249618813 299939.251618216, 204587.7472605909 299941.5864759432, 204600.6689783519 299930.4984529181, 204612.678250395 299925.0682302251, 204622.3231307096 299918.6382971321, 204629.6081161893 299902.4439109121, 204637.7976377979 299896.1241936841, 204641.4411778721 299886.0299780811, 204650.6304112289 299881.3749777205, 204656.274322164 299872.7240984256, 204667.2856826361 299862.4118079785, 204678.9307314663 299857.9799997213, 204687.3932628688 299851.5495234181, 204694.4021347208 299841.9008634094, 204704.4999330774 299839.3543656829, 204717.5102889545 299833.2591290122, 204721.334468492 299825.8277457022, 204731.521273099 299827.0534899415, 204744.6202900258 299825.3961802351, 204758.9052369083 299817.1936992633, 204764.0045309638 299806.6565181469, 204775.5559791113 299807.4392487912, 204789.4696036423 299813.4377116742, 204808.476640025 299819.9936401013, 204820.119204566 299820.4436383384, 204832.4890863643 299821.559717444, 204832.8607705296 299806.915040274, 204845.5923617334 299812.0253882696, 204859.5056339213 299818.5786892904, 204872.0529976904 299827.9049248676, 204882.6928345469 299832.3485196448, 204891.0577178697 299838.5660297334, 204900.8773933515 299845.782852344, 204912.337941514 299846.3438168373, 204937.8102010368 299839.5900169469, 204950.9116131285 299833.6061125677, 204962.9199437113 299830.506222725, 204975.9248567396 299834.6183910781, 204992.5747581974 299826.7504228191, 205001.1285023104 299820.3202912449, 205008.6873725048 299803.68258008, 205017.0591690207 299797.363308782, 205023.3416849824 299786.050310058, 205024.8022941085 299776.6207109625, 205032.7221131375 299765.3086313214, 205044.4587997976 299760.2116700848, 205059.3743096474 299763.6593507414, 205072.0203017495 299759.1176655659, 205074.2081475824 299750.5760519271, 205083.9430659429 299746.6984225429, 205088.0426551463 299735.3842394668, 205099.2352182888 299727.513392106, 205115.0641391721 299724.3049195929, 205127.7145032832 299712.2189855836, 205137.811685145 299711.2262169506, 205148.7271337737 299710.8996027757, 205158.7327879094 299710.9053195128, 205171.2857174624 299710.2468311999, 205190.3885075347 299708.3717206136, 205201.3997842703 299699.6133276463, 205211.9553814463 299692.4079291772, 205222.4208697775 299683.7601926884, 205226.8855333387 299670.6711485297, 205232.7123083364 299661.5769534139, 205243.4506065621 299653.1512919149, 205247.2784581711 299640.2837802475, 205244.4647886288 299629.742272867, 205242.3782880069 299620.0887571854, 205232.5584459512 299613.2044031192, 205218.9212849717 299600.9924422199, 205214.83372121 299591.1158838719, 205205.8350436116 299579.794193966, 205194.017545717 299566.6957537923, 205187.9278169641 299558.4822455778, 205182.568769803 299545.0546995593, 205174.4797557541 299533.511672532, 205175.3987353485 299517.2031389285, 205173.4030970737 299507.549693125, 205167.7694573543 299497.0065951899, 205166.7721090014 299491.3477785905, 205164.051166707 299477.4779724732, 205163.7852004995 299465.3847081201, 205166.8853126868 299452.5167494645, 205162.8892859904 299441.4198637316, 205156.7096857835 299431.0983533451, 205151.8945226792 299420.7776264897, 205145.9889254491 299408.4592527997, 205140.1721263937 299399.9130968049, 205126.3485550574 299394.8017162828, 205112.3395825943 299395.7922802067, 205099.2408769559 299395.6739206776, 205090.8765393438 299388.0139248231, 205082.3293848181 299381.907077363, 205055.0491944323 299365.9155308357, 205044.9589565784 299353.8167726296, 205035.3227076834 299343.1605768201, 205024.6873734968 299329.730186078, 205015.5954428642 299321.6260719464, 205008.9615701383 299309.8621151022, 205002.6893238702 299302.0924181318, 204995.2366758969 299290.4389637282, 204983.1410632124 299285.5506527355, 204983.2383401616 299274.1232739135, 204974.5110937544 299264.3552142929, 204972.6974811374 299254.0362417036, 204969.06596582 299241.1645115375, 204961.9743393941 299234.5038519268, 204953.8843376088 299223.7376500131, 204942.9721365568 299217.074908465, 204928.9656364189 299213.0731915663, 204907.7693449492 299215.5024465985, 204893.3042081341 299218.4901295001, 204877.6580300096 299218.7035485983, 204862.5528615333 299227.7929612378, 204855.2806482212 299218.4695860106, 204841.3662678143 299212.2491360745, 204831.4541160766 299206.4746338531, 204819.2694109915 299197.7033882248, 204807.1718645335 299196.0327451151, 204796.9860090326 299191.700432202, 204790.1674676389 299184.374378041, 204775.3429789131 299178.819222786, 204779.4389696258 299174.0507169428, 204775.8040335711 299167.059198757, 204770.7170965647 299153.5211047652, 204783.5451413928 299150.0885736602, 204783.8233931887 299139.9926424032, 204777.0072104561 299128.1178174361, 204778.0126584801 299119.0207846523, 204778.7451501049 299110.034553435, 204779.8456829795 299093.1713575649, 204773.9377776522 299083.8487729885, 204767.8475745114 299075.1917715468, 204758.7617106206 299054.6619818042, 204760.7692510048 299042.7918291273, 204761.2329279001 299026.0392425965, 204752.5955255435 299017.4918543378, 204746.7782764566 299008.6131200686, 204741.323953701 299001.5097147342, 204733.6865136781 298994.1832753408, 204724.3242750592 298979.9772938477, 204717.2302323299 298977.1999347656, 204716.1440110119 298966.8813990693, 204706.8700799931 298957.6680474709, 204701.7803191893 298949.1225603415, 204700.6939033516 298939.1368645245, 204696.1529391292 298924.8224808451, 204692.1577717993 298910.5083835982, 204685.7949855463 298900.8527854311, 204682.7079820151 298889.4237573913, 204678.4372821093 298880.1020883931, 204672.8053140781 298864.4558017227, 204666.6245849405 298854.4674744985, 204667.449964442 298841.5981805746, 204668.1842620776 298828.95073158, 204661.3653414767 298821.6247791264, 204659.5513953073 298811.0839851214, 204658.6491464108 298796.6605571879, 204648.4689415104 298780.3462655124, 204644.0182701333 298767.0304709319, 204638.4760579918 298753.492225938, 204634.2994659873 298737.8467147602, 204635.5789778732 298726.3090036528, 204638.8601298545 298714.2175925077, 204626.7613330177 298713.6566513885, 204615.3867806522 298719.9747394043, 204612.1968594119 298731.6224223708, 204601.5547417415 298728.8433427273, 204589.6345735508 298734.8283475136, 204578.9883990375 298740.0373935529, 204569.0705042318 298744.2483082718, 204555.8745548641 298754.6705458584, 204542.7740186898 298756.3281285454, 204533.4064384602 298751.6636914601, 204533.1387116203 298741.3455928985, 204528.3131675434 298749.5531627746, 204517.7571827917 298756.4265141245, 204504.2924989635 298758.6386996105, 204492.8288869693 298761.4066306077, 204481.9129759043 298760.4026892457, 204475.9060895668 298766.1688918286, 204466.8110108111 298762.2812799872, 204454.526548717 298769.3757415479, 204440.8829085613 298765.5968572941, 204428.5091894786 298769.2519889286, 204418.4090227357 298774.3505466419, 204408.1277406881 298777.7848394028, 204397.7557669909 298780.6643704169, 204384.2927123554 298779.6593060092, 204374.3775877847 298778.4340893314, 204364.18981915 298776.6540224213, 204359.7276837099 298786.193208651, 204356.6303176328 298795.2892726477, 204346.7132824509 298798.0581361729, 204334.9767002625 298801.1589738077, 204317.9643657533 298803.2587877461, 204306.2312948973 298799.0372380032, 204294.8599795964 298799.2537099091, 204268.4854918455 298785.0401252849, 204256.2031010439 298788.1408071229, 204247.014995908 298788.4693152858, 204233.4614351488 298786.4659206647, 204224.0042631521 298778.5843330829, 204213.9940008285 298786.2349161592, 204201.2562650313 298790.4449186329, 204193.6142377249 298791.6617679918, 204187.7057866552 298781.7848431635, 204174.4253690566 298779.2269348002, 204165.9668097596 298775.6727583405, 204159.6009617629 298771.2319875468, 204160.2368306949 298773.2293059611, 204150.7737627281 298777.9956192876, 204140.9516624561 298772.2219221997, 204130.8544047573 298771.3297271469, 204122.0316368789 298768.4411002977, 204115.2967207975 298775.3166685949, 204105.7442234558 298776.7546129062, 204084.2742723956 298779.0747318205, 204074.2695397263 298774.7433207052, 204061.1703705669 298773.6279569613, 204050.6164141684 298776.8406424753, 204039.334259366 298781.0515269429, 204029.5087221466 298782.8222672657, 204019.594541915 298779.3785239888, 204011.4043925783 298785.8097382779, 204005.3064112649 298792.5747260597, 203994.4809631112 298792.6808729971, 203990.1102944476 298801.9983904827, 203969.6423196407 298801.5455790325, 203957.3583514764 298808.529771628, 203954.0881627016 298797.7665905646, 203940.6221294395 298803.5298836201, 203925.7953349996 298800.6388284059, 203912.8744200565 298808.0665878003, 203903.4151193202 298804.5122234947, 203918.5159314643 298804.8516064132, 203909.4177681912 298807.6213060648, 203895.9569040123 298801.5134621834, 203886.3123531732 298805.614299394, 203876.6679064455 298809.493255271, 203869.8475204188 298804.053980923, 203860.0217095055 298806.6015266114, 203850.2855954688 298812.1446592011, 203837.7310909623 298813.8034984015, 203831.7314369077 298803.5939305125, 203831.0077780804 298793.9413345651, 203823.2763857264 298791.4972466647, 203808.4474268917 298793.5989465145, 203793.4406868596 298785.826415799, 203784.616429538 298786.2664936189, 203776.7005707975 298789.8134438808, 203766.1492819875 298786.9244417304, 203756.9618408673 298785.7002073568, 203748.9589409704 298779.8167490339, 203740.8678665203 298767.165565037, 203734.6849836378 298759.729632564, 203730.8674977849 298751.8508988038, 203723.864627886 298747.4101725137, 203718.3182350007 298740.6401892232, 203715.5025426145 298729.9882292506, 203710.6842612218 298722.330984036, 203702.6810472978 298717.0022964488, 203694.2225169299 298712.7828878947, 203682.3994706388 298705.1227929112, 203678.6745149929 298693.2500699403, 203669.3080479665 298684.5924817952, 203662.3972822749 298677.1563039545, 203652.9376560494 298673.8240947365, 203649.1204213326 298665.057830231, 203634.7457037731 298668.2694572881, 203619.1868165529 298675.3637360047, 203608.9035085843 298684.3462290445, 203599.8954933732 298689.1133012279, 203591.1570441002 298702.3123725146, 203587.602836834 298718.2871579724, 203589.600347654 298727.940239653, 203595.6900582911 298741.2561642118, 203598.2322702082 298753.6831111172, 203601.5018808546 298766.9979159866, 203603.9537279801 298777.8715871723, 203606.9517426304 298787.8579107874, 203606.7644812576 298801.1713370467, 203600.0290531201 298810.3771522892, 203588.5641532124 298817.2512276717, 203581.1936872165 298822.1299165756, 203579.9148328325 298835.4429108385, 203577.2710927513 298849.642931116, 203576.8120687589 298860.1826050983, 203574.7158245223 298870.1669011977, 203574.7097147138 298885.5883727568, 203571.9744577527 298901.2306555405, 203569.150304464 298911.6584488317, 203566.2350577011 298922.4190447476, 203556.6790431552 298933.398913282, 203544.9433021485 298935.5022661536, 203525.3844251496 298937.2697365761, 203509.3730158914 298939.8152495569, 203497.1816791224 298943.9155129355, 203486.3548331056 298948.1272658084, 203470.1614325818 298950.8946697935, 203457.0628282319 298948.781669984, 203457.8756739221 298964.0925111587, 203469.2438164613 298971.5302484106, 203484.9793829943 298976.4179309402, 203492.2550099436 298981.0804707307, 203491.5241330753 298989.1792365597, 203509.170755298 298992.0706754741, 203516.5373248116 298996.7332703539, 203525.9995675115 298992.6319659245, 203543.4645852129 298994.6358339788, 203560.019217983 298998.414510604, 203573.3897943622 299002.6357395147, 203589.3088627509 299003.3077336988, 203602.2251562189 299006.0865282733, 203612.6855398655 299008.3096282531, 203624.5972984721 299020.7403442419, 203632.1414320577 299036.0539098285, 203636.5931495724 299050.1458303748, 203643.7747592305 299062.019937778, 203658.0541073254 299068.1277398918, 203673.8794215857 299075.3456529797, 203681.8809307262 299084.1136401791, 203696.1566273941 299098.9862269836, 203709.7993435789 299104.5391211771, 203722.8079324723 299103.6569124068, 203737.9982516407 299106.3258947251, 203749.1861259709 299108.771346715, 203764.4686451911 299108.4448727328, 203783.6659844607 299100.3538528157, 203793.8564869293 299095.0327292506, 203806.4119026853 299090.2673441374, 203815.5970562881 299096.1513564572, 203826.9628084114 299108.1383272494, 203845.8824806968 299111.3638034522, 203860.9867695473 299102.3836369278, 203870.9038442222 299098.3938340716, 203881.6393415407 299095.0700695842, 203891.8260313765 299098.7356726247, 203897.6411869125 299114.2706087856, 203896.5453723 299124.0333747199, 203894.9933874091 299136.9024292731, 203896.1696723498 299151.4368507311, 203901.0756543483 299165.7509927995, 203906.4382273528 299175.9603368546, 203910.9823367466 299185.6145998644, 203909.2459105519 299204.2527607711, 203902.7814024211 299218.0072555436, 203896.1376185892 299225.6596522357, 203890.1301246909 299234.4217874353, 203879.1154541224 299252.7231216545, 203878.9264162813 299269.2539830569, 203890.747168434 299280.1317740591, 203902.567172176 299292.6737693827, 203909.8405012678 299301.5525930876, 203918.114811212 299309.5442900095, 203918.5622124874 299326.6301581909, 203910.9176956466 299334.7258942744, 203900.8175911209 299341.8220613495, 203889.7174711048 299347.5864572934, 203871.6103691645 299359.7827215822, 203863.0567582617 299366.7686490138, 203854.3193841898 299378.0813978623, 203859.134867069 299391.1750779749, 203869.8644434455 299400.8319716258, 203884.233588131 299408.0496336887, 203888.0493704656 299418.9239804994, 203880.3135185456 299428.129163649, 203866.0290900295 299435.5564094884, 203845.2865829809 299442.3152471657, 203831.9147116895 299442.9752329509, 203815.0853502966 299445.7417488036, 203801.0740797055 299452.7254292949, 203791.7024107361 299458.6016209574, 203777.5075798481 299469.5793154258, 203763.0416074893 299476.4519187997, 203750.8514333489 299479.2204909254, 203739.0252098226 299481.7673384524, 203727.5631191125 299483.6486761906, 203713.1906818612 299484.4193704802, 203696.8179303668 299483.0812945013, 203679.8969986461 299487.6231603893, 203670.7091761287 299489.0617145502, 203662.5192886285 299497.0464947753, 203654.6014043382 299507.2503119318, 203654.7780253536 299520.3420070608, 203660.0503333545 299528.9979298918, 203669.3262327111 299534.5489964974, 203682.3297593037 299544.5394322749, 203694.7851672128 299560.1879069484, 203701.1485012202 299569.9537610535, 203705.7822710489 299582.8253964022, 203705.1403892402 299595.3620279898, 203699.7688288671 299607.1200968929, 203690.4858966421 299618.9875140971, 203672.565190036 299622.1976336018, 203652.7340834643 299625.9617448181, 203638.8165518387 299627.0655796472, 203630.356613025 299628.3935227007, 203609.7992683676 299628.6071646577, 203594.7908296008 299628.1573871877, 203582.2362741076 299632.9230699396, 203565.3144534583 299640.5716385087, 203551.7576109647 299649.7748069593, 203543.3859653766 299657.9815173681, 203540.4711632891 299668.298349507, 203544.8337988067 299677.1757418594, 203550.0142426602 299688.1614320693, 203548.0067794674 299704.2478109572, 203546.9106286129 299716.0076551708, 203550.7234547235 299735.0918665652, 203548.1726404553 299745.0760026749, 203536.5331799618 299736.3066978099, 203530.7155474281 299726.5411710604, 203528.1754281865 299709.2326020249, 203524.9982276236 299692.8113530972, 203517.1804993193 299680.27140467, 203509.8171652986 299668.7301539425, 203506.638450532 299656.0810753861, 203509.8276984804 299641.6593379938, 203517.5626430839 299633.3414023745, 203532.7574748293 299622.3636884541, 203540.5833314802 299614.2677003297, 203551.9587988869 299600.8477092381, 203557.784934975 299589.2006779013, 203555.969943225 299578.4382028949, 203544.6004578108 299576.5476466599, 203533.8650493329 299581.4250573957, 203523.7653444614 299588.9654325837, 203513.2121878293 299593.0663173393, 203503.4774799576 299597.7222621638, 203490.6485861238 299606.2601287699, 203479.3662323227 299614.3548261876, 203460.2595187963 299626.8843721049, 203451.4333413937 299634.5362632551, 203445.8809757716 299644.2973867722, 203442.1477584607 299654.2810997958, 203443.8711048506 299667.1514916994, 203447.1403132945 299681.2428806649, 203443.7698088757 299694.2222738767, 203441.4000067552 299706.8692123447, 203437.938898014 299718.9610056965, 203435.8424561775 299730.3876443183, 203430.9271829429 299739.372399071, 203426.5573007601 299749.3558777579, 203418.0029325064 299760.2253400972, 203419.0090432828 299745.5808495702, 203415.0117121949 299732.5986537294, 203408.1943879604 299720.1701239451, 203402.4679432731 299709.4062008482, 203395.7402082849 299700.5279864015, 203386.0114659479 299689.7625683052, 203377.0999353031 299682.7696303443, 203361.36492298 299679.5463194864, 203352.8114745124 299687.9750311255, 203348.076246757 299702.1743587904, 203346.1594075605 299720.146898023, 203345.5202571026 299726.6924745216, 203342.2452746498 299727.8007203854, 203330.1496021485 299722.2489470593, 203319.6916922368 299715.3664407113, 203309.0531070793 299705.0445546177, 203314.6075295003 299689.1813176586, 203320.8867173889 299681.3064621787, 203330.8056612923 299669.8826829193, 203336.9940799503 299661.5640214016, 203335.1804803427 299646.3637512471, 203326.3598286168 299639.3708975597, 203314.0830019417 299631.3782683493, 203295.7114993828 299624.0491030293, 203287.1631943616 299618.3877391651, 203277.3414181186 299612.7259206936, 203269.2484613865 299605.511495762, 203263.4312980014 299593.4162785149, 203258.0681665497 299583.4292026277, 203253.4327981174 299573.2205006074, 203244.5179769208 299574.7705332888, 203232.601696671 299575.5428769252, 203218.5908816282 299583.0821927287, 203209.2181492788 299593.3968284577, 203200.3012695205 299600.8270405368, 203187.4720402826 299611.1404734638, 203169.3683279847 299617.9017988838, 203158.7254543471 299619.0075255129, 203149.0814931573 299624.8842902263, 203138.5276229125 299631.6483164539, 203131.1573336268 299638.6353515445, 203118.6925419476 299647.6176575157, 203101.0417001141 299660.370359735, 203093.9442699651 299667.5794112443, 203085.8466614908 299673.6786663783, 203079.9309485201 299683.2179990087, 203069.4686876273 299688.4288940109, 203053.9101259555 299701.0714553086, 203041.7226064982 299697.5170658167, 203026.9867274355 299698.2887306763, 203023.163928113 299705.609883665, 203008.4233275565 299720.5826635728, 202998.9602763411 299730.1208674459, 202988.2255667938 299734.3332524533, 202977.4926984054 299732.9983513541, 202963.4860228368 299729.3325210949, 202951.6586805922 299736.9839163729, 202929.7363332867 299739.8613651359, 202907.9918785642 299755.2758215617, 202895.1666575685 299754.8279119941, 202882.8887911709 299749.3876259621, 202868.423703485 299757.0382878621, 202852.1391961993 299765.4650194964, 202842.2240054398 299767.2370256747, 202829.12477022 299770.4503414461, 202817.8445678213 299774.2189742963, 202799.651499334 299777.7635810074, 202791.2801424173 299787.6351801998, 202780.0898427737 299794.9541600636, 202764.8087960731 299794.3947331892, 202755.6201449424 299800.0501672499, 202734.2441410833 299801.7078521477, 202725.3285962164 299806.6977239029, 202715.1397958372 299811.1324911393, 202704.5882988879 299811.7949971507, 202693.5820062727 299812.4573796795, 202682.6661467696 299814.8949385294, 202668.8384106985 299821.325704563, 202661.6507554094 299827.6475027915, 202649.8269599274 299824.5375334634, 202639.0015343902 299828.8612537701, 202621.9015443783 299827.6358609252, 202627.2698553923 299821.7572849373, 202636.0038661697 299815.2140191633, 202645.4665742155 299805.2316496478, 202655.8365147186 299803.3486150456, 202666.4814044908 299794.4760758425, 202671.8524262465 299779.6109018739, 202666.0381491249 299755.4229552774, 202669.6803261796 299742.665243809, 202662.9532382669 299729.2387909443, 202662.6837961796 299717.5893830361, 202659.7757785776 299708.380008525, 202648.4051954176 299710.1517985957, 202630.7578272925 299713.6969059091, 202627.4856751673 299705.3750035459, 202633.584468102 299690.1771828612, 202626.7649694997 299681.4104621609, 202613.3033223319 299679.5204705092, 202602.1177379792 299670.5306128081, 202593.2049116208 299665.8683151882, 202583.3819897276 299662.8699553238, 202570.8280183979 299667.6370455621, 202562.3677716889 299670.7411256249, 202543.7192280553 299676.2831462595, 202529.5266958165 299685.7095631258, 202521.7026158457 299690.9218333761, 202511.9675377335 299699.1291194919, 202503.5069097648 299703.7864984704, 202492.6832185482 299701.5645813486, 202484.677130371 299707.2206174335, 202473.3056372919 299712.4319533368, 202462.39132172 299708.9896419041, 202452.7524060619 299698.3362017982, 202444.1128930295 299691.8989900304, 202441.2048241749 299682.0240106658, 202429.4722008811 299677.1392201689, 202414.9213524893 299666.3735534815, 202404.9159177318 299665.3723666445, 202395.6379620091 299665.1480058878, 202381.2675115909 299659.9297401677, 202365.802631425 299665.6948614124, 202353.8867213645 299665.8026900367, 202341.3341715369 299665.5775312176, 202331.4179968894 299671.1222614205, 202317.2267046964 299676.5549573471, 202305.5832950466 299678.2161634008, 202290.1198467314 299678.6560081233, 202279.932293952 299678.4315354772, 202266.0164349259 299673.8792440416, 202252.2836194228 299664.7782350082, 202242.1882795689 299659.4503134086, 202232.8205337323 299654.4554211361, 202222.45316228 299645.5771834328, 202215.2697126954 299635.4793335093, 202201.0797610655 299635.4758598702, 202193.0760900595 299631.7017476476, 202181.4343626336 299626.2625725659, 202169.3363468292 299626.9253307917, 202160.6962444049 299621.8197427742, 202155.9684807895 299612.4991507695, 202158.7914456649 299599.2972566769, 202160.3401575109 299589.4234371713, 202154.4297673009 299580.5463471129, 202141.5123250704 299584.2044877956, 202125.3204025333 299587.3071451193, 202110.9473093967 299592.1853922775, 202099.2118862906 299598.0627894195, 202089.1148654777 299599.2808509001, 202078.6545123934 299598.2799207861, 202066.2847255338 299593.9501864981, 202054.5498897875 299597.3868307972, 202044.5429306211 299602.5990171712, 202036.8095948155 299609.6978090781, 202023.5273759283 299617.9048208331, 202014.9756656151 299623.8939884361, 202005.6964490686 299629.1063806656, 201990.6867341525 299634.0956240908, 201980.3166898672 299636.2013148424, 201966.218571355 299632.2041761479, 201952.4846697922 299626.4320029571, 201933.5655716927 299622.4338731666, 201919.4673637757 299618.6586995496, 201915.6499773635 299604.567751275, 201917.3816188519 299588.7028474049, 201918.1116243681 299577.8302990815, 201917.205213141 299562.7414569058, 201919.0278746585 299546.6546817849, 201921.4881057716 299526.6849351154, 201918.3079869672 299509.9314208195, 201914.1259487232 299499.3906680537, 201899.118871598 299491.0665507479, 201884.2023587792 299484.5176124441, 201866.3742337967 299481.7402578684, 201849.4555211938 299479.9616383754, 201833.4467683008 299476.5190464765, 201823.7141044025 299474.7419386592, 201814.0725334056 299472.2991840581, 201802.3386997339 299470.4107511809, 201790.7863244719 299470.8522342191, 201771.775778474 299467.2982105028, 201755.4940199033 299464.1885412216, 201743.9420894116 299462.3002197388, 201727.5692642624 299459.6343670167, 201711.8329390523 299458.1890700381, 201699.3716958396 299454.5254982493, 201685.001461054 299444.20483112, 201676.7256080105 299434.5509933145, 201664.5386612352 299423.0103600001, 201656.3534043809 299415.1316927198, 201639.7997307172 299405.9201568604, 201628.339566192 299399.0394338204, 201620.8819256266 299391.3828222402, 201610.5134517411 299383.6147508755, 201603.1484821342 299366.1949300071, 201595.7831308076 299350.772141992, 201588.4165236081 299342.3389525558, 201577.6856023449 299326.0280206607, 201570.319035259 299317.1510627118, 201560.8615940825 299300.6184814215, 201550.4936887582 299288.6345359492, 201543.5820023266 299279.0920031377, 201535.7612942599 299265.7771604003, 201522.8470800145 299249.1330866077, 201515.299248388 299235.5964165092, 201509.5699037227 299226.8307304627, 201502.2040753053 299212.6284269057, 201494.4737546677 299202.0872835895, 201483.9239901666 299188.4391980729, 201477.4672218627 299177.454495759, 201468.6455036116 299165.3599541417, 201462.1885563261 299155.2628301697, 201451.2748233804 299141.614724857, 201444.8183193634 299128.5220751133, 201437.8157502474 299116.9825854449, 201431.1779622599 299099.5630280975, 201426.8139502762 299084.4736986313, 201421.9040871125 299069.6061773123, 201418.0860394169 299053.2965343221, 201413.8126374236 299040.204251943, 201410.2681758148 299019.3458756966, 201408.7235136174 299007.9182111705, 201403.7228355986 298991.6083912102, 201403.7249932381 298977.7401600946, 201405.8195185224 298963.20657995, 201406.5490267132 298951.8902172378, 201407.9154701604 298939.5754415442, 201408.0080485556 298929.2574925626, 201410.0117448212 298913.9472793808, 201416.7453998192 298901.3005085548, 201418.6573807632 298890.8719002985, 201421.4790020647 298880.7762733703, 201426.1207273789 298866.1321558395, 201431.3080713309 298852.8194775066, 201432.4923784123 298842.0579200337, 201441.7731185702 298830.2991405524, 201445.1419162485 298811.9936183962, 201450.147487003 298798.0152479013, 201454.6982242053 298784.0368071296, 201459.157610828 298772.4991621288, 201462.7980806105 298762.1817906927, 201468.7132996704 298748.8692539058, 201471.7178485147 298733.3373298279, 201481.5455943084 298715.3657170722, 201487.2783269364 298705.7143749794, 201492.3747173323 298693.4002320943, 201494.9237173041 298682.4170195385, 201497.3817709353 298671.3228469882, 201499.7490623841 298659.00825642, 201504.5720645773 298649.8005581292, 201508.2127284291 298638.9284779153, 201511.6710493805 298630.4971762456, 201518.2224245381 298621.9554500958, 201523.5920438978 298608.3100228318, 201527.4145405208 298598.3255480276, 201533.0574425666 298582.6831489768, 201533.3330539621 298566.8179486238, 201534.5173502439 298557.0549210912, 201537.6130482696 298541.5230388156, 201538.9794107228 298531.0943685942, 201539.6184319663 298518.1138217823, 201541.7137372802 298500.9175845896, 201542.3534851486 298483.7210994229, 201541.9002891742 298473.9577943323, 201542.9938235119 298463.0852960846, 201546.4528336455 298451.2146913313, 201547.9111066559 298435.4606430356, 201547.0035796622 298422.5907792012, 201548.8260002201 298405.3944993177, 201549.2835921189 298389.5293348682, 201549.9236289286 298370.7796126234, 201548.1065094317 298357.0220277583, 201550.6558816903 298344.8184332305, 201552.1135112485 298332.9474890393, 201549.9322607813 298320.521190875, 201548.2971755429 298306.2089095733, 201547.4808960966 298291.6748777686, 201553.5776384295 298283.3549949896, 201553.5776384295 298283.3549949896)"
TRAIL-154,금정로 33,금정로 33-1,206804.1568743615,292775.3516749566,206941.69013793246,293513.85127233085,129.074746,35.231452,129.07626307879906,35.23810750668328,1035.1362995791694,"LINESTRING (206804.1568743615 292775.3516749566, 206801.4163643553 292788.1082781045, 206797.7610560928 292806.8552200276, 206788.8314441214 292818.3867820701, 206782.4533540275 292826.3700293499, 206762.3169953514 292851.4284982675, 206750.9249534872 292869.2821176705, 206751.2816977667 292879.1564827053, 206747.3596523273 292889.5823781763, 206740.6157124863 292900.0061711009, 206735.3260211149 292913.4265657057, 206730.5857398692 292922.5205201289, 206723.9336152924 292931.9458898291, 206719.1933551763 292941.0398504461, 206714.6342554396 292951.3543425433, 206709.4380487645 292961.557419283, 206706.6958351219 292976.8657867123, 206709.7821536927 292988.5172960834, 206714.9643363093 292997.1748496278, 206721.2354640756 293010.3819587465, 206725.5059405883 293020.9249050741, 206729.1386343083 293032.2439935331, 206722.9393375558 293044.8871061136, 206715.5584305873 293055.1995011981, 206706.9040611812 293064.2905630186, 206693.7841092455 293080.4788030675, 206686.4066289197 293086.2424814469, 206675.7505399455 293094.2226434343, 206664.0881827471 293108.9697190263, 206657.15958858 293123.2765147621, 206653.0556216171 293133.8132654704, 206658.7831994957 293143.4696948879, 206659.7733773579 293158.558940472, 206668.0510638569 293166.3311906363, 206678.0575817055 293174.9922852834, 206684.878078339 293183.7619795609, 206678.7696451097 293196.8489720336, 206676.4892387879 293203.2820963926, 206682.8502385488 293217.9315343008, 206697.2275698518 293224.3769835672, 206698.5857233563 293234.1411486313, 206706.4121294496 293236.5877412183, 206697.5778638323 293243.0160008404, 206692.6524556548 293256.5476415941, 206698.2897097772 293265.0945812865, 206700.6509441695 293272.4187007492, 206713.0336107149 293268.1010331848, 206723.8694336324 293263.0056169351, 206736.6101907485 293266.7872324858, 206747.2614932897 293265.0200565322, 206757.6370695654 293266.8029267863, 206774.5642279347 293271.5862313892, 206789.1216262642 293280.4727525387, 206795.9436036081 293287.0236335599, 206807.4987133561 293293.799972994, 206818.1503328544 293291.5891007753, 206829.9826030529 293292.9293730754, 206836.722075008 293288.1638327051, 206848.0067668585 293291.3897794676, 206854.2808600547 293300.1591897341, 206861.2810360086 293311.7027806805, 206866.2794893525 293322.1354065219, 206871.5491500729 293335.0090316531, 206884.1027098401 293345.3364691331, 206891.6481986057 293357.8790049619, 206900.5610651831 293367.7599107649, 206895.1825837949 293378.2955829128, 206895.0827581803 293389.8337885313, 206906.9078523865 293400.3825931618, 206918.9227797096 293400.7246168411, 206930.664123474 293401.7321168481, 206927.1956003709 293414.2662455577, 206924.7274141675 293428.0215373657, 206919.6175100699 293444.4374881021, 206918.6045310368 293459.7471266893, 206927.6107566851 293466.4107264995, 206924.6894221801 293477.613936302, 206925.1321289026 293493.8122505212, 206938.2273720182 293509.5764881727, 206941.69013793246 293513.85127233085)"
TRAIL-155,금정로 33,금정로 33-2,206941.69013793246,293513.85127233085,206877.4123727409,293621.6176658447,129.07626307879906,35.23810750668328,129.07555780919628,35.23907929886326,1035.136299579156,"LINESTRING (206941.69013793246 293513.85127233085, 206946.3207462643 293519.5677578312, 206935.9399633388 293524.9960932408, 206922.1044898021 293524.9854872356, 206906.1703198463 293531.7409461619, 206881.9592730086 293530.3911395452, 206869.2143108212 293532.711290686, 206858.5668350968 293529.8186341933, 206845.7292589066 293534.246703925, 206828.3383805496 293541.5559220384, 206817.7779081955 293543.988741248, 206802.0284834628 293547.3052267568, 206780.0005087871 293547.9543469897, 206765.5279954682 293547.8325577106, 206759.3383743668 293547.9388719479, 206759.3383743668 293547.9388719479, 206739.6729389141 293554.0261644754, 206733.5786427562 293548.3634253342, 206719.5595106733 293550.5718932495, 206705.3580934382 293553.1130827925, 206697.1706659132 293546.8940905332, 206684.6168455875 293537.0106893624, 206669.4222716298 293528.5676423877, 206662.0550660699 293520.9070020844, 206651.1334622835 293519.3457285198, 206635.8402296402 293521.2205537045, 206620.3680455324 293518.8793624652, 206612.9973814671 293515.8784511186, 206602.2592678369 293512.3203603525, 206583.7884728329 293502.8765602113, 206570.0446344539 293501.9789996897, 206553.5732378982 293496.752626042, 206544.8384716062 293491.9756611337, 206535.1001946559 293490.3044398208, 206522.9917077409 293493.6240443388, 206509.6976918658 293500.0492719105, 206494.2209754967 293503.9212149823, 206484.2004007442 293515.119468713, 206470.5388581055 293526.426071569, 206464.0696517657 293535.6298803082, 206456.0538660533 293543.7231386695, 206450.6805205724 293547.9352135097, 206459.6869227753 293554.7092925564, 206471.0615638942 293559.1552301167, 206484.531381816 293561.27283917, 206498.0050218929 293558.0651093673, 206502.272544885 293572.7129230987, 206507.6368736177 293581.0376615499, 206516.2804710721 293585.9254705994, 206530.2994178242 293583.8276324183, 206536.0261983096 293594.3715506344, 206545.1284934115 293594.2671922177, 206549.2162904787 293605.5865476304, 206561.7811168019 293600.3812435254, 206578.3482671718 293598.8400553427, 206590.3643982053 293597.184633038, 206600.4672053972 293598.0795653112, 206613.5747953075 293597.5344214002, 206625.1351734007 293596.7662722007, 206641.1439810583 293611.866546797, 206655.4324702009 293614.5397377579, 206668.0830474759 293616.5460725487, 206679.6425861439 293616.8874429604, 206699.6575409214 293630.2156625872, 206712.672173642 293632.2223297611, 206728.320319835 293642.4409097329, 206742.4261125326 293645.8907178967, 206752.528601934 293647.1186552865, 206761.7213705289 293647.6802530241, 206775.6501725719 293644.3623322135, 206792.4904280518 293642.7107962142, 206804.1388626021 293645.8260191883, 206819.7969274737 293642.7313584361, 206838.5467189148 293643.6330855586, 206851.3857342411 293637.0970502565, 206864.2247681586 293630.5610332265, 206874.2433245014 293622.4696581309, 206877.4123727409 293621.6176658447)"
TRAIL-156,금정로 33,금정로 33-3,206877.4123727409,293621.6176658447,207026.41180175057,293819.65924303094,129.07555780919628,35.23907929886326,129.0771964624732,35.24086330751417,1035.136299579162,"LINESTRING (206877.4123727409 293621.6176658447, 206884.5309084051 293619.7038617569, 206896.3618928117 293622.1536721897, 206906.7420317984 293617.3909606924, 206923.1319261469 293609.6373458107, 206934.5133361896 293604.8754332079, 206947.7141768089 293601.4462739483, 206960.3680404304 293599.1261632799, 206973.2067794026 293593.1450261622, 206984.1357831609 293584.9435303964, 206993.6960380297 293581.1787908061, 207005.8987001063 293573.8658674135, 207022.1917027788 293573.8785107768, 207032.0202189021 293576.3269430582, 207047.2202571642 293577.2263417242, 207058.5977882522 293577.5680547745, 207070.4368522399 293569.7002092178, 207086.0952281194 293566.4950648141, 207098.2080951567 293557.739909915, 207108.7671443477 293557.1934829172, 207119.879146613 293547.9937898001, 207128.4381606165 293544.3393491377, 207138.8227176811 293534.251545343, 207149.2927924047 293531.1533592408, 207157.041062118 293516.8475799245, 207170.7928310115 293507.6500402788, 207180.0818509887 293501.7773268624, 207184.7327589933 293490.7974631671, 207193.2951202093 293483.0381201369, 207205.7665476316 293481.4948229981, 207213.4080774985 293487.0481700831, 207222.5963715335 293493.3793748204, 207230.3254430519 293503.2596630999, 207242.05808638 293514.9182857634, 207248.7891587241 293520.692823836, 207259.7963356848 293528.9115915681, 207264.1559797636 293540.675269754, 207263.0489086334 293559.0912592433, 207263.8563422214 293573.7366557156, 207270.492675558 293584.0598819424, 207284.592542499 293594.7219604818, 207294.2262075449 293612.9247203851, 207301.0439833606 293623.9137866368, 207304.587111393 293632.237529538, 207294.5624490218 293647.4289082768, 207301.4636913781 293667.7374291306, 207303.1845820665 293678.278601748, 207301.6290637077 293688.3733471183, 207308.4481189886 293697.6982451711, 207309.3500757677 293707.9059220611, 207305.3370804908 293717.8877351089, 207295.9643442446 293714.8846470528, 207287.0393718989 293720.9794265715, 207288.575811876 293734.5159658422, 207286.1094867878 293745.386595839, 207274.0905658729 293750.5913339742, 207277.0863843928 293760.3569134303, 207271.7103736245 293767.5640174253, 207274.9739811464 293783.8755724122, 207266.772970803 293795.2963197124, 207257.6675718273 293799.5049170224, 207240.8264547894 293802.4869266665, 207235.5527091041 293795.7150523168, 207222.4503318292 293790.0463727086, 207211.4372432196 293789.5937983334, 207206.4302480504 293790.6992555916, 207194.865120982 293797.6795825212, 207184.2133869868 293800.6666268733, 207174.2943118695 293797.9960655304, 207161.3747311987 293791.3291138018, 207150.6311029845 293795.4255758078, 207139.9820104443 293795.084321571, 207123.1453839095 293792.4083542814, 207112.5852116026 293794.7298846009, 207099.6596547077 293795.6072826806, 207092.382571519 293789.8324245539, 207084.2762092665 293796.9265527076, 207073.5340989661 293799.1370409379, 207063.6135157177 293798.3526665049, 207053.1438664048 293801.3400075361, 207047.6755680832 293810.4332392878, 207039.3015571493 293810.6486034497, 207028.3725166249 293819.1828700061, 207026.41180175057 293819.65924303094)"
TRAIL-157,금정로 33,금정로 33-4,207026.41180175057,293819.65924303094,206980.26215907265,294187.05097351334,129.0771964624732,35.24086330751417,129.07669255230434,35.24417510243177,1035.1362995791562,"LINESTRING (207026.41180175057 293819.65924303094, 207018.358433237 293821.6158801583, 207005.9774093712 293824.6017917728, 206995.1449325795 293826.0356874426, 206986.3148092464 293827.5820887718, 206976.6716770482 293821.1398244601, 206963.8376188513 293821.4627618715, 206955.3685875795 293826.8925498645, 206945.6291266263 293827.3288402547, 206933.0669463461 293829.2052615662, 206925.9543098145 293846.2853525324, 206916.1211348653 293850.27184589, 206897.8146842901 293865.3463886549, 206877.6884159186 293879.7539130587, 206864.8501470034 293885.7351876945, 206856.1951572858 293896.4902924307, 206850.6362638455 293905.3616851707, 206840.7099841647 293912.2327627986, 206830.5153585463 293912.8907227726, 206820.684559004 293913.8818041192, 206813.0338667613 293920.6436847152, 206809.1992883588 293936.2840546029, 206800.3670509401 293940.8261538186, 206797.3530880216 293954.5810797993, 206798.1647438528 293964.5667501566, 206797.4283353571 293975.5497622649, 206786.8680448652 293978.4263985878, 206777.3031380002 293989.0699515645, 206767.3762583059 293996.939615847, 206773.739791613 294007.2622789747, 206766.9947405718 294020.2378046958, 206764.1598175983 294038.0978467513, 206760.9649857216 294050.4103646842, 206760.5927819061 294061.2827084344, 206766.6855513734 294068.4987015677, 206773.4144343866 294077.046517191, 206767.673116852 294086.694442098, 206767.753582288 294100.7845339821, 206762.9201306276 294113.5396058836, 206754.4520741153 294118.1929684113, 206754.9874775455 294132.5052911137, 206746.7880201883 294143.1498991335, 206748.8678972601 294161.2355099864, 206751.4001119471 294182.9826495338, 206758.4928224231 294191.7526177825, 206752.7515933468 294201.400553688, 206745.628656884 294233.1255470156, 206752.356690631 294242.6718550533, 206751.7122038911 294252.5454923868, 206752.4287219003 294268.0783498897, 206760.2481586022 294278.6239864215, 206762.2416109291 294290.4966103087, 206764.6906313894 294301.70390489, 206765.1382312633 294311.6893049208, 206771.2299132136 294320.1257002391, 206772.1342414916 294327.8925397598, 206778.8605118679 294339.6577712153, 206790.3260228607 294342.7728444174, 206803.1600857763 294341.4511554955, 206804.9892344674 294329.6923445448, 206809.6349159659 294324.4814211931, 206821.1951353562 294322.7150173319, 206825.1927483933 294332.0374302024, 206838.4799743682 294333.2678726667, 206847.5774100033 294338.6001302045, 206858.320676077 294333.9485802838, 206863.6966952601 294325.8536644777, 206875.8989235298 294317.6529982896, 206881.0954726987 294306.229601329, 206884.8380756373 294291.8095801468, 206898.3194094851 294277.2860446921, 206907.7049230417 294262.9812880753, 206914.3540571289 294256.4406086007, 206936.4748226836 294251.2431386319, 206941.7630986683 294239.0432317179, 206943.4087116456 294229.5032123013, 206958.3411049674 294221.9704272314, 206966.3572548888 294213.2119358439, 206973.9169703901 294206.2282218786, 206978.6599118483 294193.1403551431, 206980.26215907265 294187.05097351334)"
TRAIL-158,금정로 33,금정로 33-5,206980.26215907265,294187.05097351334,207119.55218810393,294277.48094041675,129.07669255230434,35.24417510243177,129.07822372159032,35.24498921004979,1035.1362995791994,"LINESTRING (206980.26215907265 294187.05097351334, 206982.9502718532 294176.8347320145, 206995.9702390875 294170.853763982, 207011.8986166503 294170.2004381317, 207015.9130693452 294157.6667520077, 207026.7442032352 294157.453277032, 207035.4883500935 294149.0282490527, 207051.1446716289 294147.1543838779, 207057.3395179572 294139.8368398286, 207067.1727011875 294135.5176635526, 207076.7299765784 294134.8594717446, 207086.3803580424 294131.5386795343, 207090.9385078215 294122.2228627238, 207104.3271411341 294110.5841378944, 207121.5331055406 294105.8270392119, 207130.6390955688 294100.3979076086, 207141.2932642218 294093.8605570457, 207148.3066728413 294087.4312836765, 207149.3169898713 294075.8937883493, 207159.424305645 294070.3545329454, 207161.5262330464 294059.5945200478, 207166.3555256565 294052.830694986, 207176.008758735 294046.0707016876, 207191.6719981154 294035.7652550702, 207198.7763286513 294029.5579838501, 207207.9785035576 294017.8051346288, 207214.3556014017 294010.4878444716, 207221.3713429162 294001.28500197, 207229.2058183466 293992.6375455211, 207237.5853519758 293985.3218739458, 207244.2352847699 293978.3376589915, 207251.3401416137 293971.5757042283, 207253.3548333564 293956.2668939449, 207252.6343420793 293946.7250353003, 207258.467017901 293937.4103278136, 207271.3994397583 293927.7684982717, 207282.2414939935 293914.3528687698, 207296.1584346765 293925.4586049681, 207308.1731887404 293925.1354771782, 207315.735205467 293915.9331504623, 207328.6597123795 293916.1655119316, 207338.3945027486 293921.3878316721, 207348.2224656391 293923.9475548497, 207351.8541942384 293935.0450204669, 207356.7594520401 293947.0310853224, 207358.2982773477 293957.4611797834, 207363.2062260726 293966.1188969641, 207366.8394565822 293975.3303034225, 207379.3922851468 293984.7708804792, 207362.8143132868 294000.2896776273, 207343.3289634837 294009.4822699091, 207334.6766728099 294016.3538419477, 207324.2971243587 294020.6722841897, 207317.7377292178 294028.2112397352, 207311.5374791325 294041.8524732129, 207301.9853765579 294035.9646579718, 207293.963998171 294050.6029385827, 207292.2266969606 294060.4756540052, 207284.6627677953 294072.2297387484, 207278.7408320336 294079.4364014422, 207269.811500395 294091.4112895329, 207259.063544954 294101.2767678313, 207247.136574168 294105.9268915239, 207247.4913888223 294117.4654714155, 207245.6629563227 294127.5600138379, 207232.9156332921 294133.76273079, 207220.0803248524 294136.1932603061, 207219.161560938 294146.9542060252, 207221.8822172965 294159.2712918791, 207212.4122543253 294164.589096357, 207202.4951788537 294159.9214904564, 207193.2088504169 294163.2424486094, 207195.9323641429 294172.0092841483, 207193.6483890128 294182.7691459657, 207180.0787725648 294193.0762540275, 207171.1434328352 294212.9283427483, 207161.4895899463 294220.6868484787, 207160.208071807 294229.8942815858, 207149.0924760144 294244.6411880627, 207139.7015644204 294265.2695649041, 207128.1419960051 294266.0370554592, 207119.55218810393 294277.48094041675)"
TRAIL-159,금정로 33,금정로 33-6,207119.55218810393,294277.48094041675,206338.62846131696,294666.28374519723,129.07822372159032,35.24498921004979,129.06964658348113,35.24849891016523,1035.1362995791574,"LINESTRING (207119.55218810393 294277.48094041675, 207119.4864433144 294277.5685297804, 207119.7513598684 294287.8866395105, 207119.3762858609 294301.8654359502, 207111.9059807095 294310.8461128467, 207102.1580520322 294322.7095802628, 207096.2376453346 294328.3631332015, 207089.0427790416 294334.3485256908, 207082.3025607271 294340.8890061614, 207070.3766049569 294344.7627483692, 207058.4515260489 294347.5270551868, 207041.9790127779 294346.0719159452, 207028.8704099429 294349.2791202718, 207017.5844331458 294349.4922389867, 207011.037583207 294341.4991042088, 206999.0265736548 294337.71765721, 206979.4636471204 294330.9348704321, 206972.372373192 294320.7224400318, 206962.9939123232 294325.8186866765, 206962.3480898051 294337.1345969893, 206949.5938341441 294352.9899395397, 206949.6769133746 294363.307905154, 206941.930546072 294376.5044274942, 206932.1872522252 294382.7098779277, 206917.1626880988 294392.1287049386, 206903.053635079 294394.5587096744, 206893.1372457905 294389.1148256922, 206881.5761676404 294392.1015338963, 206876.2905102741 294401.0840700532, 206864.911733898 294403.7381027564, 206853.9844155649 294411.1631351784, 206842.518341087 294408.9355416948, 206831.4070067384 294419.0231465536, 206818.3910220742 294420.3446579961, 206814.1072645129 294428.4404252806, 206807.0054338809 294432.0962638156, 206791.9861695659 294434.7476466565, 206778.4188049781 294443.1692932789, 206772.1321313804 294452.1511398893, 206764.4956340144 294440.607120228, 206751.117791117 294439.0438827563, 206745.0297319648 294425.8368590815, 206732.7394828755 294430.3764459934, 206721.4525423653 294432.032221038, 206712.1664239524 294435.6865095395, 206695.5028647413 294446.5467752427, 206682.6681466392 294448.9780682962, 206673.1110691918 294449.8585668793, 206662.7326631633 294453.7339899853, 206654.1782933778 294452.5072894233, 206649.0776183927 294457.8289037209, 206643.8765549825 294475.9091439351, 206636.4973909401 294485.5559529464, 206632.3042703409 294494.4284896964, 206625.1006521389 294512.9510527272, 206619.9949075411 294525.2622275511, 206613.7086109466 294534.0222948829, 206601.1427004981 294542.4449412943, 206592.4914039359 294549.4281728631, 206584.8416620525 294555.8574165745, 206571.3677022682 294561.5058127622, 206561.0787888357 294567.7112672539, 206549.7930972099 294567.9249698738, 206534.2291843071 294569.023153385, 206522.3983019911 294568.0160987437, 206520.0310204399 294569.3457326763, 206513.1198414417 294561.3526937722, 206503.2925774473 294558.4610402344, 206492.6469124662 294554.5703025107, 206481.7230277341 294557.8908157555, 206472.1586949456 294569.0894252009, 206460.2342553276 294571.6326314001, 206448.1260560867 294576.6165166408, 206438.3830807559 294583.1553359902, 206426.8206662257 294588.5834195381, 206410.2526800295 294593.8970201533, 206402.7808843927 294606.3175854077, 206392.854223263 294615.2971183938, 206380.1055901888 294625.1622309661, 206372.2747445788 294630.5930201431, 206362.7120306555 294639.7947335496, 206352.9714475297 294643.1162358978, 206344.5009823097 294652.2077915119, 206338.62846131696 294666.28374519723)"
TRAIL-160,금정로 33,금정로 33-7,206338.62846131696,294666.28374519723,206930.991613758,294991.4240364565,129.06964658348113,35.24849891016523,129.07615799377348,35.25142562664692,1035.1362995791508,"LINESTRING (206338.62846131696 294666.28374519723, 206338.3929390793 294666.8482727848, 206325.0093787759 294673.8284425913, 206314.6312248141 294677.926156551, 206306.525339969 294686.352331591, 206297.0589436045 294688.1208526445, 206288.8617643689 294696.9907608517, 206282.8454695143 294710.7437824996, 206274.4641458424 294722.7200421583, 206273.6363438679 294735.2562775328, 206278.2706405208 294745.6883477102, 206281.901651724 294759.2261892186, 206278.2542969094 294769.2087246496, 206277.8821613891 294780.8577152957, 206276.0537884901 294792.6166397213, 206273.4084876497 294801.2685308623, 206264.847625211 294809.8053738699, 206264.8385475604 294822.8969055673, 206257.370444586 294830.5469517481, 206257.0889636993 294842.7507332489, 206258.3554894917 294853.7351894573, 206264.2634120396 294864.8338081753, 206274.1777296179 294873.0506358807, 206280.5407429478 294884.0386364286, 206287.3573190471 294897.1349170655, 206297.6346105625 294906.7943119189, 206304.6393558717 294911.0151169227, 206312.1013866956 294912.0188344848, 206322.5642238639 294916.5749058727, 206330.2053118583 294921.7946834476, 206343.9467020605 294923.1356649898, 206368.1596465487 294916.6069290898, 206374.8919513136 294919.9400346214, 206390.3647804168 294918.0648961736, 206397.9141122395 294924.2831735358, 206410.2022615514 294921.518252311, 206420.9423225114 294920.0835905355, 206438.96151017 294920.8730315629, 206447.6145498669 294910.7831841669, 206461.6292837915 294911.6807587233, 206471.5459138481 294916.3475574261, 206479.5571576851 294912.9139964041, 206490.9331066098 294913.1440527615, 206508.9496646193 294917.5948250429, 206515.2244727989 294924.256063514, 206525.2371984785 294921.8224938529, 206537.342248968 294920.6108468929, 206553.7202900825 294925.5043041784, 206563.7332666489 294922.7379415493, 206574.7456506465 294922.3021677705, 206584.2993887854 294925.3046474245, 206598.3183814902 294920.3223382418, 206611.1532193286 294916.7814726433, 206608.8705321764 294926.9867668304, 206621.7957229589 294924.3335445384, 206623.9736696942 294932.8779265141, 206634.8978059265 294928.6700223296, 206651.0961312326 294930.3461116346, 206663.0209702185 294926.6937045146, 206670.4793447175 294932.5793072525, 206683.8578656532 294932.2563590309, 206703.2424664651 294932.603556439, 206698.3204306882 294942.8068706021, 206699.8613234825 294951.2398537089, 206697.8447430232 294970.6537811846, 206701.6611657061 294978.644671138, 206716.3061466672 294988.5296760926, 206727.4979960192 294991.4225803881, 206742.2367511055 294997.5355579769, 206752.3399678521 294995.7679789966, 206763.0798296914 294994.5556142709, 206776.3679201464 294993.3451732705, 206793.0198092816 294996.7969822217, 206808.2149726355 295001.0243410025, 206821.3173580055 295004.6954186126, 206831.7862083093 295000.8202441365, 206842.8010317388 294997.0564405864, 206856.0868562105 294998.8416377433, 206873.8323201734 295000.297410613, 206883.7504161201 295002.6348132018, 206896.1325810827 294995.987539176, 206912.0609396922 294993.4479700526, 206922.4374739299 294991.347954479, 206930.991613758 294991.4240364565)"
TRAIL-161,금정로 33,금정로 33-8,206930.991613758,294991.4240364565,207498.9783088407,294683.83191834396,129.07615799377348,35.25142562664692,129.08239624197398,35.24864907112743,1035.1362995791928,"LINESTRING (206930.991613758 294991.4240364565, 206936.0886012476 294991.4693699319, 206954.295256323 294984.9375944371, 206961.8547461514 294977.3991372619, 206979.6011784952 294977.634720408, 206986.4334013423 294969.0972144591, 206996.1768747493 294961.8933110738, 207006.0022524907 294966.4496815513, 207015.2852749998 294966.2349944576, 207023.0272794809 294958.1420038411, 207036.4100103295 294952.3832622233, 207050.3371644932 294948.7329256023, 207061.1746349112 294939.200095286, 207076.0175540255 294928.3390709347, 207089.761089676 294926.7966115602, 207101.9677722643 294912.1614221828, 207112.5248027803 294912.1697269941, 207121.629888905 294906.8515262754, 207133.5541621101 294904.1982468647, 207147.9323496415 294905.7628447757, 207159.9478169121 294902.8877817797, 207174.0575561851 294898.6830541678, 207186.9829552501 294896.0306402441, 207196.7180069844 294899.6995836756, 207206.5417589195 294906.2531856057, 207214.1798660885 294914.580177291, 207231.1010320591 294922.6927101499, 207242.1092703003 294927.4721746866, 207248.9258454662 294938.7940603099, 207260.7537559477 294942.7975884533, 207269.6669724347 294949.7943090989, 207284.7758159843 294948.0313544554, 207298.4244956654 294951.2597833289, 207309.1635876092 294951.1575198129, 207319.6264184602 294955.0490756406, 207328.3686297356 294948.3994452949, 207346.4789648417 294948.8579347328, 207357.8579209572 294945.3169454534, 207365.5898491446 294949.9829478781, 207380.7781185188 294962.4212157703, 207393.0598922811 294967.7566318019, 207400.698230152 294975.5290561924, 207410.3383706551 294983.746910066, 207418.6165609281 294988.0805704697, 207428.8025375429 294996.5207831005, 207440.6293795027 295001.6339995849, 207449.0869019489 295009.1852495547, 207459.3674982903 295013.1877629149, 207468.8293819404 295016.7458299244, 207481.3856152507 295020.1955234877, 207492.3964551461 295021.5359919733, 207502.7714351591 295021.4336568229, 207514.2448760732 295013.6770210675, 207521.3517102075 295003.8088028006, 207527.0044643083 294991.4985820114, 207528.2937392012 294973.304627019, 207530.5786560995 294961.6572750164, 207529.0411289887 294950.1176828017, 207526.2353921704 294931.4765357834, 207531.5261972857 294916.7252211404, 207536.8123920486 294907.5211704121, 207545.2830797249 294899.3182893995, 207555.5779544294 294886.3462944583, 207564.413087468 294877.6999551974, 207560.962814067 294868.0448274739, 207563.7937631091 294856.5088877823, 207564.2623717794 294840.3112693503, 207562.1814082021 294825.6647508513, 207556.6374216263 294816.5625997815, 207558.4665288638 294805.9133835977, 207555.9304972371 294791.2664866514, 207554.4875080316 294775.5110519415, 207546.4005672485 294759.9719567253, 207539.6745911205 294749.4265415413, 207529.1290185432 294735.438644806, 207518.3054879617 294727.3306280914, 207504.4824506773 294714.5604319401, 207501.4883027398 294703.4634201597, 207500.5886001 294690.9258597428, 207498.9783088407 294683.83191834396)"
TRAIL-162,금정로 33,금정로 33-9,207498.9783088407,294683.83191834396,207114.03740090306,294333.90679690643,129.08239624197398,35.24864907112743,129.0781636178103,35.24549784144599,1035.1362995791405,"LINESTRING (207498.9783088407 294683.83191834396, 207498.3216085831 294680.938905594, 207495.2392835064 294666.4025206495, 207487.0615908159 294650.308680071, 207479.968937129 294642.7585291429, 207464.5942087468 294635.2015379641, 207465.6947824804 294624.9954851808, 207458.0549209884 294618.7762425708, 207458.2493076182 294603.7987960768, 207465.1768520794 294590.9348697126, 207469.2819357702 294579.3999580319, 207475.1153468652 294568.9759303408, 207488.233629178 294553.8982412313, 207498.8880763813 294546.6956373915, 207507.9043129889 294539.4916848021, 207515.5555577787 294532.0647153657, 207518.1099140547 294524.8554007044, 207520.5762163934 294514.0957664164, 207523.2259361626 294501.6721073624, 207523.1431441221 294491.7979138822, 207519.2412123665 294477.8155686509, 207516.7920681756 294467.9394067668, 207519.3508748915 294455.4047265699, 207522.9975107998 294448.0853778458, 207514.907360694 294435.9856180861, 207513.5507347125 294425.6665855641, 207504.6355295699 294420.6666426737, 207491.808556918 294413.4445604861, 207486.0834120889 294402.9000212811, 207475.5262447272 294402.3365553239, 207465.9737137185 294397.558014038, 207456.6971446361 294389.2294642255, 207445.6805921725 294393.8800785125, 207439.5790844945 294398.2019158764, 207429.9274884371 294403.186508866, 207414.5471211505 294401.9534784252, 207402.8974164627 294401.8329817378, 207393.7072689991 294399.0518274224, 207384.6927066508 294404.1479351333, 207372.1301490131 294407.3550881364, 207359.3874699581 294408.2322626973, 207344.0980257394 294407.1103714091, 207331.2653253264 294406.7671152677, 207316.3374160028 294408.7520298556, 207297.4023913369 294413.8401977315, 207282.7431615123 294421.2616995486, 207271.9156405184 294417.3698975721, 207256.085196057 294409.9238435504, 207244.1585447148 294414.6849177855, 207233.3254931168 294417.6717599416, 207221.9456563278 294421.5457396456, 207206.38087617 294423.3084364326, 207197.0936678984 294428.0716781334, 207188.1748488201 294427.3989077032, 207169.971302944 294428.382952069, 207159.2325585356 294427.2649855348, 207156.4059476139 294433.8085131538, 207148.6632878075 294442.0123291676, 207139.0081306305 294451.7678735131, 207121.446280742 294446.9833721413, 207111.5272860123 294445.0894919329, 207101.6965977232 294446.6349931817, 207092.5021369083 294449.2904564692, 207083.4961444154 294443.7361321629, 207075.7685021115 294432.8574484149, 207062.0284664745 294428.9636178661, 207052.6498071973 294434.3926075701, 207038.0864061559 294435.9344853829, 207024.7080852501 294435.0365135801, 207014.6966656514 294434.9177910306, 207005.4174839141 294429.4742779304, 207006.9686749902 294424.3720017809, 207013.9832821349 294415.9456093021, 207019.9969211103 294407.2965542839, 207017.9126471275 294395.645690472, 207012.5492734887 294387.3206376202, 207022.1980686464 294385.6639528682, 207032.6659951869 294384.0079158811, 207042.4067629505 294381.1309272295, 207052.4230041696 294375.1476988622, 207059.9010849145 294356.0709665781, 207068.0982895038 294348.5331021904, 207080.4788776637 294345.2144390907, 207093.1327800943 294341.5631719388, 207105.6978591322 294335.1382231409, 207114.03740090306 294333.90679690643)"
TRAIL-163,금정로 33,금정로 33-10,207114.03740090306,294333.90679690643,207542.42101084557,294592.9262868562,129.0781636178103,35.24549784144599,129.0828727414941,35.24782937135046,1035.1362995791724,"LINESTRING (207114.03740090306 294333.90679690643, 207119.8978125881 294333.0414418435, 207126.0943375595 294323.5050408005, 207140.4849351283 294310.5358147068, 207153.7811973515 294300.3393746829, 207163.4310790129 294297.4624445932, 207171.7198785969 294289.3700212679, 207184.0979400873 294289.3798533851, 207201.1263504783 294278.6317251151, 207211.4133775605 294275.7553540202, 207221.5151887848 294276.8728728753, 207231.7117418159 294273.3307815311, 207239.4551545134 294264.4613677805, 207257.4841357489 294254.6017088415, 207275.6822354606 294260.8292719921, 207288.0556834564 294266.6083917452, 207298.9794119925 294264.2873596778, 207308.9939788881 294260.7452085041, 207320.27809705 294262.9732458217, 207325.9289683739 294253.2146498392, 207340.0361043542 294253.5589328636, 207353.2296536001 294258.1184111089, 207366.8961747716 294240.7111497282, 207377.4571604119 294236.8366843724, 207387.1956579061 294237.0665303388, 207398.8494811452 294232.4163671871, 207404.3186065804 294222.4357812714, 207415.5129171181 294223.2215765113, 207422.9851460013 294212.355084564, 207430.4455337344 294215.9114611766, 207441.6445095923 294211.0390889153, 207453.8400064985 294211.8257561072, 207469.4932815567 294213.6138037171, 207478.7858122582 294202.8598078296, 207481.9836821603 294187.9958023421, 207499.6493846275 294177.6925452147, 207510.8405152613 294182.3615365735, 207527.4920515392 294187.7007595952, 207541.6917805031 294186.2703115769, 207548.4212338502 294193.1545306352, 207552.2358449254 294202.8099476387, 207564.5117725616 294216.2445811595, 207565.6831829356 294230.3355991091, 207558.0283944997 294241.6456017705, 207551.7378383023 294254.1771479929, 207550.3664874829 294261.4983840316, 207551.7233748536 294271.4845842653, 207554.2620661647 294283.1359505022, 207554.1639095673 294291.678647763, 207552.6096049715 294300.1091828015, 207542.4976735077 294311.1952559074, 207546.0368799503 294323.6240720232, 207547.3899633448 294338.1590223095, 207545.9208508238 294353.5791775529, 207536.2704436299 294357.0104251256, 207534.7132989969 294368.8802627796, 207529.0630133188 294377.751169149, 207526.0507640111 294388.2884539251, 207528.1348469794 294399.3847102134, 207511.0045618369 294423.0017838099, 207528.1160838555 294421.9065713041, 207528.1009254004 294440.1015729365, 207533.5516619731 294452.1991437201, 207537.458024973 294460.8561280225, 207551.2018883602 294459.8690960418, 207566.673709834 294460.4367647706, 207572.8551854484 294469.3175604433, 207581.3967570008 294485.6336700281, 207585.8444812292 294499.8383911436, 207588.0159371777 294515.1506552155, 207597.4679381879 294531.0237649711, 207600.1906680502 294540.1235634257, 207595.5426816843 294547.6639307317, 207583.703878515 294556.1967694731, 207574.2338378873 294561.8470330526, 207564.7650166092 294566.0550195733, 207555.558294166 294583.3547727795, 207542.42101084557 294592.9262868562)"
TRAIL-164,금정로 33,금정로 33-11,207542.42101084557,294592.9262868562,208170.8982212284,294476.1624335598,129.0828727414941,35.24782937135046,129.089777,35.246772,1035.1362995791565,"LINESTRING (207542.42101084557 294592.9262868562, 207541.2606742441 294593.7716806749, 207536.7878479987 294609.6331176627, 207547.0600574963 294624.1755182449, 207558.8906623163 294625.294860064, 207573.2747082541 294620.3143689055, 207585.6555772788 294616.4416711057, 207599.9351092018 294627.5481947794, 207604.386748724 294636.9822860054, 207604.7390298541 294650.9616835581, 207605.0936443705 294662.1674521399, 207598.2600448433 294671.3701586732, 207603.0768295548 294679.4732139663, 207612.8105448784 294684.8067820558, 207612.0739497698 294694.9021796113, 207624.9008945577 294701.5697104932, 207633.9019861404 294712.2280557411, 207652.2905115603 294707.1401289708, 207653.7607839961 294690.4995857392, 207661.1389879313 294683.0725066419, 207666.4292162408 294669.4307275816, 207679.1736323357 294666.1131924419, 207685.9917464127 294675.2165004838, 207690.436851238 294692.1949069516, 207697.9838730741 294700.3003375874, 207705.0959787565 294684.7740637292, 207706.8350329609 294673.2372403344, 207707.4809135269 294662.9198826697, 207708.4916934245 294651.6043292499, 207703.5853954286 294641.8369628361, 207703.4129256248 294630.6313457088, 207702.8793399977 294615.9861183126, 207691.4254428992 294600.0002460384, 207699.2579612596 294593.5720927115, 207711.6434663452 294584.3741998775, 207720.8408173472 294578.3910112325, 207723.5776337459 294570.8490739721, 207736.409327668 294572.0804490182, 207747.0572934869 294572.6442983095, 207764.4436009608 294569.2199193158, 207778.9120811443 294572.1169399729, 207789.923615412 294573.2358789954, 207802.2992776536 294575.576406916, 207818.4049963094 294579.5843572197, 207829.6879190825 294582.589648718, 207843.0616108089 294588.4813452645, 207857.0710191811 294595.9268479235, 207868.3536189563 294599.2650233245, 207878.5431956059 294603.6007669679, 207890.2813221933 294606.3846407922, 207901.3824549585 294609.0570275888, 207918.0369613212 294609.848223589, 207929.1407104117 294609.5251250438, 207938.8728474798 294616.5232215393, 207950.519829412 294619.4180389356, 207966.082268354 294620.0974174546, 207976.9145383312 294617.9990142322, 207988.930654506 294615.1250538456, 208001.4920639015 294613.1391543335, 208014.9634013464 294611.3759698816, 208035.2546217289 294616.3865283347, 208052.729594631 294615.6254687588, 208062.4721233801 294610.8635107749, 208071.1279692561 294599.9986035426, 208073.1353888345 294594.2312437093, 208075.3306853391 294581.9182824149, 208079.2530400108 294572.0476614301, 208080.5412021302 294556.4055332845, 208080.28086394 294542.2043089784, 208089.5764683951 294528.4554161018, 208092.7734415868 294515.5886307745, 208092.6069164089 294498.2810242789, 208094.3483889369 294484.6363199704, 208102.9154695373 294471.4415153788, 208120.6628714532 294471.679337993, 208137.2292971769 294469.4753367136, 208149.6051129782 294471.7053947108, 208160.8877609224 294475.0439346822, 208170.8982212284 294476.1624335598)"
TRAIL-165,금정로 34,금정로 34-1,203798.6472257419,294842.3811320033,203924.55060505553,294247.9446963187,129.041739,35.250099,129.0431195714394,35.24474058386877,846.5833151491378,"LINESTRING (203798.6472257419 294842.3811320033, 203815.2129776904 294837.6174689136, 203817.4020361905 294826.1910390414, 203820.8647685655 294815.8746002974, 203828.9661465354 294812.3277840005, 203840.6175766441 294807.2292507426, 203848.6292361975 294800.6868939671, 203857.2774091967 294795.4761582746, 203860.2844845911 294786.712773077, 203857.1941195048 294777.3920579487, 203855.2874499469 294766.7405068682, 203842.8224823198 294758.6361986393, 203831.1760220576 294751.8635968835, 203821.9884711486 294741.2089689211, 203811.0676712511 294740.0949041619, 203798.4172010904 294740.0895770262, 203783.0367852616 294739.1955627738, 203773.8484233077 294730.3161064611, 203762.2968586576 294714.0023489093, 203749.6486080939 294708.5607777696, 203754.6578033397 294699.9091349137, 203755.2110624149 294682.6019190543, 203757.5826123145 294669.9551564467, 203762.5036432861 294654.5358269864, 203765.6023784744 294644.1082729773, 203774.796491037 294639.4524127514, 203770.524409386 294626.3591006075, 203774.2589949737 294618.9273344861, 203777.2669294954 294608.0559664651, 203779.3675818015 294590.4165659548, 203776.464376254 294568.4482129648, 203766.0899445258 294566.1140349032, 203757.1741039668 294558.0113276744, 203767.4642886494 294544.1474695322, 203779.8488177753 294527.8437061591, 203785.4045440141 294518.415695201, 203795.785457147 294505.4394691077, 203803.2537483207 294493.0167544221, 203813.085359815 294487.8064766727, 203814.1849165301 294470.2776100344, 203811.9141240523 294459.514974317, 203815.6505458267 294447.9782581251, 203816.1095023149 294438.770006549, 203821.6657902441 294428.2325680299, 203821.0331041558 294417.8034590133, 203826.8614657723 294409.5959865585, 203830.233541896 294398.8357387373, 203831.5131950185 294385.9666476707, 203833.3388903263 294373.2087337656, 203832.0698188387 294361.1151781991, 203838.7190068189 294349.0249832949, 203844.9138474685 294335.2704235308, 203846.1011461665 294325.6187044874, 203854.2963541534 294316.5246975993, 203850.6601098279 294306.3161978217, 203854.1254916566 294290.3415805095, 203855.7699175906 294275.919419107, 203855.0460078925 294266.0449966009, 203863.0592004982 294257.061865836, 203869.0706848237 294246.6355988061, 203870.6258374787 294228.2193795186, 203877.4496372588 294233.7695594176, 203888.821822541 294244.8689553654, 203896.5546055379 294253.0822233488, 203905.5676796557 294247.2060242071, 203920.8584832775 294246.7688652986, 203924.55060505553 294247.9446963187)"
TRAIL-166,금정로 34,금정로 34-2,203924.55060505553,294247.9446963187,204124.45310428154,294117.29295678635,129.0431195714394,35.24474058386877,129.0453152716436,35.243562156144655,846.5833151491219,"LINESTRING (203924.55060505553 294247.9446963187, 203931.3238231718 294250.1017649221, 203945.1545000757 294258.539619702, 203951.7044088516 294265.8648580084, 203963.2608286646 294271.6390641258, 203972.2683681286 294278.4106702102, 203983.4597199723 294286.4036438693, 203996.199240365 294292.2893590602, 204008.5769971573 294292.9605119204, 204013.860405641 294282.755907726, 204029.420984572 294289.5304840595, 204039.5236625495 294289.5349945093, 204055.7242537798 294289.7641412244, 204066.7391796791 294285.1093972341, 204078.3924251214 294277.7922722978, 204086.2226952727 294271.2500486508, 204100.6067377013 294263.2685171002, 204113.1702943108 294255.7299600977, 204124.0034122313 294250.7423680019, 204134.1989764049 294246.7530030953, 204145.1210458141 294246.3142260444, 204155.9508761789 294248.5381021286, 204166.5996933017 294248.5430057681, 204183.6209843998 294245.5553522425, 204192.7255260592 294239.1247561736, 204200.1933452293 294229.3650555481, 204210.8442011718 294225.0431535047, 204222.6765102329 294224.4939492548, 204234.0499471835 294232.0435375213, 204244.5151891199 294235.3767998636, 204254.8901912853 294237.0458553877, 204264.5371692995 294238.4926890419, 204278.5538394465 294237.9445890561, 204291.0249311769 294233.8455336113, 204314.9632735099 294231.3051949959, 204330.8006975655 294229.8704848236, 204339.813917922 294224.3275539413, 204366.1157084434 294228.0014116345, 204384.3203097286 294225.0147078773, 204395.4275254155 294218.2524525488, 204396.9805167404 294206.4930278029, 204390.340394416 294198.1689172893, 204383.7006903959 294188.9572512365, 204376.7874942848 294180.6330184746, 204372.9721682058 294165.4316941337, 204369.7004606724 294155.3341085809, 204361.3312287259 294146.4544587644, 204352.2316564456 294142.1232135158, 204337.0316172667 294142.6706313661, 204317.4643206176 294139.9985798297, 204296.9858963814 294139.3231489, 204285.6073441853 294142.4242080261, 204273.0468958865 294142.7510954813, 204256.4813525977 294143.8527286605, 204240.4636307904 294141.293461522, 204230.0886198825 294139.4025327893, 204218.894403006 294137.6221785804, 204206.7897051986 294136.5070848551, 204196.5074501368 294130.8441051678, 204183.4961170516 294122.0734112791, 204169.2994917113 294117.7399924227, 204155.2827950384 294117.955426778, 204143.3594356037 294118.2827874709, 204127.2496571319 294117.8316354439, 204124.45310428154 294117.29295678635)"
TRAIL-167,금정로 34,금정로 34-3,204124.45310428154,294117.29295678635,204172.16472464547,293795.7644151997,129.0453152716436,35.243562156144655,129.04583784717695,35.24066387053685,846.5833151491422,"LINESTRING (204124.45310428154 294117.29295678635, 204108.7748513247 294114.2729744339, 204099.2210477885 294107.7228763738, 204089.3027607255 294102.0601841459, 204079.2009748411 294099.6148271327, 204069.0049194714 294104.3808686937, 204058.5350268656 294110.9219199791, 204044.2421438219 294118.1269422264, 204028.2236244793 294117.1212822016, 204020.3965699496 294116.2302361362, 204007.9270138103 294116.779422684, 203994.6399258919 294113.6670775952, 203984.8122055714 294108.8921006871, 203973.2502255964 294115.3218241814, 203958.687137454 294116.2029936883, 203944.4876837678 294118.0828510296, 203934.383654983 294120.741128254, 203922.6388739445 294129.0569032325, 203915.4452353563 294136.7089938085, 203909.3519668559 294125.5009032829, 203910.6320107467 294112.0771032842, 203905.357153595 294102.5335461277, 203899.5385763575 294087.4425041701, 203895.0839481119 294075.3475708489, 203894.4514169601 294064.6965720461, 203890.7236687936 294055.4865261833, 203890.2753153621 294039.8430795927, 203893.099920649 294032.7438121622, 203906.1154040738 294032.8603733961, 203918.2258089173 294021.2163847896, 203923.5999543862 294011.7883866157, 203932.5254547737 293998.5898045604, 203940.3569732847 293989.4957214118, 203949.5531506883 293981.844527091, 203960.3832972986 293984.1791126321, 203973.0341431148 293985.7378960329, 203986.5947746696 293988.1846588493, 204002.1620720934 293980.9801108856, 204020.640104276 293977.9927961884, 204030.4673049737 293984.2100964115, 204042.0263176286 293984.8809291198, 204054.9499043663 293987.1056195177, 204066.1456375807 293986.0011992371, 204079.4339905438 293986.6728580288, 204096.2717984063 293987.9008697417, 204114.3860781173 293984.2479114748, 204125.4923740222 293979.7042273241, 204134.5052605795 293975.159598895, 204142.7933152759 293963.4032188274, 204152.5374839489 293952.0912956635, 204155.5456861846 293942.1076239889, 204156.4604135177 293932.2339354586, 204158.5591531824 293920.6966162265, 204156.0156766898 293909.7118869581, 204154.0180533459 293899.2821346706, 204148.7455183538 293884.9678027223, 204136.914749971 293881.1902483362, 204125.2670736966 293875.0829472822, 204117.1722194597 293862.2096320009, 204129.9178281985 293855.8915803108, 204145.4852134514 293849.24200538, 204149.9489412775 293841.0341215638, 204157.9621909873 293833.3825974723, 204173.6232683449 293821.074917805, 204175.4482267901 293811.2016533126, 204172.1778597579 293797.4429599133, 204172.16472464547 293795.7644151997)"
TRAIL-168,금정로 34,금정로 34-4,204172.16472464547,293795.7644151997,204569.97242350326,293620.706446579,129.04583784717695,35.24066387053685,129.050207421854,35.239084256004205,846.5833151491519,"LINESTRING (204172.16472464547 293795.7644151997, 204172.0919098395 293786.4593629493, 204185.475576209 293778.4775093596, 204190.5787295754 293765.4993066761, 204185.4862113786 293755.5118953079, 204188.3136049232 293743.087363258, 204192.9598256139 293734.1029713281, 204188.322602002 293723.671990031, 204189.5105524136 293713.5765445781, 204180.9571520912 293708.025333388, 204173.8607437975 293701.0325179608, 204171.044057721 293690.2695519727, 204159.939272748 293690.7082141622, 204170.4073191744 293689.3816981031, 204175.690749588 293680.2866470349, 204179.6068182811 293675.628766902, 204184.5274131409 293663.8708733303, 204191.177481446 293652.0028394213, 204199.6442372592 293648.2346394479, 204201.0144596965 293637.6955013107, 204212.8510017297 293629.7129707365, 204223.6874131118 293619.4001434068, 204230.6081907923 293612.7466804032, 204238.1660286272 293606.3154114299, 204245.8130231299 293603.8782104459, 204243.1763010725 293597.6640526657, 204254.4657553432 293591.9002199506, 204261.380718426 293597.6726170269, 204258.7364255207 293607.5454751297, 204248.906050891 293607.5408486871, 204250.3670980968 293597.5564862395, 204253.3721844055 293594.6733300673, 204264.1175047877 293584.6933437307, 204269.673738236 293576.4860374181, 204275.4045746364 293584.0330056553, 204272.6770545875 293577.3750165271, 204278.414662356 293570.6100862443, 204284.1543295329 293559.5183061463, 204286.0724301128 293545.5401473164, 204294.2663627231 293541.5500170488, 204301.4573106482 293541.220601317, 204311.8377039686 293533.2375083718, 204313.1172104073 293522.3655106117, 204323.7689000424 293518.1546903289, 204319.4950127349 293509.3879935289, 204314.4925089511 293501.5085108807, 204325.7810669063 293497.9636669409, 204332.9748162168 293491.8651388035, 204339.077574856 293483.1034132466, 204348.1811798617 293480.4451085282, 204356.8291924726 293478.7850981431, 204366.2958820704 293478.2349412003, 204374.3098510339 293470.1398327995, 204380.7754677798 293464.0409905413, 204386.4155826656 293470.9223141163, 204396.5182587516 293472.8132868968, 204396.3301684612 293485.239032638, 204400.784958719 293496.2247531768, 204405.4231359404 293504.4369409909, 204417.8934533395 293504.1101924765, 204430.7251446292 293509.3308873187, 204433.5434830336 293516.210858112, 204437.9077346693 293526.0871032967, 204443.2809163845 293520.3206038861, 204448.8350040886 293516.8840413736, 204460.1215702417 293517.4443284463, 204466.1248056105 293526.1010013753, 204468.6670817311 293538.9718761827, 204476.7674408636 293540.3072243542, 204484.0469425764 293544.9705221616, 204495.6992174434 293542.2026855378, 204504.7976669794 293549.8624196672, 204503.2453638612 293559.7357502402, 204509.7945533977 293568.6146148268, 204517.5279070605 293575.7189561608, 204523.169513688 293579.2720173853, 204531.7207125633 293589.039460209, 204541.0940458511 293592.9272394517, 204549.8278708247 293601.4743964265, 204557.1059990716 293608.6894879248, 204565.93193646 293615.0178071276, 204569.97242350326 293620.706446579)"
TRAIL-169,금정로 34,금정로 34-5,204569.97242350326,293620.706446579,204643.4087122416,294113.2005227485,129.050207421854,35.239084256004205,129.051017,35.243523,846.5833151491272,"LINESTRING (204569.97242350326 293620.706446579, 204571.8441521287 293623.341670795, 204575.5699253928 293635.4365614834, 204578.9311526661 293648.418829307, 204584.2957987169 293659.5160494077, 204587.0213190058 293669.613428057, 204592.569619823 293677.4933413152, 204599.0247358753 293692.0304202788, 204606.027766326 293703.0175428782, 204618.5814116835 293717.2249113116, 204628.1387183795 293717.0079101284, 204636.1524263783 293709.4677559205, 204637.7954718917 293700.3711074608, 204642.6224372691 293694.8263347886, 204647.9974183426 293685.6206610566, 204664.1138395096 293674.6454069778, 204674.5815777155 293674.0960896658, 204686.5927679224 293681.0918455645, 204691.5944448089 293689.7481515779, 204700.143164784 293703.7316651783, 204710.2421620032 293712.0577989563, 204716.1534865665 293721.7130983157, 204731.8022176302 293734.8127900204, 204743.7259307091 293734.8190403261, 204742.8101928476 293745.3583371109, 204753.4572112457 293749.9126765008, 204764.4669558338 293757.0189553245, 204772.2907928263 293764.4563999774, 204782.6658282611 293766.9026747803, 204789.2180616272 293769.2359900069, 204787.0270503065 293781.5497277832, 204784.6532411567 293795.3056549869, 204785.9197677299 293809.951070324, 204778.9947421845 293824.1483708583, 204774.2530968783 293840.4547858618, 204773.790497729 293854.6555070461, 204771.1421468096 293871.2958654497, 204770.9509131718 293888.7141371279, 204771.6737946397 293898.6995733376, 204765.7502427977 293912.5645794045, 204762.7415902859 293922.1042680823, 204755.1795559694 293936.301253372, 204746.6194297197 293944.6176328468, 204740.5150150657 293956.3746051496, 204741.9639759645 293970.3544430877, 204745.0496288755 293987.4416025771, 204748.6848757553 293997.8723482438, 204746.3090252288 294015.7332563054, 204741.1132649603 294030.4862235963, 204735.2835957788 294039.1368828904, 204726.8157051636 294045.3453741161, 204707.7915276567 294048.2200157976, 204692.2290812385 294045.2164052445, 204679.3054459841 294043.5455283333, 204667.7490758407 294037.9922984421, 204655.554938842 294033.6591506206, 204640.9930184334 294031.8765396817, 204629.068333535 294034.5331055129, 204621.2359331793 294044.0703732269, 204613.3981689301 294064.1474272452, 204612.8462317465 294075.5744884377, 204612.7494949973 294086.7798920292, 204617.8391430529 294101.0944067795, 204627.9367484992 294111.4174648948, 204638.7666795563 294113.5309740418, 204643.4087122416 294113.2005227485)"
TRAIL-170,금정로 35,금정로 35-1,204788.9454120323,293768.4592303224,204786.01641214162,293005.7243737975,129.052614,35.240415000000006,129.05257738373544,35.233540120285454,882.9318635806537,"LINESTRING (204788.9454120323 293768.4592303224, 204786.5909861098 293745.6033072323, 204781.4073897667 293736.9468514941, 204776.0450249881 293722.0773830992, 204772.3207860005 293707.6525631182, 204771.7804588477 293696.6687209388, 204766.4160064539 293685.6823336711, 204766.8803574731 293668.1532662062, 204764.6125428686 293653.5073288336, 204758.338598932 293641.0781826157, 204749.8779577823 293632.7528568656, 204745.2424309207 293620.2136363292, 204740.2455960482 293602.3488688125, 204730.4178861667 293597.2402500205, 204723.7779697029 293588.2502324186, 204714.2305349554 293569.2736532024, 204707.6820665453 293559.3961355987, 204698.5859897707 293547.5202883777, 204693.9503478355 293534.9810958608, 204706.0580450633 293531.7699868972, 204725.6293874735 293529.00657312, 204737.7356502205 293528.5691305779, 204738.8337402065 293517.4752073218, 204738.1118378897 293505.4927702877, 204746.6725461311 293496.8435529135, 204750.5935951332 293483.4212698213, 204745.7774017468 293468.1083324698, 204746.1496508808 293452.5762309114, 204742.3344031648 293437.8185466297, 204737.3363561983 293422.0617395842, 204741.0778195541 293403.9796709932, 204748.9102003945 293395.7738547884, 204753.4657823161 293387.4553767242, 204757.0222656691 293375.0314114981, 204766.6760519255 293365.1623952397, 204771.5966421141 293355.1799447004, 204775.3358570277 293341.5356891217, 204781.1695340087 293326.2283685553, 204788.6400346998 293314.0283777636, 204798.7493402586 293303.6049130498, 204804.6714528595 293293.2901781894, 204811.506488938 293277.9834104652, 204812.5136738425 293266.8894517332, 204821.072489599 293262.3452694586, 204826.9050508352 293249.3678232654, 204824.1819797941 293234.9435269182, 204821.3716019827 293213.5296539429, 204821.7420377387 293201.6587431272, 204820.8384626276 293189.1214834228, 204816.4741700876 293179.7997825765, 204808.0116745381 293174.2480310625, 204799.1887735954 293161.7065655496, 204794.1873770978 293152.1626478384, 204797.926297267 293139.2950198814, 204803.5766737326 293126.650299027, 204805.1296732233 293116.2223015443, 204809.4150812699 293102.8002448658, 204809.4209836047 293091.7057560321, 204808.698903591 293080.1671004516, 204804.0636449217 293066.7403012356, 204795.4199224076 293059.4133477086, 204788.9609654877 293051.8656698079, 204786.6905039464 293041.9903702724, 204788.9731899067 293028.7891350174, 204784.6087280628 293019.5783967785, 204786.01641214162 293005.7243737975)"
TRAIL-171,금정로 35,금정로 35-2,204786.01641214162,293005.7243737975,204959.00061813596,293156.11761650484,129.05257738373544,35.233540120285454,129.05447862898166,35.23489484666334,882.931863580693,"LINESTRING (204786.01641214162 293005.7243737975, 204786.1643081922 293004.2688232841, 204781.9834137165 292992.1736164052, 204772.5228659856 292980.0756230028, 204765.1544849257 292970.7523647131, 204758.8826938708 292953.3307123729, 204753.6987317346 292944.4523935414, 204745.5102280038 292936.6819491246, 204733.4997774557 292926.4687227558, 204718.4860391737 292914.9226059227, 204709.6602751137 292907.1518618356, 204699.0154127109 292896.4956138041, 204690.4649464318 292884.3981813961, 204686.1933563834 292871.3044702929, 204677.6414714352 292861.869726869, 204670.365645012 292849.2182493809, 204661.3607476674 292835.567382512, 204658.0888777896 292825.4697127664, 204651.9054116401 292812.7078689112, 204641.6220979847 292806.7115607264, 204637.5312086916 292796.0587541318, 204643.4553488061 292782.082741747, 204656.7465159374 292780.6472945384, 204670.7632934547 292784.3157054777, 204680.8689757547 292781.7691999661, 204692.4289034016 292783.5503101455, 204705.3548579849 292784.2226972892, 204718.099213295 292784.0074492186, 204736.8534282263 292780.2451301079, 204747.7793973689 292775.8130664555, 204756.5186044788 292775.2629355847, 204771.1684641161 292786.6979759802, 204780.1767641761 292793.6922610372, 204792.1906319379 292797.6926362682, 204812.0317792387 292804.1379772928, 204822.5901444482 292806.251555637, 204832.4192563164 292810.250819344, 204844.5220283385 292818.1343823928, 204854.6231945836 292824.019879009, 204867.093094064 292826.2454809321, 204878.3800784442 292827.5829026985, 204884.1102239964 292836.3506417291, 204887.1061098678 292851.3298193771, 204897.386686214 292861.9860910838, 204902.660681801 292872.5287134507, 204897.5549821753 292887.3925608352, 204898.6372940314 292905.9209435573, 204898.9925727759 292922.2300350758, 204904.4494915649 292931.1085852047, 204908.0844399872 292942.5378820537, 204907.4430235205 292950.3036766276, 204912.6236965104 292964.951216925, 204923.9966953279 292975.1643350379, 204936.278376014 292988.2625312701, 204942.7336162156 293002.4670061696, 204943.3619556699 293018.6653063065, 204943.7155107561 293037.9699141554, 204946.4376012893 293053.9474707579, 204949.4353762297 293065.1545480483, 204951.0662752869 293079.0235558949, 204955.6099781348 293093.0051055159, 204954.6912542974 293108.4259462675, 204952.7742163909 293118.4099390597, 204954.2239589951 293130.6146754293, 204953.6720227306 293141.1541412265, 204959.00061813596 293156.11761650484)"
TRAIL-172,금정로 35,금정로 35-3,204959.00061813596,293156.11761650484,205152.9109717924,293068.619917828,129.05447862898166,35.23489484666334,129.0566083420952,35.23410521029972,882.9318635806792,"LINESTRING (204959.00061813596 293156.11761650484, 204959.1252252777 293156.4675315843, 204961.8496273619 293168.1182445633, 204960.2056730204 293178.1023865561, 204962.5657187081 293190.1966799776, 204951.0913744367 293199.3988181732, 204940.0749118956 293203.6086989162, 204928.7830829329 293212.0343507021, 204919.0416733743 293215.0245580466, 204901.6512658727 293223.2250374104, 204903.1005789546 293236.317326729, 204913.929866887 293241.4266744401, 204926.2148876049 293247.7572227869, 204941.2313248343 293252.8688861084, 204951.0595946027 293257.4230066311, 204965.2561631689 293263.6437104791, 204973.2630463831 293269.7500843163, 204984.365758956 293274.0830525562, 204995.4660084873 293282.8538312729, 205002.9259662499 293290.2912688581, 205017.6682288568 293297.1780272396, 205032.7725308623 293307.7261949712, 205043.3276567552 293314.4997202731, 205059.3446942107 293320.4996986104, 205070.0818971721 293327.1624122856, 205080.1830333709 293331.8277719596, 205087.6445045568 293336.3807119433, 205097.6597896907 293331.8376108138, 205117.4164991029 293324.1935713681, 205127.4297360261 293323.3116858886, 205139.2621476759 293324.7606898204, 205150.6392417668 293326.5422846956, 205168.3860381212 293331.8777724868, 205178.3959031 293336.8760247515, 205195.4127438367 293345.2066617564, 205207.0596796595 293352.5357313407, 205223.3453838044 293365.8585238381, 205231.2606569612 293372.5197995115, 205242.363120066 293376.8530855806, 205253.4696991974 293374.0859093056, 205254.2058259845 293360.4401054085, 205256.7604473375 293350.2346532713, 205258.8596927964 293340.4727169432, 205260.6858684095 293330.7106223145, 205271.3395207902 293324.2820205861, 205268.8899331861 293310.4124717463, 205253.607277718 293293.9837223245, 205257.0714598518 293284.9991944768, 205250.2501080149 293275.4539635392, 205249.4379024937 293263.3604915, 205242.5278813127 293249.7102519443, 205238.3466183838 293239.5008923368, 205232.5261750552 293230.5109803296, 205237.178067645 293213.9828767734, 205229.173879913 293203.4384731754, 205223.6266108629 293194.2268355712, 205218.4449725789 293182.3527339604, 205208.0732819085 293173.1383225454, 205206.1627504026 293171.3621030093, 205196.7942392696 293158.8199343774, 205189.6992026605 293150.0512084279, 205184.605975964 293142.6149752537, 205177.2369449571 293135.3993312723, 205168.7760877685 293127.2955096072, 205154.8551188573 293116.5259025392, 205145.3017102254 293108.7543149939, 205148.221461619 293096.6629801774, 205140.125534167 293087.0061647817, 205144.0451977016 293077.3561859052, 205152.9698606507 293070.3717384638, 205152.9109717924 293068.619917828)"
TRAIL-173,금정로 35,금정로 35-4,205152.9109717924,293068.619917828,205180.8967732441,292926.7413716848,129.0566083420952,35.23410521029972,129.05691489240922,35.232826246350726,882.9318635806428,"LINESTRING (205152.9109717924 293068.619917828, 205152.6118215332 293059.7208219334, 205146.1532257901 293052.0619436232, 205142.7952399972 293034.4197908332, 205132.3379430597 293015.2203778483, 205125.5175763629 293003.3454028811, 205115.5084424988 292996.3502043813, 205114.4235736293 292983.1471465102, 205100.1357632205 292976.7042702924, 205091.7647793347 292970.2647472577, 205082.1203203426 292962.1603425424, 205081.3064266045 292952.6186234715, 205074.3916786698 292946.5127701155, 205067.3861414245 292939.9630916337, 205061.0192860991 292930.7510986397, 205055.3800906666 292922.5380212017, 205050.2876166162 292913.3267487443, 205038.4597223047 292902.7803843901, 205029.2691167372 292896.7842429432, 205004.9743443414 292878.686743787, 204990.2330423432 292868.804500169, 204980.5863671421 292864.3613852852, 204968.9369719917 292860.0281246919, 204959.1095566752 292853.1441460657, 204955.1992975504 292845.8196398692, 204965.9443933991 292839.2797875288, 204976.5972536131 292834.9587948162, 204985.6125661889 292828.8617934324, 204997.8130787179 292824.3197895737, 205009.2867164595 292817.3366121149, 205020.8490606946 292814.5694038438, 205030.0454959678 292810.2476654806, 205055.2666437975 292799.8329142733, 205066.1918756473 292796.9544629088, 205076.3033245049 292784.3124188724, 205084.9563182732 292775.2198018407, 205091.9711559076 292765.4606012048, 205099.4418498696 292754.4812696704, 205104.0015838626 292739.9500649409, 205111.2002871559 292727.0845272388, 205115.5775523484 292713.3298397704, 205120.4076617393 292703.68037097, 205126.0572508765 292693.6985348652, 205137.8089756415 292678.3948147579, 205143.8222837308 292669.1898107509, 205149.4715410835 292659.8736586464, 205157.297405695 292664.8706376331, 205164.111586933 292687.9510573638, 205164.0101001812 292706.2569014188, 205166.4626137867 292715.5776710131, 205165.6373765941 292726.0060167667, 205163.7162236809 292742.6466493703, 205165.2554425045 292757.1813064997, 205163.3374014202 292768.3856429492, 205155.4116793318 292779.0318279272, 205150.0355175619 292788.4590782943, 205147.5686049155 292804.4337356745, 205153.114357663 292816.8627213628, 205157.838484758 292833.3962026005, 205161.1987968447 292847.0443410482, 205160.369144597 292865.2388289257, 205164.27606054 292878.1106669669, 205169.2762039595 292889.4299034779, 205174.0001363047 292906.1852847449, 205177.6304971515 292925.0479956458, 205180.8967732441 292926.7413716848)"
TRAIL-174,금정로 35,금정로 35-5,205180.8967732441,292926.7413716848,205340.7787463491,292599.78584021167,129.05691489240922,35.232826246350726,129.05866915798435,35.22987839890215,882.9318635806721,"LINESTRING (205180.8967732441 292926.7413716848, 205187.9137035013 292930.3792458965, 205199.9275928449 292933.7144949693, 205207.6608853848 292940.9303648402, 205215.9393132553 292949.9216743783, 205227.8562354332 292963.4638360685, 205241.8673528217 292976.0087236387, 205250.7840722699 292983.0034274065, 205263.7040169635 292993.4397622647, 205277.9019520682 292997.6639466665, 205286.2800440701 292991.6778164752, 205292.2964782639 292977.0366082431, 205300.2212130515 292968.0547131892, 205306.9618763181 292960.2925240057, 205316.3423151491 292952.6428367672, 205326.6357366267 292940.4449560945, 205328.7383559447 292925.2467434304, 205331.3875489593 292909.3831844952, 205331.8507420634 292895.7372351625, 205326.0342217255 292879.8686866095, 205318.939678181 292870.1013593007, 205312.5743985595 292858.5593479752, 205306.6643811871 292846.7957187894, 205304.8495817212 292836.9205587527, 205305.7669110668 292824.9390493725, 205306.2313066918 292809.1851484463, 205304.5986895713 292799.0882061908, 205306.9722459711 292787.5513316346, 205310.3467515009 292776.6807150097, 205305.893620953 292764.1413295653, 205300.3455089745 292756.0390994981, 205292.8848989667 292749.378036474, 205284.5187046688 292734.6174748189, 205282.4308951946 292724.5202717138, 205290.0854094483 292710.9894734043, 205299.8270949508 292708.6653363418, 205309.5667657359 292709.7804994263, 205317.9381627292 292715.6654973777, 205329.223846162 292719.3333230943, 205341.3265046097 292726.8847159604, 205352.7001740147 292735.6560871162, 205360.0680105728 292745.2017111067, 205367.2527165924 292756.5223505452, 205380.8111211118 292765.1841099124, 205395.5613695965 292759.6456566729, 205397.5701349302 292749.4399271569, 205394.9368002846 292738.4548129776, 205395.4911283423 292724.8089245818, 205396.772779104 292712.7166987578, 205398.4162392793 292704.5077596844, 205397.8796569795 292688.4204337991, 205397.8864130579 292677.1040617675, 205402.5349792174 292667.1218006822, 205405.3654446579 292652.9225503612, 205410.6517845716 292642.0531162255, 205420.5799623995 292632.5178052724, 205430.6868264808 292628.6408002295, 205441.7108957697 292613.337038529, 205434.9839301723 292597.6897683491, 205431.07721067 292584.9287632156, 205429.9011863617 292572.6131788887, 205417.9809917012 292564.1742200145, 205406.0554681068 292564.6108612737, 205388.1177679728 292571.811569019, 205374.186113602 292578.016188976, 205358.2494665445 292588.1027116418, 205344.4080375157 292595.74971404, 205340.7787463491 292599.78584021167)"
TRAIL-175,금정로 35,금정로 35-6,205340.7787463491,292599.78584021167,205379.5801111715,292219.5420977733,129.05866915798435,35.22987839890215,129.059092910861,35.226450868416435,882.9318635806708,"LINESTRING (205340.7787463491 292599.78584021167, 205337.0295842893 292603.9552745218, 205327.1010058857 292614.2672904277, 205320.9961815236 292623.9158977242, 205309.4306345089 292631.5642935767, 205296.1391430877 292632.9987813365, 205278.9397014159 292623.4474657803, 205271.4798069148 292615.3441393315, 205261.3837779977 292600.6935387955, 205253.0177164543 292585.3782857506, 205245.8310574879 292576.942305237, 205240.4656773264 292567.3979375602, 205228.727300372 292559.0702787968, 205221.6334244219 292547.5279161306, 205216.1788245433 292534.7661116133, 205215.729036344 292525.4464860742, 205215.5547139753 292512.0220608139, 205209.7349285836 292501.0351675398, 205202.5488642614 292491.378829916, 205200.8275923733 292476.8440674629, 205201.6539772372 292464.5296673573, 205198.6552295979 292455.2085776932, 205194.3845533949 292441.4489656189, 205193.1181732502 292427.3582463515, 205193.218318948 292411.4931952714, 205197.2317239458 292397.7383443686, 205197.7841789157 292386.8660704455, 205195.1506862284 292375.5481864925, 205194.8831282621 292365.8958345362, 205191.7975740213 292349.1413968272, 205184.7921667265 292341.7040755154, 205178.8805636252 292331.8266005033, 205176.976771653 292317.9574104253, 205163.9637745282 292309.1853306633, 205158.6030852465 292290.9873245374, 205154.7852333873 292281.1110608093, 205155.8832875699 292271.2376004395, 205154.61808783 292254.9279952101, 205154.7186098879 292238.2863346198, 205154.9082708533 292224.973068719, 205153.0055572303 292209.1068805773, 205156.6530105773 292198.5692057983, 205161.213621436 292183.1504836319, 205162.1303180697 292172.0565294127, 205162.230031191 292156.8571525005, 205171.7004393811 292152.3138280681, 205183.623887407 292156.4256114947, 205190.731429529 292144.780487537, 205189.3731365556 292132.1320043327, 205189.2891028026 292119.9280317732, 205199.4816718523 292126.1467933362, 205200.6584522746 292137.7966706555, 205206.6619621859 292146.3428725362, 205215.6682615691 292157.3315949221, 205223.6721122772 292170.0948637676, 205234.3175997499 292180.0860492333, 205246.5146067268 292183.3105159948, 205260.8975736328 292184.6502094743, 205268.9956046931 292191.8663349112, 205283.7414680002 292195.3142270457, 205296.8481489185 292199.6487412143, 205304.8548414513 292207.3086246299, 205312.9526868048 292214.7466792315, 205330.7052344085 292213.8695685879, 205340.5351601504 292217.2037121756, 205357.4670670422 292218.5450651584, 205370.8488955486 292219.3296167102, 205379.5801111715 292219.5420977733)"
TRAIL-176,금정로 36,금정로 36-1,201495.226453256,284182.1795069967,201020.0672465612,284810.20108602603,129.01641,35.154019000000005,129.01119593840463,35.159680329954554,947.7065935288294,"LINESTRING (201495.226453256 284182.1795069967, 201491.3052746207 284201.3720700501, 201487.4767578232 284211.2454042989, 201486.5627553005 284228.5524260957, 201480.0911421779 284242.9740107715, 201474.8049061863 284252.1814526436, 201470.4293730286 284264.2735741658, 201463.9572736291 284282.023473567, 201460.765843931 284296.77843364, 201454.8407641869 284312.7533337608, 201451.8324079626 284322.404929449, 201446.4549192552 284332.9436954113, 201441.1687874619 284342.0402146754, 201439.2534314231 284354.2436876397, 201430.5953477975 284367.8883594161, 201427.9511978877 284379.4260596554, 201424.9425087637 284391.5184207437, 201419.6562068379 284402.0572179849, 201412.8210057684 284412.3738900897, 201410.4500273789 284425.2429600551, 201401.975364078 284431.8982521508, 201390.5860114253 284432.3402718775, 201364.6182601627 284433.5567040213, 201349.6755215399 284433.5544672247, 201339.5608551677 284440.2095737268, 201331.1774209109 284446.5321152648, 201322.5207532506 284452.1889640737, 201312.9531490403 284456.5143678654, 201302.7477241777 284461.0615769994, 201289.9908983084 284467.1616425346, 201272.5891981553 284459.6150288026, 201256.0977029025 284458.6142379418, 201239.8806233095 284449.736529967, 201226.3963072419 284445.5188450197, 201212.9116966316 284443.4091055494, 201210.5414545127 284452.9499249921, 201210.8130779657 284465.8194010454, 201208.6249088908 284476.5806235648, 201206.7096726932 284490.4482997409, 201212.7211429669 284505.6483548981, 201206.8885770624 284515.4106006103, 201192.2188614597 284518.8479067559, 201190.0302466518 284533.2702686605, 201174.8138582552 284536.9294182237, 201165.0643302036 284540.1455203961, 201152.3987509162 284546.8005091995, 201141.3730994982 284554.4542132265, 201134.35652055 284561.4427707037, 201124.5157276236 284566.2121136549, 201120.1407856212 284578.5262966297, 201107.2942734623 284575.3073579754, 201112.8503995848 284589.619745447, 201105.3773598331 284604.3743125287, 201093.9870067965 284615.0235040658, 201086.1504334978 284622.5667179039, 201079.1333951681 284634.2149446628, 201081.6831612743 284645.7533700011, 201077.9461393836 284657.734820464, 201074.7567456739 284661.7284070318, 201074.6642527914 284673.3774614876, 201064.2766554241 284680.5875623708, 201058.8085753274 284692.3469313038, 201049.1493657341 284704.2167612153, 201045.0479012893 284716.7529015315, 201040.3991056357 284735.16898611, 201041.8555082397 284747.1510505338, 201033.9264124382 284768.4512937623, 201034.8358243097 284783.317826254, 201025.9061553099 284790.5281387767, 201020.0672465612 284810.20108602603)"
TRAIL-177,금정로 36,금정로 36-2,201020.0672465612,284810.20108602603,201150.8410402556,285570.97623566864,129.01119593840463,35.159680329954554,129.01263233078092,35.16653750528418,947.7065935288352,"LINESTRING (201020.0672465612 284810.20108602603, 201019.6171355937 284811.7176381253, 201015.9715857717 284821.8130877413, 201007.4063984961 284829.1344032468, 200995.2880730467 284835.1240140189, 200983.1704855738 284834.4570306418, 200973.6034586586 284838.6718513758, 200981.1639110757 284854.3157013579, 200989.5448954491 284864.7453024459, 200992.7326372098 284874.8415106936, 201001.842577394 284884.2727116963, 201013.139365437 284891.5962393191, 201015.8711507023 284905.02071074, 201021.9738875884 284919.2221673201, 201039.2835627792 284928.8762218004, 201037.2779017767 284939.859400965, 201029.6229924378 284955.16873488, 201025.6130659785 284965.1531978508, 201026.4315512765 284978.3555705991, 201025.9746135232 284990.6702509686, 201021.2358507953 285000.5436903993, 201012.5787529197 285016.5185884377, 201014.0352462115 285027.6131051122, 201015.2181380361 285041.1483494733, 201020.3187459511 285054.0183731413, 201017.6752182315 285066.4437529923, 201020.5893218915 285078.4259837001, 201028.0591278617 285087.5241988241, 201023.6845430851 285100.0603249264, 201032.885028683 285112.1542158887, 201036.0723180172 285125.0240319807, 201047.0040417931 285135.0102081987, 201037.3431351909 285165.9623506292, 201047.2726846723 285175.5046389023, 201059.5717527832 285178.5015445333, 201073.0548195201 285184.7159703585, 201085.3540526043 285186.1597011152, 201091.2750394208 285194.0374052812, 201090.4536116859 285206.2410989382, 201092.092312141 285216.3371611222, 201084.8017825274 285233.1997086404, 201075.142956937 285246.4008431864, 201088.3511018683 285265.0409405701, 201092.6313807485 285279.1312902351, 201092.9033602779 285290.2256812603, 201099.0062280541 285300.2113417684, 201105.2911715127 285311.1955210215, 201112.032157234 285317.8529608171, 201120.1395343777 285325.9528411202, 201128.8848269424 285332.4995979403, 201131.0700093595 285343.2613987287, 201142.1847775927 285343.7065669598, 201145.8277758462 285353.2481757897, 201150.8374810928 285361.6805237037, 201155.6645995231 285372.9973847344, 201157.5761144988 285386.199916871, 201166.8671497224 285398.9596223393, 201171.3301115913 285407.9466298128, 201174.4262977087 285418.4866728641, 201186.4499673496 285434.5750617709, 201192.0057913503 285446.2248696694, 201189.9091011315 285456.098575472, 201183.4389220739 285469.8547362334, 201177.1515752677 285478.9512937917, 201164.8508576213 285492.2629383894, 201156.286169152 285499.6950640229, 201150.1805984865 285512.5637469509, 201160.0195400221 285514.3400988684, 201160.9295365579 285522.4390997438, 201157.1020924941 285531.0922128434, 201156.2805073648 285544.0725120479, 201158.7388725317 285555.1671886744, 201153.0887935307 285568.4797034596, 201150.8410402556 285570.97623566864)"
TRAIL-178,금정로 36,금정로 36-3,201150.8410402556,285570.97623566864,201008.38425019349,286351.1325407112,129.01263233078092,35.16653750528418,129.01106959147342,35.1735696604979,947.7065935288148,"LINESTRING (201150.8410402556 285570.97623566864, 201142.7016135848 285580.0165253978, 201133.1343836636 285591.5534619134, 201129.1247072959 285600.8722267247, 201123.8396326303 285609.9689479149, 201113.1790260865 285623.1699250449, 201101.6981804157 285639.2553498731, 201094.499945622 285648.9065745195, 201092.1294207269 285664.4383986807, 201096.0454735273 285675.4222924111, 201099.5059411959 285686.9608509749, 201101.4174175922 285700.6071520413, 201109.4333194725 285709.039847351, 201113.895953612 285719.9128728146, 201110.0670613607 285741.4354723012, 201110.1564908017 285755.081553325, 201103.2305745886 285773.4973553741, 201105.0505881929 285789.9172394864, 201103.1360435026 285801.6770349216, 201091.8375086697 285818.8719353352, 201085.09500785 285827.8575628665, 201080.4474403514 285840.0608116025, 201070.971559177 285852.485378386, 201057.9428219294 285864.7985961472, 201045.1875728834 285875.7805402304, 201028.4239826463 285886.6511029683, 201010.0197876145 285905.1766280679, 201004.6438120724 285915.1609621541, 200998.0836678863 285924.1466758806, 200994.8939020772 285935.9063561132, 200987.4229369628 285943.5606535813, 200977.4012841484 285950.5490196613, 200970.0211360366 285961.0878774599, 200965.191854177 285970.8504069062, 200959.1782055593 285981.5003631967, 200963.8228704069 285994.3703250095, 200967.7389833388 286004.9103938951, 200969.1945652429 286023.5490914796, 200969.466649373 286034.8653784937, 200972.0160650497 286047.2913467863, 200964.1807247685 286055.8331752468, 200955.7989758973 286062.8217409855, 200942.6796343541 286074.8022874818, 200931.9285010483 286090.3332952985, 200921.8139806581 286116.736865361, 200914.615935788 286130.1603261129, 200907.3272151018 286139.589809726, 200901.7693197509 286149.3523025903, 200897.7600839115 286159.1149523093, 200897.4869799781 286157.2288819115, 200892.2939522429 286162.3317804475, 200902.7686124553 286177.1992775461, 200907.5958502466 286186.0752581753, 200907.8680285711 286197.1696586022, 200902.583258309 286208.9291663818, 200898.7566037063 286215.0306914294, 200898.6640328916 286229.897142961, 200902.7623450579 286240.1043743281, 200910.3214487592 286258.7436791351, 200918.3372368639 286265.1792251229, 200928.9028879588 286279.4920452537, 200937.1002391233 286291.6967015505, 200954.5897491193 286299.6864772052, 200964.5185563925 286305.3456599568, 200973.5360516927 286314.2221244796, 200986.7438752927 286323.4318847409, 201001.5904407547 286341.1845146069, 201008.38425019349 286351.1325407112)"
TRAIL-179,금정로 36,금정로 36-4,201008.38425019349,286351.1325407112,201612.84230546435,286954.0877147773,129.01106959147342,35.1735696604979,129.0177062399222,35.179003652088014,947.7065935288025,"LINESTRING (201008.38425019349 286351.1325407112, 201010.6073814581 286354.3878230462, 201012.7015361024 286363.5963889243, 201021.3548848126 286369.4773795844, 201028.6414359182 286378.5755924079, 201038.9340311168 286388.2288742388, 201038.932619012 286400.543632066, 201046.3102987389 286408.9762073749, 201055.8736723973 286422.1796253632, 201060.0627626582 286432.8307165609, 201071.3566939812 286447.5875668638, 201082.3775189748 286460.5692985201, 201091.9415076265 286467.7817916673, 201099.7742960086 286478.3223980678, 201109.9759346831 286485.3131003177, 201120.4508108727 286492.5257354825, 201130.7436772548 286498.1851471566, 201138.9406701761 286509.5024398821, 201144.5868906724 286521.9288554844, 201150.7801900148 286530.1394803348, 201158.2488099204 286538.1283848928, 201161.5268246512 286548.5575208955, 201167.9018758179 286559.8746073052, 201178.7418425617 286560.5416739235, 201184.5706843514 286568.9741625463, 201189.1236931437 286581.4004641738, 201190.3064256469 286592.605943106, 201202.5107371388 286608.3615744435, 201215.1711072459 286619.3467001905, 201229.1985518354 286625.0067265563, 201239.3096831969 286625.7847106878, 201251.9715481599 286625.4536201879, 201262.446984111 286626.6754557149, 201271.0089673732 286631.5581802999, 201283.4883581948 286633.2240967609, 201294.3274045068 286639.6603796201, 201301.339726017 286651.9761469105, 201306.8948151491 286662.5166085467, 201311.2654738238 286674.6101156363, 201318.2778259535 286686.371177628, 201324.9261995175 286695.3585965964, 201333.1232938349 286703.1258663356, 201344.5999926448 286708.6747533659, 201360.6308941821 286716.5541580649, 201370.8317947386 286725.3202577621, 201384.6768296382 286730.7586106255, 201394.8786133726 286733.5337712413, 201397.2456825616 286741.9658666526, 201410.1792308175 286750.8433767199, 201415.8259170672 286756.946167934, 201421.927318556 286767.7086749005, 201437.9582068929 286774.5897227297, 201448.3410598726 286783.9106585711, 201459.0892900377 286786.7969229637, 201470.1109831289 286788.4628623352, 201479.4917373449 286798.1165030353, 201479.1258175525 286807.6576131345, 201467.2845873364 286804.4383162609, 201461.4536008413 286811.8706107369, 201465.8232270818 286828.6238362968, 201479.484109323 286844.8238578254, 201491.2324026628 286858.915652274, 201500.0668349928 286866.6831800383, 201511.9077129785 286871.4557339056, 201519.8312930526 286878.7793537377, 201523.1082644616 286892.2041098948, 201529.2088292934 286906.6278383921, 201536.8607341426 286904.2993124223, 201546.9705233772 286910.957664413, 201556.6242412523 286921.1661527502, 201579.3954134496 286927.7157817887, 201587.9566107956 286934.4848537764, 201598.7041479655 286940.0339370681, 201608.4487670301 286950.7972164675, 201612.84230546435 286954.0877147773)"
TRAIL-180,금정로 36,금정로 36-5,201612.84230546435,286954.0877147773,202002.7590542793,287425.2719402941,129.0177062399222,35.179003652088014,129.021988,35.18325,947.7065935288257,"LINESTRING (201612.84230546435 286954.0877147773, 201618.376135246 286958.2322233132, 201628.0295428274 286969.4392832513, 201631.4889978223 286980.0905166775, 201634.5847510955 286987.0805383456, 201646.4264494337 286986.0841880669, 201658.9948274397 286996.1823730946, 201672.5656824087 287003.3962201431, 201685.8641179009 287005.9503943361, 201698.6167645837 287004.5105063647, 201716.0143788585 287005.9560557099, 201726.3064591115 287010.7285977065, 201737.6009680745 287013.0605784794, 201745.6159501056 287017.1670427323, 201760.2795908448 287025.2687831165, 201778.4072332273 287019.7251301993, 201790.6135649393 287017.1758257447, 201800.8135124476 287026.9409086355, 201806.1855257049 287037.9254218684, 201808.4591395325 287055.8987837408, 201815.9260342693 287067.4384411242, 201821.7529972716 287080.6419331623, 201821.2038839011 287093.5113133814, 201824.7540399735 287104.7173604204, 201834.8629669963 287113.483969667, 201842.6041028983 287119.8093427695, 201854.9903113551 287127.9107748743, 201868.4694283695 287136.5671688696, 201883.4064191545 287142.7831203764, 201893.1517339317 287147.5557393925, 201904.4448164961 287155.6570111096, 201918.0140391005 287168.5293663406, 201925.0256217759 287178.4048608252, 201933.2207699539 287190.8323231793, 201944.0572589075 287203.9260231368, 201955.9874226973 287213.9135430401, 201968.4651141899 287219.1306097444, 201984.8587445597 287227.787812123, 201994.421009362 287235.8888179945, 202007.9903036253 287247.319038862, 202018.4642019279 287251.7591233636, 202029.3929228313 287258.8619758566, 202034.1270953628 287269.0698780329, 202037.2213910434 287280.7196848005, 202046.8728586184 287296.6977851811, 202067.2728155312 287310.6813524341, 202085.6696270549 287321.2252427822, 202094.0477243263 287328.7713628536, 202103.7008957043 287336.7615625405, 202112.3518304761 287345.9719220593, 202120.9117147165 287354.9603807941, 202130.3830301833 287361.3973516258, 202139.9453121073 287368.2781296585, 202153.5150948759 287376.0474212973, 202165.0789775641 287392.2479929023, 202151.6878928175 287399.2342699164, 202138.4827432908 287390.3556274301, 202126.5510074359 287388.910546972, 202117.9873991318 287396.008952415, 202111.9735209791 287405.881558692, 202100.5876644955 287407.2102381913, 202092.0274251449 287399.8859569383, 202082.1894127435 287403.7667278022, 202073.7171916124 287409.7557568305, 202063.5149869522 287413.0817449428, 202050.0360409808 287406.3111037414, 202036.9190423596 287410.0802382835, 202025.5331526051 287411.6309000022, 202011.5044913201 287419.1719615263, 202002.7590542793 287425.2719402941)"
TRAIL-181,금정로 37,금정로 37-1,202160.1596991144,287395.2423046646,202837.30739170656,287202.72099663137,129.023716,35.18297900000001,129.03114961826088,35.18124201340161,871.8395765458353,"LINESTRING (202160.1596991144 287395.2423046646, 202169.2676431584 287397.3524163034, 202180.9268824686 287395.5801132145, 202186.3015901852 287392.585922646, 202201.8776357534 287390.1489292022, 202205.7058341828 287379.2773548129, 202210.2628552307 287367.8512403643, 202219.7387431551 287355.3168932117, 202229.5782326885 287345.8890757433, 202238.1423322645 287337.3485052768, 202248.3463939154 287327.1441910183, 202260.7340329976 287326.9253865985, 202274.0354212968 287315.1686600486, 202284.23949242 287305.1862743677, 202295.9898740024 287303.7469742902, 202306.6461888703 287306.4123359908, 202318.1222372844 287309.1888639274, 202331.4194997528 287313.8519217666, 202344.9887117867 287323.5075463302, 202356.0079157097 287331.6093127107, 202365.0238951379 287337.1588589073, 202378.229046102 287345.4831114181, 202384.692049477 287360.7950735552, 202390.7013938607 287369.3393407624, 202400.1726203534 287375.3328182314, 202410.0074348293 287384.1000008738, 202421.2084979815 287392.8675594452, 202431.3196235935 287390.0966694778, 202439.7895894607 287393.4272652924, 202452.3576896355 287399.1997444451, 202464.1054105999 287407.1908967392, 202473.6678756857 287412.2969247377, 202489.4261642401 287409.7495315206, 202506.2766145374 287410.3088983038, 202515.7489852239 287411.7537956637, 202528.2270731959 287413.421429333, 202539.2488343423 287411.4275216086, 202549.4498419051 287412.9836024711, 202562.2023361413 287410.5464342269, 202572.9518952646 287404.8913403512, 202585.0671012948 287401.4555278052, 202595.2680804757 287403.1226041813, 202603.6506210089 287393.4728869059, 202614.0355358284 287389.0381204386, 202623.5981606596 287393.3676990927, 202634.6192895942 287393.7037300569, 202640.1788401761 287382.0562350234, 202644.0047182568 287380.947911643, 202650.1965906501 287387.3844698748, 202658.3047129573 287381.9505928054, 202669.0549872696 287374.1876784918, 202674.5231161596 287363.8715051488, 202686.3654244014 287359.5481961481, 202687.825843834 287349.2308432752, 202695.7535038431 287338.249749694, 202695.2105258477 287326.3785872346, 202705.050939706 287315.6199593671, 202714.6187857451 287302.6423820727, 202727.5557555976 287293.2160346988, 202739.7638996866 287284.3442050564, 202746.2337360795 287275.2487624833, 202755.1631717735 287265.2665210824, 202772.2903241691 287255.3977378768, 202787.9611965238 287242.0892772997, 202796.1618163311 287232.772515949, 202803.5416811985 287226.6728816501, 202815.7507826452 287215.2494453913, 202826.6806196397 287216.9170083814, 202836.4287282775 287210.9290842681, 202837.30739170656 287202.72099663137)"
TRAIL-182,금정로 37,금정로 37-2,202837.30739170656,287202.72099663137,203483.3106810199,286934.56590163196,129.03114961826088,35.18124201340161,129.03824068646784,35.17882294857898,871.8395765457993,"LINESTRING (202837.30739170656 287202.72099663137, 202837.6163263623 287199.8350648351, 202848.9122684316 287195.9555736454, 202856.9258506081 287202.3928445905, 202867.4006147149 287202.9508740154, 202876.8744135389 287200.4021679948, 202889.9898361609 287203.623716558, 202901.2816383271 287212.7247273601, 202917.0390015275 287214.504890867, 202929.97078145 287222.1641949812, 202943.4507869731 287224.4983876966, 202954.8378661961 287220.5081141477, 202971.8705582781 287221.8450135352, 202987.4454998702 287224.290903239, 202999.3785285079 287222.0759684429, 203010.8558366858 287220.7484492214, 203021.9713571624 287211.7656935012, 203032.8141975974 287201.1187014776, 203033.2713759785 287195.9044905484, 203043.2920090792 287192.5795342977, 203057.5043167659 287184.2635269518, 203070.0764883249 287177.7220885284, 203081.8280291524 287173.7320983232, 203097.3151239376 287166.8588582579, 203107.0631230955 287161.8697207689, 203122.0040035487 287154.2197282908, 203134.0305476373 287145.3483687289, 203145.3276865612 287138.5847061434, 203154.9862398263 287129.0468891888, 203164.189764634 287118.3994846512, 203172.389989899 287111.6347747558, 203172.5757006001 287101.5389447381, 203181.6892386049 287087.896041575, 203187.0671534673 287077.2473179386, 203197.9093697906 287069.3741224804, 203201.280048652 287068.1549302181, 203208.0215662659 287065.2727739382, 203218.9521038861 287065.2766515883, 203237.2588909116 287070.4975386555, 203248.6436674046 287073.8299313995, 203261.8521469852 287071.7267440145, 203275.9716307902 287069.2910736222, 203288.178681175 287065.7452918563, 203299.473165425 287066.8588377574, 203317.5070460965 287070.9703486911, 203328.889794789 287079.7390926309, 203339.4544101563 287083.9588494347, 203349.3811564622 287088.8440461229, 203360.9477557351 287092.9532547219, 203382.1721458726 287090.2985009554, 203393.2869897065 287084.5335749446, 203404.3115105322 287076.7716384564, 203417.3429948837 287061.0225117118, 203418.5335429753 287044.0485448306, 203415.5317375661 287033.1749108938, 203411.4384954477 287017.9740553007, 203415.086795248 287005.3278266107, 203416.7363461188 286978.9238037551, 203413.5534262441 286965.1655623212, 203419.9345442751 286952.1875351199, 203427.7707969629 286945.3119764304, 203433.8781771989 286933.6651823394, 203446.6357641656 286920.2458183441, 203458.7496632863 286922.8021445906, 203470.8628754566 286927.1335888068, 203483.3106810199 286934.56590163196)"
TRAIL-183,금정로 37,금정로 37-3,203483.3106810199,286934.56590163196,203817.97202388992,286373.07420645165,129.03824068646784,35.17882294857898,129.04191208680808,35.1737606884081,871.8395765458059,"LINESTRING (203483.3106810199 286934.56590163196, 203493.1745968048 286940.455430306, 203502.8273785171 286947.337678213, 203511.6660652425 286939.4640848364, 203514.7685608109 286925.3754156115, 203516.867403208 286915.6131691402, 203521.7010891951 286900.3047924309, 203525.348597096 286890.2103188466, 203531.3663909061 286875.1242964588, 203541.2068137585 286868.1386741336, 203550.9512477734 286873.6896819358, 203562.0604010547 286883.3461599845, 203570.8017708975 286891.559447854, 203580.2737261825 286895.0024464639, 203588.6514576422 286901.32956217, 203597.8477923113 286910.6524954041, 203611.1440100581 286917.7581940164, 203622.7099996625 286923.6428374851, 203633.1881101007 286916.5466257123, 203639.8428454405 286903.5688636927, 203647.9578029315 286883.7131746281, 203660.6259879402 286867.0767043308, 203667.6432720851 286858.7587525338, 203675.2080991838 286848.0002633218, 203683.4120636307 286833.5808929173, 203681.3251955374 286813.388261751, 203688.711374186 286794.08703482, 203697.2804960425 286777.8927250602, 203713.682963035 286762.9220138848, 203723.1598318861 286754.6051148162, 203732.0004977659 286742.8487042939, 203740.747804882 286736.6394564328, 203750.2213734386 286736.4214854734, 203752.4128450401 286723.6638504454, 203749.5047666356 286707.1320134538, 203737.7589628819 286695.0342808906, 203728.3795476622 286687.7081224922, 203725.4685395465 286678.1657547607, 203730.5741981043 286667.1844158112, 203738.6852617673 286657.7575333611, 203747.7975741889 286650.2171176093, 203757.4569603319 286641.4565558034, 203765.9343806039 286627.3702090881, 203773.5019664084 286610.7317835084, 203775.2403960881 286592.3158325207, 203768.6879610684 286577.3356882519, 203762.3172754498 286563.3541189382, 203757.4024018037 286553.3671355231, 203758.6821219198 286542.7170598571, 203773.8078234211 286532.5165165781, 203783.2854978222 286522.9793012739, 203790.212020952 286514.7723541273, 203798.4158182732 286501.9063077037, 203805.8891656111 286493.1448829875, 203812.6367193959 286477.3936992136, 203816.1956834174 286462.4177838244, 203818.6611099567 286448.4399034049, 203812.6572614585 286428.5784346625, 203812.1160642789 286415.8196702109, 203810.6633608409 286404.391848159, 203811.579486126 286392.0774724201, 203813.405627093 286381.9823557805, 203817.97202388992 286373.07420645165)"
TRAIL-184,금정로 37,금정로 37-4,203817.97202388992,286373.07420645165,204232.1288252439,286660.8591442226,129.04191208680808,35.1737606884081,129.04646000000002,35.176353000000006,871.8395765458283,"LINESTRING (203817.97202388992 286373.07420645165, 203818.6934676519 286371.6668104127, 203827.9005568786 286356.2495090219, 203828.9073834665 286344.933668268, 203833.7420876137 286329.1816953554, 203839.8505922483 286317.0914098632, 203855.4328996855 286305.337986303, 203865.8222789277 286294.8027541469, 203876.3908834083 286291.2570686281, 203889.3302686341 286282.387111542, 203899.5316013079 286285.608865732, 203907.4539572045 286292.4907929825, 203923.7560319432 286301.8171153803, 203935.3254008231 286301.2674140283, 203956.0012701234 286307.711157046, 203966.3853242689 286309.6017410972, 203981.7774758002 286316.3760629532, 204000.3580371684 286322.9299306474, 204019.1247975796 286320.3865287799, 204032.0610721375 286318.7281195549, 204046.8219836657 286310.9686354745, 204056.2975447905 286307.3117277361, 204062.3042231645 286319.8510663677, 204068.3126782335 286328.3964337216, 204070.3120385168 286338.9369914539, 204072.5835322199 286352.0293792863, 204076.95094994 286363.4585539302, 204076.6722741441 286375.4403581966, 204080.3107183831 286387.3129820993, 204083.676419553 286397.965102972, 204093.2343282225 286413.5015478535, 204078.7478255012 286419.0422048348, 204061.4406509992 286417.3702730512, 204050.8769819293 286410.0432530626, 204040.9487304986 286407.7089998025, 204029.0183200177 286401.0470587599, 204019.8168404048 286403.150903817, 204012.0708130128 286409.9150421329, 204019.8090140096 286420.7909644232, 204024.9060070116 286430.4453379897, 204025.3567460995 286441.0961433481, 204026.5319464295 286461.3993820196, 204020.2413973095 286472.8238008156, 204026.43035063 286485.0303682869, 204033.0762365027 286493.9088292237, 204039.631164265 286502.4544231702, 204049.0101235989 286510.6684521809, 204059.116321271 286522.2111313521, 204068.5853392441 286532.6440976668, 204079.1470526457 286543.9651165539, 204082.9642615596 286563.2710613439, 204088.3331335861 286575.6991910536, 204097.9833941097 286588.0183159387, 204106.6330190095 286597.2305704538, 204119.4733827632 286605.3352996093, 204133.680109021 286613.4406704227, 204141.0561057094 286618.8802867871, 204151.5282134374 286626.5402041866, 204167.4662410877 286633.3150957823, 204183.1333762784 286634.8755299885, 204198.8002490207 286636.9907103759, 204213.4625214132 286644.6526426231, 204222.9335607647 286650.093300614, 204232.1288252439 286660.8591442226)"
TRAIL-185,금정로 38,금정로 38-1,199562.9600668812,288938.7818066446,199739.86113198858,288378.3961543844,128.995201,35.196894,128.99714367254742,35.191843000014615,923.0387020427871,"LINESTRING (199562.9600668812 288938.7818066446, 199550.9387111561 288933.678962503, 199543.1973134525 288923.1396524291, 199526.6222527876 288913.9321369157, 199520.4288589469 288900.9519938677, 199519.7901377112 288877.6537506193, 199531.9017829499 288865.8930338402, 199522.1568457029 288856.7961208548, 199518.5134819966 288846.0347293649, 199517.0558310658 288836.0498318242, 199515.3245211668 288817.7441368949, 199510.8614231447 288805.540518912, 199506.3984764157 288796.3323956905, 199500.6602768161 288782.4646903443, 199493.191959114 288772.9239077386, 199483.9022428271 288763.9379558549, 199480.1677764355 288754.0641397017, 199469.4208933469 288745.0782867115, 199471.6053259882 288723.3331053315, 199486.2674625389 288717.7850540132, 199500.9294947424 288710.0181435492, 199513.0417515513 288705.9125505325, 199519.871628468 288697.0366540982, 199511.9477835114 288685.2769985321, 199506.2094736519 288670.5217388393, 199503.8410633527 288660.5368957512, 199499.8333543816 288650.5521438458, 199497.1005638804 288639.1250491934, 199500.7428432541 288628.2523224333, 199513.4013380178 288618.4885495604, 199528.4280860617 288615.3813187172, 199538.1725694124 288610.6102187774, 199556.6601512889 288608.8341885177, 199555.657773621 288596.9632158283, 199565.6756255627 288594.6329030227, 199576.4221764076 288594.7433379955, 199592.6329473061 288592.0799350286, 199607.2043365791 288587.4196377916, 199625.6007233069 288581.2059872982, 199636.6207207489 288586.6418004702, 199646.2742844991 288583.5349826311, 199658.4778950251 288580.6499668018, 199669.4061648771 288568.6675957329, 199678.7867416423 288571.2189729094, 199687.8941946641 288576.6549164618, 199701.373034834 288579.5390090939, 199711.6642072634 288578.6511225022, 199724.6874008567 288572.548790273, 199732.7016132746 288566.4466233285, 199727.1457971607 288553.7991591619, 199724.7772222999 288531.3885188108, 199724.5036722936 288520.5160037383, 199720.1318173767 288509.4217263763, 199733.1550868362 288502.3209099525, 199742.2621090982 288491.3371790938, 199734.5206373061 288483.5713150863, 199725.5040072554 288472.0333966935, 199718.8553308066 288462.3814634339, 199715.1208985997 288449.401119917, 199721.9511398993 288439.6378265415, 199728.9635839374 288431.2058622109, 199720.8577390814 288422.9962450944, 199721.2216530847 288410.5704948829, 199705.2833376756 288400.8079191639, 199697.7239241857 288393.5968022036, 199697.4505377426 288388.7152711989, 199712.0223259005 288384.6098645611, 199722.58675761 288377.6200569039, 199733.6978820888 288378.3963319343, 199739.86113198858 288378.3961543844)"
TRAIL-186,금정로 38,금정로 38-2,199739.86113198858,288378.3961543844,200512.21125085623,288143.36582514556,128.99714367254742,35.191843000014615,129.00562393882572,35.18972444537378,923.0387020427783,"LINESTRING (199739.86113198858 288378.3961543844, 199744.6268335785 288378.3960170949, 199757.1039252196 288373.6250778527, 199768.5792877948 288371.9606159209, 199781.1474488156 288366.080266632, 199788.0689379399 288357.9811834774, 199801.0016913621 288363.9718708052, 199811.4753004149 288364.6373112108, 199822.8596291545 288363.9714167948, 199837.8870666666 288369.8511720321, 199854.5536389541 288363.9708522058, 199868.9433773449 288359.0890925768, 199881.2384652501 288358.4232584308, 199891.7120708385 288358.7559593785, 199903.0963333155 288350.6569119743, 199919.2165386275 288345.3314376416, 199923.2238194784 288343.4453533114, 199927.3221760749 288341.4483259441, 199933.1510223127 288347.9939821163, 199943.1692969899 288353.6520621368, 199957.1948518985 288359.7539098133, 199967.3041468244 288358.0897063402, 199974.2258057248 288348.9922688083, 199978.5063024452 288339.2291780658, 199973.2239179408 288327.3581751341, 199984.2440032416 288325.6939880029, 199994.8087139505 288318.9263867554, 200005.5555856669 288320.8124363666, 200014.0255862148 288314.8214651149, 200021.5848489805 288307.1663384224, 200028.9619819109 288296.959503738, 200037.7963531838 288283.5353029751, 200047.0861238831 288271.1096101215, 200060.9297436631 288253.6914733103, 200072.2231818083 288249.5866257296, 200082.4237371782 288243.4847889927, 200095.0833610109 288237.161101154, 200105.8304528205 288226.732478042, 200117.2150929148 288217.0804845331, 200129.60152053 288212.7538348236, 200137.2520560093 288204.2112546575, 200150.4582259777 288198.2204850928, 200160.6588683161 288193.4500656887, 200176.6883743568 288190.8986508799, 200188.4372358709 288191.1207758768, 200204.3756673433 288189.0131844379, 200226.7806643247 288181.913298019, 200243.6297794085 288183.7997846897, 200258.4751023793 288189.2364552251, 200270.3150703578 288188.4601925158, 200279.6050007457 288184.3555443872, 200290.7163288555 288184.6887264859, 200306.6548518272 288180.9171542076, 200319.2232441522 288185.9100712528, 200330.9720843279 288186.7980455503, 200344.6336134429 288185.4672264817, 200353.8322178954 288188.6849590036, 200363.9415849859 288191.7917933836, 200372.6846843603 288197.6721842763, 200384.7068039535 288196.8960786313, 200378.3318762772 288186.7999004693, 200374.8713588106 288177.3695114874, 200384.4347286872 288169.7147724463, 200407.2953533606 288161.3949675983, 200416.221107141 288156.4028909699, 200432.8882569708 288154.5176234856, 200445.7301471139 288153.4088059645, 200456.3861731568 288152.7436724406, 200469.4100901727 288154.1866109421, 200482.1609792902 288151.7465117124, 200492.2704642386 288152.6346081002, 200504.2017129318 288149.4178870079, 200512.21125085623 288143.36582514556)"
TRAIL-187,금정로 38,금정로 38-3,200512.21125085623,288143.36582514556,201131.34994445322,287648.4507553789,129.00562393882572,35.18972444537378,129.01242123263887,35.185262994605004,923.0387020428054,"LINESTRING (200512.21125085623 288143.36582514556, 200514.0384400051 288141.9851884762, 200524.1483565772 288135.5510129857, 200534.8953881516 288136.5501379157, 200544.0034909198 288129.8940374186, 200556.3902894881 288124.791363714, 200572.8756180538 288119.023301057, 200579.9801019207 288111.8123901328, 200591.5476844018 288100.053069402, 200601.7486992357 288094.8393713855, 200612.587305847 288089.0710077872, 200627.8884730557 288086.9641189928, 200640.7307890803 288081.5287604297, 200644.374571313 288071.9878313226, 200642.37170451 288060.1166766482, 200651.3895317298 288044.4742114057, 200650.1152050018 288033.8234923312, 200655.7628562941 288022.6185520553, 200662.3211502547 288013.5216186541, 200672.6132992325 288009.4174480913, 200682.6321639513 288006.0898768637, 200692.833786963 287994.9962486241, 200705.8586196672 287987.1202284798, 200714.3293694521 287981.4627473111, 200716.9714478587 287971.367049723, 200727.2649169182 287951.7307783381, 200737.9215264868 287947.0719915277, 200751.4921772604 287948.4044357865, 200769.5258885153 287947.4074540882, 200781.0012693271 287953.9541338095, 200797.1217499885 287959.3917955968, 200804.407384707 287966.9366334977, 200817.7959387057 287967.1597207435, 200828.4524955202 287963.3885925447, 200839.2001194595 287959.8393733918, 200848.2175551912 287953.0726281156, 200863.0644690937 287941.9796287597, 200871.626641278 287934.2143674067, 200879.4607229578 287921.0127866125, 200893.4884298737 287905.703885534, 200905.8757099158 287900.8235795421, 200918.2625083251 287900.8248270928, 200931.2869994463 287899.4948289722, 200948.5915999148 287904.156273699, 200967.6274957612 287901.2737433154, 200982.6562220518 287895.506272885, 200999.5979801354 287886.6326060457, 201010.6195334241 287878.3130284439, 201019.2728222094 287871.8792456572, 201031.9342520296 287860.0096706227, 201045.0506537909 287852.1341502147, 201055.6171884003 287841.2628631589, 201062.2679023231 287825.2877042962, 201075.2938406152 287812.863513427, 201087.5907183578 287804.2113498832, 201092.2370751182 287793.7831732424, 201104.4427926204 287786.1295177815, 201113.6442069249 287767.6029974971, 201120.8403955397 287761.0581897045, 201128.7653521559 287753.6259265648, 201129.5857719849 287748.0788293351, 201134.8708992811 287728.6642921141, 201136.0570276467 287712.1337869964, 201135.3298932465 287700.0408016541, 201140.4327718764 287681.6247420202, 201138.4303432704 287670.751980229, 201134.2420711277 287658.8804492621, 201131.34994445322 287648.4507553789)"
TRAIL-188,금정로 38,금정로 38-4,201131.34994445322,287648.4507553789,201579.03163312536,287809.87412105384,129.01242123263887,35.185262994605004,129.0173366947705,35.18671738954256,923.0387020427656,"LINESTRING (201131.34994445322 287648.4507553789, 201129.7810680549 287642.7930154467, 201124.5915296224 287625.5960540303, 201127.6895113716 287616.0552579151, 201134.3399340296 287604.7398037718, 201147.6386360754 287599.4161688106, 201159.479110769 287601.3037243519, 201170.9556382475 287600.1957612352, 201167.7690980707 287589.7666171083, 201162.1231058968 287581.0013177848, 201161.9417946759 287574.3446568043, 201162.0336033264 287568.6865265748, 201163.3097449667 287561.0315571695, 201164.677627932 287548.2731777811, 201166.1362978401 287537.8446335902, 201165.2271801528 287524.5312420661, 201166.0487856805 287510.1086340481, 201168.0539495908 287499.7911050789, 201178.4377064555 287497.9064030539, 201190.0966070942 287496.243768298, 201200.1160533649 287494.2480993205, 201208.2216551488 287500.4620381287, 201220.06278465 287498.3556904542, 201223.0688680519 287495.915329022, 201236.0032208506 287492.2559346188, 201251.5784703785 287492.4799614374, 201264.1488461129 287486.3797901025, 201274.0771268108 287485.16079787, 201284.8256818916 287480.2807826043, 201295.2091047009 287481.0588691589, 201308.0509982149 287487.2735757597, 201318.3421970441 287495.8177519281, 201331.6414282485 287488.7192848061, 201334.375520109 287477.9581243255, 201345.1242315984 287472.3015730582, 201356.0546423367 287469.8624361921, 201367.1674441978 287465.9810687742, 201376.5498654731 287460.7681245247, 201390.8506055564 287456.9982152299, 201403.7858040219 287448.679415146, 201415.8081568471 287453.340932063, 201411.4345908363 287463.214260421, 201402.9625083075 287471.5337399969, 201395.0366526524 287481.7393588138, 201393.3949628196 287495.9399315014, 201394.2128696143 287507.9220040396, 201395.8507456052 287518.461931807, 201390.1094870536 287538.0981288227, 201390.289575423 287551.633319306, 201406.2272076069 287563.7286714902, 201420.891067103 287566.7264471232, 201429.7247113776 287575.4924103262, 201435.5523846302 287585.700176846, 201445.2953692455 287603.5637049744, 201454.5842051056 287613.3282613113, 201469.7011111492 287630.3051293841, 201476.8040694107 287639.1818026748, 201483.906959214 287648.3913135768, 201488.5499317529 287661.81629667, 201489.1854976843 287674.0202388075, 201484.174605171 287682.5621027261, 201488.0904028792 287686.8895605681, 201493.7366174432 287691.993913254, 201504.9392550253 287694.3255915421, 201516.6881897774 287697.7668150079, 201526.7974444964 287702.4281609893, 201536.451187957 287707.6441609311, 201541.0035750607 287717.5189491881, 201546.01097918 287729.6126973308, 201552.7491181947 287740.4863611422, 201554.477734115 287751.692000879, 201564.1311791761 287758.2393586192, 201571.2341947275 287765.6738358307, 201580.6132282436 287778.7668595111, 201580.520385637 287788.8627471631, 201581.5201596014 287800.9558177293, 201578.9683800855 287809.7199486112, 201579.03163312536 287809.87412105384)"
TRAIL-189,금정로 38,금정로 38-5,201579.03163312536,287809.87412105384,201984.57482723868,287470.5472658203,129.0173366947705,35.18671738954256,129.0217884669487,35.18365812797752,923.0387020428019,"LINESTRING (201579.03163312536 287809.87412105384, 201582.7921246571 287819.0399123965, 201593.2648475287 287827.5844372268, 201603.3743893459 287829.5832135848, 201620.6795125957 287830.1410140243, 201631.3348865521 287835.6901275341, 201630.7865082485 287846.2297095429, 201631.2400294884 287856.658528157, 201638.6163327125 287863.0946125044, 201650.4553091676 287870.7518993011, 201660.1084155514 287878.0759686561, 201678.7791023431 287881.518675036, 201670.2146532983 287897.6039738027, 201667.6625290705 287907.9212971954, 201671.6682378764 287917.5741655193, 201675.4921288223 287925.34095373, 201683.2320217289 287935.2164071433, 201691.6103001481 287940.5432815115, 201696.8005352434 287947.3118381038, 201696.0693687117 287960.8468724661, 201705.3583615283 287966.3958184536, 201717.0175134495 287960.7398761296, 201723.3944229543 287953.4187816347, 201733.0494629725 287949.87041537, 201742.4309535227 287947.9861671755, 201749.3543237061 287940.8870842948, 201757.8248860273 287939.7792843193, 201765.3855902209 287933.9007217764, 201773.8570520553 287928.2442319949, 201784.2411217579 287922.9209588829, 201795.0794342764 287923.4778209371, 201805.6443088685 287925.0331376468, 201815.8449077551 287926.3665055882, 201826.5017272531 287923.595048162, 201835.6102068492 287920.8232892986, 201840.6215698768 287910.9502885276, 201842.8096404452 287900.3001075677, 201854.5608607794 287890.6503768615, 201862.5772719983 287883.7734930161, 201873.1428239143 287882.2224560238, 201885.3479278483 287880.1170524669, 201898.7383985936 287871.6881049219, 201909.7608901536 287862.9258455458, 201916.8668276255 287854.8284339027, 201921.7870709572 287845.7320677324, 201930.8965096604 287838.9664207935, 201938.8187854678 287846.8451381849, 201943.3745445711 287838.6362578888, 201950.9366726268 287827.099706884, 201955.9483569767 287816.5611072296, 201954.585002676 287803.3584762295, 201954.1319947051 287792.2639781266, 201958.234983094 287772.0730562428, 201962.7002455516 287761.4233990298, 201963.4325721072 287744.4491263764, 201963.7997107266 287731.4687587319, 201962.8005115972 287719.042815073, 201961.8927275434 287705.0636757241, 201966.2672589312 287692.9717298372, 201969.457258458 287683.0984082884, 201974.6514733974 287671.3394770657, 201980.5743807124 287659.4697643686, 201980.9413045726 287647.5988387852, 201987.1386989635 287630.1819920081, 201989.8744290975 287615.3161000599, 201997.1647297845 287598.4542209992, 201994.2527543479 287586.3606866274, 201988.4271237784 287569.7178106312, 201984.513702188 287555.4051808361, 201984.6988096833 287541.9810019433, 201982.7892967739 287527.2250370093, 201985.5240778439 287516.7969040782, 201986.8926389865 287506.2575283563, 201984.8915522712 287493.7204227427, 201985.4411419572 287479.6306612774, 201984.57482723868 287470.5472658203)"
TRAIL-190,금정로 38,금정로 38-6,201984.57482723868,287470.5472658203,202498.37055091554,287856.84445514454,129.0217884669487,35.18365812797752,129.02743055305626,35.18713889379259,923.0387020427761,"LINESTRING (201984.57482723868 287470.5472658203, 201983.8962680927 287463.4325061008, 201989.729092376 287447.6797451285, 201996.6541637215 287435.4774351795, 201999.571352692 287424.1617965635, 202001.8489480461 287421.9434208383, 202007.0416090293 287418.0615320689, 202004.7640114272 287420.2799064756, 202017.7889089489 287420.9484624547, 202028.8106226344 287418.6211018184, 202043.8395494585 287418.5135367886, 202056.4998577804 287420.2915055873, 202065.3338396977 287425.5078809811, 202073.6196302377 287438.0464398366, 202084.823275838 287436.7176844608, 202092.1118466824 287428.7314011219, 202101.9501194545 287423.6302575968, 202105.3232264224 287410.7615437972, 202103.4127742728 287400.7761453455, 202121.8145327353 287389.2422679623, 202132.1988765061 287386.2492202895, 202143.8564421738 287391.5772810905, 202156.1513213296 287398.0149480292, 202161.5210153127 287415.989146263, 202165.7991378632 287427.8611701477, 202169.3488957299 287438.4016944358, 202170.6198715169 287455.9311426013, 202179.5441960827 287463.8103061855, 202190.9287317179 287467.69609122, 202188.1022940367 287479.455466827, 202190.6501136059 287489.8848143515, 202198.9362643555 287499.9827222639, 202202.8511791017 287506.8621989245, 202205.39848768 287519.2885421828, 202204.0290532406 287532.3795961664, 202203.0240086246 287545.2488513118, 202211.037144163 287554.1263211525, 202208.1201383912 287563.7777345455, 202213.0350850907 287578.2016500251, 202217.8596128248 287589.8519470629, 202219.3142147084 287600.9467006063, 202222.3176206177 287610.3776748569, 202225.9573960941 287624.690341598, 202235.1562036085 287626.6895987543, 202235.0621918343 287638.5605812505, 202232.782761175 287648.2121452809, 202234.6020459067 287657.7537764215, 202245.2554317396 287670.6259134049, 202243.4314888132 287679.9447561952, 202243.1550288709 287692.925134247, 202245.3384542115 287703.1325223371, 202260.6373865836 287714.1197834206, 202265.1891197619 287723.4402161708, 202269.285549289 287732.3167612637, 202265.4577563608 287741.8569865847, 202269.0977163935 287754.9492896181, 202280.7537210163 287764.2715135839, 202287.3096316396 287771.8173591119, 202297.8726566508 287781.0283853852, 202308.7102310373 287785.0251258865, 202325.1929656505 287796.1237434049, 202335.0289113879 287799.0108183285, 202346.1398040163 287802.563898204, 202356.2491503883 287804.7854029972, 202363.6248072675 287811.8877415797, 202378.287540984 287816.4402847978, 202389.4900902446 287817.6636178277, 202404.0611324048 287824.435058873, 202411.8019130569 287828.3201575078, 202431.1099485949 287831.8755286114, 202446.0430993723 287846.6351037029, 202456.3329671748 287854.6258580623, 202465.8953566676 287858.2896093873, 202485.6599242092 287857.4074606085, 202497.226758306 287858.5200830152, 202498.37055091554 287856.84445514454)"
TRAIL-191,금정로 38,금정로 38-7,202498.37055091554,287856.84445514454,203071.28499010231,288432.1689671562,129.02743055305626,35.18713889379259,129.0337229385498,35.192323022353456,923.0387020427463,"LINESTRING (202498.37055091554 287856.84445514454, 202502.6026451727 287850.6445417779, 202516.5406153866 287840.7743867685, 202532.2067183833 287839.5583695393, 202544.3186781934 287845.5527412097, 202553.9704321 287855.2075875825, 202565.9911824742 287861.5347947474, 202578.0129267159 287864.3118095679, 202589.9421243081 287872.1922388716, 202594.6745492996 287885.1740442122, 202604.417797268 287893.0538668147, 202610.5156453109 287908.5877862924, 202607.2336272539 287919.5702996224, 202608.4139821209 287932.3292030595, 202611.7804207047 287944.4230729265, 202609.9551961447 287957.0701666594, 202610.9539925704 287967.7210821065, 202631.9900200529 287978.5996875228, 202639.6385871441 287985.5913883309, 202654.1169231579 287996.3571923063, 202664.9529727749 288004.1264578108, 202675.8794919874 288013.8927559467, 202679.9748292388 288024.6555395831, 202684.3420096181 288040.0780559341, 202680.0583552957 288050.1726957783, 202681.6001416587 288072.2510189356, 202692.9823115047 288080.7970891039, 202709.737800637 288090.1213884606, 202720.1193029682 288094.5622633968, 202729.8621829525 288102.5531676755, 202735.5927176887 288126.8516469238, 202751.5284180893 288136.0648326738, 202762.7298110369 288139.6184534632, 202775.9359088818 288139.8443804318, 202792.1472050366 288141.1806934992, 202804.7153486272 288142.7377945727, 202819.6512470231 288145.0722585671, 202830.7613171566 288149.2915995796, 202842.3246021479 288160.3896289417, 202849.6989946285 288169.3784166243, 202859.5322309004 288179.0336510587, 202864.3564485516 288188.0216459807, 202871.8205711665 288201.1154113922, 202876.5534770705 288210.7690486574, 202878.3719699279 288220.3108175539, 202896.4028917878 288227.0841562702, 202906.8741532532 288234.8535977151, 202919.7132646764 288242.9566468375, 202929.9117627105 288249.1728099653, 202941.3853806218 288255.167510599, 202951.0365637101 288263.9352339604, 202959.7771527469 288272.147949584, 202968.3351746722 288281.5809989393, 202975.6187417889 288289.1275880041, 202981.4438478689 288300.4458019588, 202994.2809651644 288314.0961620485, 203009.2142093802 288323.420417092, 203017.3175693561 288330.4125922149, 203026.1482933523 288341.0661731707, 203034.0665005268 288356.933830108, 203038.888811642 288370.8034608144, 203046.3557784585 288374.245237392, 203049.448206319 288386.4501305724, 203058.1873511845 288398.3240981675, 203067.2927246365 288404.4291044786, 203065.3764073345 288415.5228671002, 203065.7383752202 288422.4015249405, 203071.28499010231 288432.1689671562)"
TRAIL-192,금정로 38,금정로 38-8,203071.28499010231,288432.1689671562,203363.02654,288977.87670984754,129.0337229385498,35.192323022353456,129.0369285078424,35.19724084802178,923.0387020427971,"LINESTRING (203071.28499010231 288432.1689671562, 203071.4726226881 288432.4993831808, 203081.3958064477 288443.9299993204, 203088.9518403574 288453.0299920664, 203091.4062130643 288466.5660129427, 203098.3241331268 288477.329957904, 203101.3255340755 288489.0910631169, 203103.780220729 288501.6285910272, 203109.3322670656 288511.615467941, 203110.4185144198 288530.9201205399, 203106.1332081202 288545.1194989938, 203109.4095855623 288551.666327849, 203109.4038321453 288568.418891228, 203104.2983215365 288584.2821518524, 203091.2697593612 288599.4770421415, 203094.6327632943 288619.0043613061, 203101.915611331 288627.5495532732, 203113.9360601301 288630.6601159243, 203128.9619546195 288633.5498444438, 203142.8959382465 288633.665614952, 203150.1781499185 288643.8750081028, 203153.9984946274 288657.3005811822, 203155.451196666 288670.0596656821, 203154.2624332569 288683.927271604, 203157.5369456364 288695.5775502145, 203158.8993781005 288706.0067770315, 203158.0751309395 288719.2088453794, 203159.9834822209 288731.080537393, 203163.1673255558 288741.5104013435, 203175.4598030417 288747.5056899381, 203193.1267347655 288749.8417315452, 203203.3220008827 288763.0476900372, 203204.4106086821 288775.0300464283, 203194.476238467 288796.7715948283, 203190.7349227482 288817.8496702869, 203193.5512887397 288837.1549518425, 203194.54867395 288849.5810529481, 203196.6395201089 288860.2324333606, 203207.3782049263 288881.5375168839, 203211.5612641539 288898.8462946718, 203221.7556640672 288913.9383281822, 203225.7555543427 288934.0206533383, 203227.4823058244 288944.0062473041, 203234.6722707497 288956.5455090011, 203242.7724254912 288970.4164331917, 203248.0495111069 288984.064463163, 203257.0582287354 289003.7048260396, 203262.3353533065 289017.1309766374, 203267.5206332805 289032.6650376525, 203272.4337345793 289045.3144537947, 203272.7020047801 289058.9606904488, 203273.8815522511 289070.9430934947, 203281.4363056223 289081.5964749135, 203288.2636302133 289089.1431600703, 203296.8224762599 289093.2512097264, 203302.1963037587 289090.9233395955, 203298.464317446 289086.0404327855, 203307.1204306398 289073.1740603646, 203313.2267526792 289060.0848743853, 203318.2387730567 289051.1002278957, 203318.789654289 289038.8965651593, 203322.2545936061 289027.0268043358, 203324.901843359 289009.9423663727, 203333.1018261565 288999.5166253865, 203341.0280491887 288990.6440099463, 203351.4117418054 288985.5444143085, 203361.9782836789 288978.55884687, 203363.02654 288977.87670984754)"
TRAIL-193,금정로 38,금정로 38-9,203363.02654,288977.87670984754,203624.74536204236,288230.96061772236,129.0369285078424,35.19724084802178,129.03979908914133,35.19050757669128,923.0387020427977,"LINESTRING (203363.02654 288977.87670984754, 203376.4617038198 288969.1339792202, 203392.4933230639 288959.7097148973, 203407.5203785677 288957.8293071961, 203417.3600786932 288946.5167068619, 203426.0141428457 288939.8633253419, 203438.5849464571 288931.2144433015, 203446.966298175 288923.340592078, 203453.2531573624 288915.2440610775, 203465.0047797125 288905.5964056971, 203479.8543220782 288891.9559647137, 203490.8743236561 288890.4069886207, 203511.0924750413 288888.5287561098, 203525.2970238458 288894.4143191011, 203535.408242314 288887.9834984789, 203536.9618417742 288874.1160803006, 203540.0639356139 288859.4726586829, 203538.1565435695 288846.4914421212, 203541.3487640058 288834.2888289917, 203546.6346936608 288824.4168651991, 203553.3804582521 288807.6669377849, 203557.0262340905 288800.1241647303, 203561.8571103024 288789.5863663907, 203570.2415441999 288774.5012599524, 203573.344645355 288757.5280244141, 203569.0715346075 288739.2205493067, 203565.9789668178 288729.4562431264, 203561.7030344535 288718.249198267, 203556.4264838489 288704.0462698683, 203552.7876359055 288693.8379774837, 203544.2332619442 288677.6367760384, 203541.7783651292 288667.3180079096, 203538.5036863491 288657.3317526597, 203538.5087596475 288644.3512876605, 203542.4290635448 288633.5912371706, 203545.2568150346 288622.0541515443, 203540.7110603085 288601.971480437, 203537.1646129223 288588.2130192209, 203541.7223608772 288577.6751066609, 203542.547570781 288563.4745784344, 203539.091620128 288551.1584265707, 203540.0995382211 288535.5156962431, 203549.7578465776 288523.8703428653, 203547.9415137194 288510.7782223684, 203544.6675232345 288498.9059172133, 203541.4846410532 288486.9227049648, 203549.8664930988 288479.0489538356, 203543.5008936825 288454.6387512791, 203539.5894893394 288442.4333671629, 203537.5008565756 288426.9003731821, 203538.0516365681 288415.8061759639, 203540.9715657253 288401.6064697823, 203541.1576196029 288391.6215717261, 203539.979810752 288375.8670463965, 203539.98458206 288363.6631955272, 203539.9913919951 288346.2449724009, 203542.1831364647 288331.0464864042, 203548.9263455277 288321.7298217636, 203556.8532855216 288313.0792918181, 203566.8765034438 288300.5465507713, 203576.1718898486 288286.127483788, 203583.1878673448 288278.1422821541, 203597.9466141415 288266.8318363669, 203608.6976626409 288256.5183135425, 203613.3467361918 288245.9804783505, 203620.3643744616 288234.0013191721, 203623.9170957455 288232.1166907394, 203624.74536204236 288230.96061772236)"
TRAIL-194,금정로 38,금정로 38-10,203624.74536204236,288230.96061772236,203697.7430184294,287628.376703631,129.03979908914133,35.19050757669128,129.0405978893092,35.18507588877501,923.0387020427634,"LINESTRING (203624.74536204236 288230.96061772236, 203633.8499540944 288218.252659856, 203643.2341081252 288210.0465679407, 203653.8025407954 288201.1752990912, 203661.5465913811 288194.8546141669, 203668.0164803233 288186.3145379302, 203664.2867867486 288175.3295633169, 203659.0055512985 288172.3319374037, 203650.3560393228 288165.4499131711, 203645.2605647123 288153.4658995547, 203642.9880616847 288142.481521033, 203638.9853558484 288130.8307833201, 203634.1635680922 288117.6265017694, 203626.2452690788 288104.0881502876, 203617.4141768995 288095.5419245421, 203606.6692024056 288090.1013790113, 203594.5568624558 288087.6557932817, 203571.1491047827 288089.7544689756, 203566.8725695396 288079.3240409554, 203573.1609089604 288069.2306099811, 203581.4529744553 288059.1379757733, 203588.1965578917 288049.4885118271, 203595.3043796536 288040.0610857524, 203611.5235225295 288021.8727138631, 203626.8271922743 288015.5550188817, 203648.7793328046 288009.9056906032, 203654.2504339465 287994.0428966623, 203652.7972507657 287983.9464014154, 203647.7922639648 287973.1828108078, 203642.6970343852 287960.3112499088, 203641.9728657557 287949.216553778, 203638.8804174189 287938.6756261593, 203623.7640504241 287931.7910337373, 203609.827134541 287936.3341732672, 203596.0707165328 287945.0932796828, 203585.5957126793 287947.4189510303, 203575.4867382724 287945.4179611989, 203565.5615773231 287939.2011813168, 203563.471692926 287926.6636817432, 203558.7372772984 287922.3350023199, 203556.64646449 287912.1273291305, 203553.6455059701 287900.2551388076, 203557.6567051469 287890.8264705583, 203567.9470729027 287894.9354484234, 203579.2414098592 287893.7195209473, 203596.8231875251 287885.0728521528, 203615.95180253 287880.3098763161, 203627.6126604237 287873.6578977872, 203634.082701811 287865.2287452529, 203642.7392073234 287855.4691482804, 203654.4938383022 287842.2715444589, 203664.9727979455 287830.5157121271, 203679.3685506127 287817.9848744024, 203694.3105538117 287806.1199467127, 203694.8610193016 287796.3570971755, 203695.4126177352 287783.82064774, 203697.9681746625 287770.8412405585, 203703.9836314991 287760.7477932139, 203705.5373620678 287747.6570348891, 203698.7139026635 287729.0156512364, 203688.5155258607 287722.3548511681, 203693.3516074349 287700.8336843485, 203689.7122376002 287691.2910163315, 203678.2432654532 287673.3134223433, 203673.6983159891 287650.7899454557, 203682.3578204819 287634.2628065921, 203694.2003935331 287629.6079816006, 203697.7430184294 287628.376703631)"
TRAIL-195,금정로 38,금정로 38-11,203697.7430184294,287628.376703631,204248.3241916852,287284.0385869516,129.0405978893092,35.18507588877501,129.046641,35.18197000000001,923.0387020427883,"LINESTRING (203697.7430184294 287628.376703631, 203700.5770501236 287627.3917049669, 203713.6937006785 287625.4000820521, 203725.5318289675 287631.6178077909, 203737.2797745893 287635.616631919, 203752.4874024342 287643.0561680836, 203762.3228765713 287646.3885685956, 203773.0692091085 287649.6104152429, 203786.0931846865 287651.3909545354, 203801.6676813903 287652.6178628315, 203816.6038525465 287655.6196329226, 203828.1705011843 287657.3996187349, 203835.7336320292 287649.5257946749, 203846.1181985304 287646.6456547728, 203856.4108393084 287645.7624796486, 203866.5210813022 287645.4339583523, 203886.1068022862 287638.2309811926, 203893.2160673111 287626.9177465854, 203897.683104387 287617.6003721576, 203905.8837617866 287610.0597134032, 203916.357943102 287610.729900631, 203914.9873438796 287620.8252117495, 203924.8232633955 287623.0483488827, 203934.7538753283 287616.9507380105, 203941.4061160353 287609.5203827937, 203948.9649349121 287611.8534994072, 203953.7965117489 287602.2034797509, 203964.0920301394 287594.8856765548, 203966.4529838542 287611.3064215628, 203963.1645044824 287633.0500056547, 203968.5344597881 287641.9278772183, 203977.9145922121 287644.9274804336, 203991.4905517029 287634.1718853693, 203997.5061326225 287624.7442985617, 204004.5254953273 287611.1012877318, 204014.1838612348 287602.8957076707, 204028.3958266339 287595.9125462011, 204034.2340503666 287575.834282039, 204033.8765387423 287560.5238520753, 204041.0769837816 287549.5436070961, 204050.8239511384 287547.1071935896, 204066.399687788 287545.8937895806, 204076.8762289376 287541.4607399362, 204083.9851078266 287531.7008719142, 204092.5513336783 287521.9416680039, 204099.1144979808 287510.5174057879, 204113.78199016 287503.7564731261, 204132.3652333558 287498.88339768, 204150.7633297468 287500.5559703966, 204155.7701702402 287506.5492414032, 204159.1401535448 287506.7726762947, 204168.4322413609 287503.3376846883, 204185.6499295308 287497.0218183904, 204185.4742738131 287482.9318517111, 204187.485345938 287467.2896804066, 204191.3157933594 287456.6408305112, 204187.2215833319 287446.7649231025, 204194.1447368392 287445.1039667827, 204206.9014441313 287434.4592616959, 204221.9351316748 287424.1484677133, 204237.7885084901 287414.0599702148, 204256.4667888521 287401.310172472, 204261.6675285127 287382.3411999504, 204264.3176536304 287363.9257495168, 204262.1384570071 287349.3910650895, 204257.771437484 287338.6274473065, 204257.2307673772 287326.2014701481, 204251.3164782626 287312.8854178582, 204251.8696564597 287298.6848517893, 204248.3241916852 287284.0385869516)"
TRAIL-196,금정로 39,금정로 39-1,207748.9996746793,296975.9460470838,207212.34619868576,297247.95239270333,129.085165,35.269307,129.07926932983258,35.27176271605064,817.0633120722724,"LINESTRING (207748.9996746793 296975.9460470838, 207745.8039546533 296988.9239444897, 207747.5235863759 296999.5762014472, 207748.697573123 297009.8951536618, 207748.2321607181 297022.0987750556, 207746.1285935275 297034.7447736244, 207749.8455579329 297050.5022455436, 207746.8340267227 297060.928552089, 207743.6378636731 297074.4611797107, 207744.9925815364 297086.2225811481, 207746.9829662881 297099.4268219915, 207745.5227981199 297104.5290694168, 207733.8779127352 297102.8549014967, 207726.5102590139 297100.1858972608, 207718.3226757272 297098.7366002704, 207710.3101467333 297105.3864931627, 207704.8411865033 297116.8092269349, 207704.3752703213 297129.6785259105, 207699.9949521654 297144.8743446304, 207694.8901630068 297156.0755042899, 207676.7720054435 297170.039233524, 207667.6760295397 297166.9250247795, 207645.752495734 297162.0248218048, 207633.8341447739 297161.0162250325, 207622.9147662862 297162.2274007304, 207615.4470642599 297170.3201318254, 207606.9895600597 297165.3204465849, 207594.2561598633 297159.7624431345, 207581.063992761 297158.7528446153, 207570.0564234201 297156.6356403194, 207562.048515909 297157.960277062, 207545.4013679283 297153.9523045106, 207534.3016870723 297153.1664147912, 207514.2938407236 297142.1661191702, 207505.6573252085 297133.5051736303, 207495.1093377467 297125.7302146241, 207486.5656148126 297114.8504516337, 207468.9180507232 297110.1761172032, 207456.9984208268 297110.6100465777, 207444.5378119277 297105.052480497, 207432.1679005675 297099.8278433048, 207421.3398274051 297100.5955553867, 207403.6851052774 297104.5751033192, 207387.7669549384 297099.0147809783, 207358.9305429243 297091.1140891973, 207344.6395471421 297098.535809946, 207334.9879994479 297107.0707779899, 207317.6949372826 297113.9353746471, 207303.7670605721 297122.4669109886, 207294.9365178048 297128.4508363152, 207285.0073448333 297142.8657531165, 207277.0891125337 297145.8548996461, 207263.7964422372 297156.6059229279, 207256.2354860218 297167.91629923, 207251.2200192565 297181.8914219399, 207247.9336558826 297195.4241530936, 207243.1949129361 297204.7397852142, 207239.6331216737 297221.3787773634, 207225.9754217412 297233.6828037413, 207217.5072070141 297241.8860087357, 207212.34619868576 297247.95239270333)"
TRAIL-197,금정로 39,금정로 39-2,207212.34619868576,297247.95239270333,206927.30129300963,297589.16814509797,129.07926932983258,35.27176271605064,129.07613934365145,35.27484024877539,817.0633120723091,"LINESTRING (207212.34619868576 297247.95239270333, 207209.584033618 297251.1991136573, 207195.748163513 297258.8433257798, 207184.7311792764 297268.5977698399, 207171.3531025126 297272.6921223749, 207158.1533132521 297281.4463542178, 207153.9619362357 297289.0982830149, 207142.2264596275 297287.0919686787, 207130.7626182401 297286.7500692219, 207119.2991259965 297285.9644019237, 207100.285711457 297282.8429488755, 207090.2787559991 297281.0599531391, 207078.7270519417 297276.7240067616, 207067.7196839559 297274.3855233544, 207055.3521292158 297266.1658700163, 207045.07011301 297267.0454054739, 207034.7879259279 297268.1468438349, 207023.6865299133 297269.6914391575, 207013.4035727797 297271.7914122429, 206997.6640952841 297270.5587958945, 206980.7395762907 297272.2098778069, 206971.5445119237 297279.4142403825, 206957.6177314477 297287.2806383374, 206947.1544622127 297287.2725802561, 206935.5104342835 297284.6009311516, 206913.9474197034 297284.0296625784, 206896.2957399387 297284.7927805567, 206883.1050334852 297282.0090720348, 206872.0037653507 297283.4429082525, 206862.3591036976 297283.7684086291, 206847.527036572 297285.7541680222, 206834.9691796117 297288.2964016572, 206824.5020537061 297293.3919832619, 206814.1251707727 297299.4861560998, 206807.1128139724 297308.1346275352, 206800.4651613839 297315.7848682333, 206795.5452249356 297324.7677622916, 206787.2610413129 297330.8635417273, 206780.4295367897 297341.0654095213, 206775.6910197223 297350.8250706221, 206770.6794770442 297360.6954752231, 206758.2900096713 297381.5439779722, 206757.3714495885 297393.192586326, 206762.5487207677 297404.9567051677, 206767.6366582833 297414.5018466207, 206776.9072471873 297427.4894463341, 206783.2693417393 297436.4808251939, 206789.537352756 297449.5771283411, 206795.9850567118 297465.6691050444, 206802.1597050383 297481.8718267236, 206808.0656500632 297492.4161199428, 206815.4268030507 297503.6271899909, 206833.2359096599 297534.7054496839, 206839.6889387342 297543.585993179, 206843.4124868366 297552.4644717287, 206851.5955020883 297559.5712044204, 206876.6091847253 297568.0220991824, 206885.5216241002 297573.0214500968, 206896.1621186489 297578.7987498792, 206911.7229308357 297575.0384971861, 206921.6352951579 297581.1481066965, 206927.30129300963 297589.16814509797)"
TRAIL-198,금정로 39,금정로 39-3,206927.30129300963,297589.16814509797,206688.4381628778,297859.5834966621,129.07613934365145,35.27484024877539,129.07351615595528,35.277279238555124,817.063312072254,"LINESTRING (206927.30129300963 297589.16814509797, 206931.359803916 297594.9128372376, 206943.6362087568 297602.9103639679, 206955.0009798168 297613.2370651728, 206964.9069380745 297627.5567011309, 206964.0786032081 297639.8710372407, 206974.2614904145 297648.9764486774, 206985.3594065602 297651.3148905125, 207001.2726974905 297662.1999007665, 207007.7263313335 297669.9711098376, 207017.7261434864 297680.4077775475, 207024.1787140864 297689.5103466313, 207031.723646323 297697.8371512453, 207038.3595359401 297705.1647417901, 207043.0815311545 297716.7067817845, 207051.4455080483 297724.7014052252, 207066.5388105608 297736.8062948359, 207073.3572125166 297743.3574343497, 207077.9896416454 297753.013345547, 207081.5282969094 297765.2201532833, 207074.3349533108 297772.7588234158, 207058.5983530985 297768.9743478915, 207045.1341647967 297767.8543711783, 207032.8501213804 297770.0637064254, 207014.0138814441 297774.3759336025, 206975.6203898255 297774.2352345781, 206963.4308616263 297771.8959617213, 206944.8736599269 297768.3314004872, 206934.6857638571 297765.8827610827, 206917.4038763276 297760.2112672064, 206908.3103585303 297754.3241784279, 206879.119483432 297736.2177284757, 206866.9281910527 297736.0974996416, 206854.2873039733 297728.9873644849, 206839.1905101198 297721.0987658395, 206826.4556628466 297717.8716993588, 206816.1761946468 297716.0887992434, 206804.8969390339 297712.9738082755, 206795.9856795245 297706.5322421075, 206787.8021701636 297700.2021777952, 206778.0698087906 297696.7555467081, 206766.6088869381 297693.1966844354, 206750.0540217642 297688.3026772635, 206740.2330548243 297681.6385948194, 206728.1283680014 297687.2877959785, 206722.4779664027 297700.1532902066, 206724.9249418315 297712.9138716911, 206723.6431135918 297723.7855983089, 206723.0885534403 297735.434487077, 206716.3486543389 297745.3036397115, 206708.6109559636 297751.1780093569, 206707.1513968822 297756.391374234, 206716.7839066497 297771.7090488702, 206714.774999548 297781.5817249681, 206708.5830020891 297788.7885938086, 206700.8448517845 297795.3286445147, 206697.8333790971 297807.641386804, 206698.6435508409 297819.2912912689, 206700.5438267931 297833.1609201711, 206697.0797753517 297842.3668464058, 206689.9754093595 297853.1233156548, 206688.5151374169 297859.3351955209, 206688.4381628778 297859.5834966621)"
TRAIL-199,금정로 40,금정로 40-1,201236.5753201728,290638.1899876965,201193.14970343767,289967.9031788396,129.01358100000002,35.212211,129.01310309656787,35.206169407103694,903.9831238945475,"LINESTRING (201236.5753201728 290638.1899876965, 201224.9215831543 290631.5317343399, 201217.0929977912 290617.551675076, 201218.370042444 290600.3554550637, 201213.2731104578 290585.4882123499, 201214.004343083 290564.5198078381, 201223.4756290317 290551.0968045225, 201227.6662527895 290534.8994820317, 201228.9425153833 290523.6942657728, 201232.2220254558 290511.9346002358, 201236.4119401029 290501.1735604675, 201246.2469278169 290492.1884096934, 201253.5323470489 290483.8685828003, 201258.2688988715 290471.1106293916, 201261.7304496414 290460.2385562823, 201266.1935224723 290449.9213469543, 201265.3761332537 290434.9437336785, 201267.01675034 290423.1838532305, 201278.1266108043 290414.1989167144, 201281.224445851 290400.1094121321, 201278.4944954681 290388.2379721283, 201288.9669025208 290380.1405147309, 201301.7156279678 290372.4871744323, 201304.9039766788 290362.5026354898, 201300.7172018017 290350.4090906209, 201302.5401814849 290337.3179112535, 201283.4195517046 290330.9913471524, 201270.3081992068 290326.9954979255, 201259.1090680238 290322.4452115293, 201248.7290691972 290320.4467736023, 201233.341369132 290316.0068864992, 201214.7671259373 290308.5710980562, 201204.2962529443 290305.0194771618, 201190.7296976407 290299.9142387325, 201179.8033551116 290297.6939192538, 201168.3306467184 290295.6954312418, 201161.0485282503 290277.7214994711, 201163.2356998036 290263.4099518003, 201175.5301847721 290248.2121571345, 201182.9977164785 290240.8907997101, 201174.9857228593 290233.789314067, 201161.7837951819 290224.5792241702, 201152.3145197545 290220.2511817759, 201139.8403277257 290216.3665479035, 201137.1100108271 290205.4936534284, 201129.9179413061 290194.5092573333, 201124.3648839589 290183.4141262517, 201120.6329027503 290172.6520572823, 201104.7892398785 290171.2078319756, 201103.9716663578 290155.3426844933, 201104.5194014824 290143.9154794458, 201105.340335933 290132.2664192208, 201114.5388371516 290118.0666664297, 201122.0074310288 290102.646320444, 201125.377804837 290092.5508004986, 201132.8469798838 290072.8036334779, 201145.3247428399 290050.0616076926, 201155.4333462552 290040.7435656265, 201160.2609213458 290028.9840802397, 201171.4622750657 290019.5552521609, 201163.086998698 290003.4672389681, 201166.7306302717 289993.3717710091, 201174.2892363233 289987.492697532, 201184.1238058033 289985.4969805414, 201188.0399445518 289980.726886328, 201193.14970343767 289967.9031788396)"
TRAIL-200,금정로 40,금정로 40-2,201193.14970343767,289967.9031788396,201531.92161057744,289362.33215784986,129.01310309656787,35.206169407103694,129.01682234303954,35.20071061403049,903.9831238945072,"LINESTRING (201193.14970343767 289967.9031788396, 201194.0517948959 289965.6392448172, 201198.4243427594 289952.5483887802, 201211.9020050744 289945.3388005874, 201214.2710084889 289934.3556271933, 201216.3670194236 289922.0410856987, 201218.6449452804 289911.2797902818, 201229.026746042 289903.5150899106, 201238.5890761805 289895.4174563014, 201245.6011336773 289891.8681996537, 201254.1617600974 289884.3251665324, 201268.0942286431 289881.6644438171, 201281.4813538213 289871.903227384, 201296.5069620844 289866.4690947655, 201305.9776276032 289863.253070616, 201309.8034660385 289854.0452432947, 201314.3587255573 289838.4027520559, 201321.9182699835 289827.6422525252, 201331.4815795411 289813.9975013931, 201329.3895101298 289798.2430987614, 201331.6674708745 289788.3693883454, 201331.4867864254 289778.6062609133, 201333.4005446384 289768.5106089929, 201336.316925102 289751.9803348702, 201340.1428578127 289742.6615775622, 201351.7074561241 289743.5508519794, 201361.6337245956 289739.336455769, 201370.8320188639 289731.7936305793, 201381.8508381679 289728.9107539839, 201393.6908710777 289715.266418418, 201402.7979317486 289709.1658880203, 201411.9048489327 289704.0638656504, 201430.117083718 289704.1776694868, 201440.9541509305 289699.297838564, 201450.6980311598 289697.302397516, 201462.0826688906 289685.1003550704, 201471.462972544 289679.1108824644, 201479.2043978911 289671.7898198977, 201485.7631815969 289657.4790783724, 201490.1360078484 289646.1634779813, 201499.6983839257 289640.8397307669, 201512.4493485959 289627.0847588995, 201522.0119072192 289620.8734810102, 201523.835259971 289608.3370818104, 201518.7377487477 289596.5761293068, 201519.6501418349 289586.0365742326, 201530.8537880163 289568.5092637112, 201533.0410762668 289557.9699261439, 201523.8452533601 289548.9818856569, 201522.6637510745 289535.224594979, 201523.6671245531 289525.2397780043, 201517.2941981627 289516.3631645732, 201510.7390031631 289508.263135309, 201501.5442671207 289492.2856286513, 201494.3522007268 289480.5243447263, 201478.5994638932 289472.8666024472, 201475.8691301314 289463.2140047784, 201473.7762550797 289453.4505675747, 201466.8567740257 289445.0176787697, 201446.8239821886 289437.1374110743, 201444.8223640314 289425.9317200493, 201447.1928677885 289408.1810159061, 201445.0089024182 289398.3066273479, 201457.1220489317 289388.4345297801, 201472.1508027755 289369.2436043832, 201484.2638540527 289360.3700418465, 201492.3694738417 289355.1569945046, 201498.5625579695 289351.053080189, 201505.9382725761 289354.2716877886, 201515.3174621306 289357.1578038247, 201527.428437633 289360.9319442445, 201531.92161057744 289362.33215784986)"
TRAIL-201,금정로 40,금정로 40-3,201531.92161057744,289362.33215784986,201974.59925462084,289464.27711300104,129.01682234303954,35.20071061403049,129.02168372030755,35.20162872550817,903.9831238945341,"LINESTRING (201531.92161057744 289362.33215784986, 201539.5394030429 289364.7061008929, 201551.1030959685 289373.5836159687, 201560.2083690045 289380.4637251235, 201569.9515026889 289384.9031803328, 201581.9707527727 289392.1166502001, 201592.8973874843 289398.3314453733, 201607.8316236324 289400.1091941533, 201619.9423840042 289404.5491242115, 201632.1447969015 289405.6607590173, 201644.0735304053 289409.4350229829, 201655.8205112125 289411.1013283465, 201669.571022742 289412.1023526949, 201684.6848302646 289427.4154623913, 201690.0553302513 289439.6203335153, 201697.884621598 289451.3818918591, 201703.5281135421 289464.4743768627, 201709.172238602 289474.1275931135, 201714.2692563106 289487.5528149407, 201716.6345280426 289500.0899671277, 201718.0895193355 289510.7408944837, 201714.6270367124 289521.7237221931, 201717.2656141922 289533.5952612367, 201718.9936193697 289545.1337954018, 201722.7252961729 289555.1194911577, 201725.910631082 289564.8831958201, 201729.4601245684 289575.090748508, 201730.4593733511 289587.849533643, 201730.912542531 289599.0549944807, 201723.0802114791 289604.1569377727, 201726.0830446705 289615.8066616165, 201731.0893833984 289626.6801595149, 201735.3671720852 289637.7754092553, 201742.9217656179 289656.1936160249, 201749.383804117 289673.5021752543, 201754.8453686802 289684.4867195792, 201763.6761682799 289695.5828676505, 201773.8725385953 289708.3434568519, 201780.6091043691 289718.3297684382, 201785.432082543 289734.861422489, 201790.5293668103 289745.6240288961, 201809.9255264351 289744.6293881496, 201812.6599963496 289731.4275609391, 201818.1256392152 289721.5546126749, 201820.5865426599 289710.3497310863, 201825.415023937 289699.2562718829, 201834.9781037017 289691.1592706556, 201834.5249556237 289680.5085245615, 201845.3631743163 289671.1914056372, 201846.6405719481 289658.7659032935, 201852.0150295702 289649.8914566938, 201862.6713846152 289639.5758229064, 201871.5969203173 289632.4772286006, 201874.6040339073 289622.4928634508, 201883.4385798282 289615.1723735351, 201894.2776237068 289602.5269851304, 201899.0142824996 289595.7603753732, 201909.4876702467 289589.993475347, 201917.6836868693 289588.1091551306, 201923.8776536732 289580.0115358289, 201929.069801152 289572.5793730576, 201935.444870216 289569.3633494724, 201938.8162072116 289559.9338059074, 201944.464192944 289550.1719196678, 201953.1173147714 289540.1887964946, 201962.4078486643 289530.4277084915, 201969.9667788287 289527.2119661571, 201967.510777799 289514.7856716058, 201960.7729205404 289511.0121036626, 201969.3352275765 289500.1414225844, 201977.3509322487 289490.3800731763, 201982.4540069321 289474.2942685249, 201973.6218077759 289469.8545670989, 201974.59925462084 289464.27711300104)"
TRAIL-202,금정로 40,금정로 40-4,201974.59925462084,289464.27711300104,202288.76510356303,288708.3004863596,129.02168372030755,35.20162872550817,129.0251315790941,35.19481403411432,903.98312389455,"LINESTRING (201974.59925462084 289464.27711300104, 201976.2659472394 289454.7667221054, 201974.7203078249 289443.5610127992, 201972.8110614834 289429.3597292954, 201964.5257279318 289422.4793822909, 201957.3339914814 289411.7162298957, 201960.3411766952 289402.1756735038, 201961.1638804033 289387.753096919, 201962.8990130284 289365.1208430457, 201959.9884509307 289348.9223501555, 201960.7202140233 289333.9450336941, 201964.8206671467 289322.2967759028, 201971.3803992238 289308.3192261188, 201976.4828873433 289295.3398613136, 201985.3180051684 289287.2428645262, 202000.1641017719 289276.2626522477, 201994.612206947 289262.1715077472, 201988.7859515983 289253.2946861452, 201985.2362590266 289244.7512001585, 201980.5030176915 289234.7651815026, 201986.3342109193 289221.2312619094, 201987.5204577843 289210.3589869439, 201992.4415996121 289194.1622103472, 201992.3540739765 289178.0752772373, 201995.7260804085 289166.5378200083, 201995.4552771634 289155.6652258357, 202003.3810090446 289142.464613415, 202015.2221283685 289131.5947077055, 202028.1561065785 289120.6141182104, 202032.4385535764 289110.4082102863, 202034.8093442498 289096.8735480436, 202038.3639196863 289083.782930041, 202043.1930015536 289072.6895971301, 202047.3848218913 289060.7085691118, 202052.8509240083 289051.7233258367, 202063.7804796965 289045.5129351579, 202077.896435528 289043.6301127678, 202090.8283091857 289042.6345925102, 202100.8467329107 289038.5319762282, 202109.2267430528 289030.9897186745, 202120.61217079 289022.7825072507, 202127.7172833307 289015.1290241968, 202131.9975407878 289014.9081428405, 202137.6459435126 289005.701105829, 202141.1090051709 288995.2731690828, 202142.9339448273 288980.1851894498, 202148.8554545585 288971.5329455363, 202158.7848724209 288959.22050196, 202165.7997414575 288948.4605904604, 202173.4514973466 288940.2525539072, 202181.1031067277 288932.7101890351, 202189.3933126632 288920.6192732735, 202197.1367481504 288910.0814512368, 202204.0613067352 288896.5479435076, 202207.3421311529 288887.0075428296, 202212.5358846297 288875.5815596621, 202220.5516149919 288869.0378154405, 202217.5477291839 288863.2679816423, 202217.2745743595 288863.0460263736, 202225.108179656 288856.5022416932, 202230.6663893394 288844.5216381088, 202234.4951046015 288829.2122857941, 202238.9600347357 288819.1174689593, 202242.8793228135 288805.9160824296, 202252.0819769962 288787.6125787848, 202265.4745576851 288766.7584166496, 202274.9497572085 288751.4504978815, 202279.2328802088 288740.3571588716, 202284.8826677809 288726.9343395172, 202286.0693374517 288716.0621114949, 202288.76510356303 288708.3004863596)"
TRAIL-203,금정로 40,금정로 40-5,202288.76510356303,288708.3004863596,202587.04008107237,288074.14409307024,129.0251315790941,35.19481403411432,129.0284047707776,35.18909731127463,903.9831238945006,"LINESTRING (202288.76510356303 288708.3004863596, 202290.8084930291 288702.4171780955, 202293.3611042572 288692.1000179205, 202298.2816379155 288681.5615711158, 202303.7502503477 288664.5885058688, 202306.3029152126 288654.1604057703, 202303.6648245339 288642.39965453, 202305.9454096655 288627.5337196806, 202309.0448036128 288615.9963187695, 202309.4126582057 288602.0174508667, 202312.6029393756 288591.2566837513, 202315.0654135145 288577.5002401275, 202315.1601741648 288563.0775268943, 202320.7178581236 288554.3143632915, 202326.9130062485 288545.7732552769, 202332.9267918997 288534.2366133919, 202332.9299650534 288521.9218160539, 202334.2966917062 288519.481397542, 202330.0177082318 288513.8221449376, 202324.6477768447 288500.6184138368, 202326.0162145928 288491.5213472731, 202316.2733691173 288483.6418169757, 202286.315468344 288462.6657642046, 202282.4935310956 288450.1281148929, 202279.5817087899 288440.0314670018, 202271.479742738 288425.6066963341, 202265.4710711318 288416.7296621693, 202255.0915947912 288404.7451074727, 202248.9021773277 288390.0989461571, 202238.2492875637 288378.6690638828, 202228.5084014166 288362.0250461029, 202220.9529784882 288346.6019601028, 202214.4893724905 288335.5059674189, 202228.8834060983 288318.5350529748, 202244.1853601513 288313.2135162533, 202248.8308871186 288310.4410665681, 202257.3024098166 288304.3412495813, 202273.697365103 288298.7981471871, 202283.8987336145 288295.1395596546, 202292.8253065531 288290.4821639454, 202305.4852793147 288288.5993290685, 202314.5940209236 288283.9420012365, 202326.6186449289 288273.6272829865, 202337.1865996447 288261.3152112274, 202348.4809458741 288257.6569787921, 202357.8646439405 288246.5650092399, 202365.9739671839 288232.9210026801, 202373.5365377379 288220.4972451499, 202383.7396996291 288210.5149585697, 202395.2162807086 288206.8568326151, 202403.0512297613 288197.872438497, 202410.8858398889 288190.2193800419, 202424.5498688754 288180.6818382349, 202436.6646676235 288174.6941103688, 202443.9527460748 288167.4847099738, 202451.3325736753 288157.8345708605, 202465.5420077341 288152.5131134834, 202470.7368405593 288139.8669059484, 202478.8438174413 288135.7641912292, 202491.049392554 288131.2188341195, 202499.6119251694 288126.5615430529, 202509.0829943007 288130.0034283856, 202528.7577239779 288122.5756491965, 202539.1413620042 288119.583065219, 202551.8025005689 288114.5941415758, 202559.1838971948 288099.9516087614, 202565.9264544437 288089.9685516121, 202576.4948225769 288078.1005384197, 202587.04008107237 288074.14409307024)"
TRAIL-204,금정로 40,금정로 40-6,202587.04008107237,288074.14409307024,203239.49266540946,288256.4067515808,129.0284047707776,35.18909731127463,129.03556918061633,35.19073825287014,903.9831238945109,"LINESTRING (202587.04008107237 288074.14409307024, 202588.6094468401 288073.5552872201, 202597.1687749152 288080.4362695323, 202596.5273187963 288094.0822046185, 202599.9852043212 288104.7338264941, 202601.8940990262 288117.7148299549, 202604.1674880533 288130.0302745069, 202618.1926559581 288132.4750882887, 202628.6655214015 288135.917388485, 202643.0542368653 288140.9140598819, 202658.2649087977 288138.1449107676, 202669.376599605 288137.1496829906, 202679.9417977904 288136.265251159, 202693.8778059923 288132.1644559212, 202704.717502938 288127.0642601811, 202713.5503556486 288132.503162018, 202718.6471745149 288144.1538178522, 202726.9330061841 288151.3676737931, 202745.24020056 288148.9324359799, 202754.8951633289 288146.2727105802, 202768.5557204762 288149.4942549385, 202785.952024063 288147.5025972488, 202798.976984813 288144.4001800308, 202811.5457428192 288143.9602975445, 202829.8533564693 288140.3048461653, 202841.874858843 288142.416548349, 202853.6233694897 288143.7515719813, 202849.6141325998 288149.6303451037, 202856.2651963939 288141.8663557342, 202866.1031962152 288136.5441489896, 202878.4918599059 288129.6695464776, 202887.1481468648 288117.2465668718, 202901.3575102766 288113.1461781099, 202913.6527636564 288113.7048462834, 202917.5686214647 288115.1483799694, 202920.1184625535 288116.1476984749, 202934.6003194725 288114.3772751173, 202945.0747096428 288112.8274587929, 202953.6402438091 288099.7388490616, 202962.8428372927 288088.2036729458, 202974.4114321092 288082.8821505877, 202987.6196575264 288076.895519494, 202998.2786432168 288068.1344618011, 203009.298015781 288071.2445507456, 203020.2268951758 288072.5795179814, 203033.4337536942 288070.8088275531, 203036.9865281578 288068.591137203, 203054.7442138495 288075.9194181711, 203065.0344109383 288080.5825459105, 203078.8773387983 288083.1389554711, 203089.1681586983 288085.9160618502, 203105.0154999245 288086.3652582224, 203115.9459122954 288083.1516349893, 203132.8873778374 288080.1619907487, 203146.8198612481 288087.0453536417, 203157.8376123772 288094.5933855293, 203170.859125324 288101.920244229, 203179.4181404444 288108.3580012628, 203186.154622311 288117.5687267279, 203193.5289434467 288125.8921297074, 203205.27542131 288132.8857565166, 203220.1190121485 288138.4382265475, 203233.0484236795 288148.3168562417, 203244.0633256323 288163.4091901006, 203243.9680358059 288175.1692282841, 203238.044443174 288185.2630193876, 203226.9289921877 288196.7972358575, 203221.3692643735 288208.2224968528, 203222.5493870915 288219.0954371549, 203226.7357299046 288227.972454985, 203232.2861455795 288242.6190543853, 203239.0211242963 288255.601919794, 203239.49266540946 288256.4067515808)"
TRAIL-205,금정로 40,금정로 40-7,203239.49266540946,288256.4067515808,203267.44388093246,289033.224629778,129.03556918061633,35.19073825287014,129.03587915941566,35.197740044154806,903.9831238945769,"LINESTRING (203239.49266540946 288256.4067515808, 203244.0272350615 288264.1464071352, 203248.4836583375 288281.6771719514, 203254.0344045109 288295.2143450518, 203256.4900100222 288304.7564204995, 203255.0292149621 288314.7408644122, 203257.3930604352 288326.1689571795, 203264.9470158026 288340.8162998668, 203264.1236613793 288351.0228609495, 203264.7576252909 288360.8971152733, 203259.3839734322 288361.560843955, 203254.2845036702 288359.5620157176, 203246.1762613325 288366.7704723327, 203244.1693180664 288375.9781143204, 203248.9913370871 288389.736913447, 203248.8045703601 288402.6063638991, 203249.2552043381 288415.8088756774, 203250.4348678751 288427.7912640931, 203250.8848608248 288442.7688822011, 203249.0572903975 288459.7426773602, 203249.4174844512 288471.1700517634, 203249.0491289137 288482.486220777, 203243.302433419 288507.7794225916, 203238.4700322557 288523.1989276929, 203243.2015043089 288535.2935323581, 203243.1972519877 288547.1645538174, 203254.7625543511 288549.8313634131, 203284.9993553723 288548.1781215552, 203292.7378888707 288555.5032460186, 203300.7479293377 288567.4881302495, 203305.2969878236 288580.0264783656, 203305.8395748979 288590.566370541, 203302.2828115571 288604.100258854, 203298.8165650891 288619.1873999564, 203293.799764523 288640.7087395583, 203294.8868947375 288656.4632056364, 203306.3592687877 288663.7897026791, 203314.914853103 288677.8827398597, 203317.1855048515 288694.6361404556, 203322.5526930833 288711.0578454287, 203331.9259692815 288730.2546317981, 203339.662221781 288743.2379506222, 203340.5691649283 288753.4451493849, 203330.000336704 288765.9779477941, 203320.7067700613 288777.8455613381, 203314.7829164241 288789.4925294224, 203305.0327864946 288804.7992619754, 203299.2005664274 288815.0039997161, 203302.1107261711 288826.210423622, 203307.2977095168 288837.1957917754, 203297.6397640763 288849.6180179924, 203291.1694474536 288861.5976362349, 203290.4363327989 288874.1340637429, 203283.964996805 288888.9982363174, 203271.6649246692 288904.7478590573, 203269.7488225805 288914.8430891085, 203260.2707122599 288934.03301793, 203260.5401231935 288944.5728145423, 203256.3472816999 288954.7781724774, 203251.6993850714 288964.2067595618, 203243.0452737401 288971.4150288344, 203242.4948880386 288982.5092528908, 203249.5019876965 288996.9345133047, 203255.5996194777 289007.9201816035, 203260.3315336347 289018.0178084727, 203265.0635972869 289027.6716611494, 203267.44388093246 289033.224629778)"
TRAIL-206,금정로 40,금정로 40-8,203267.44388093246,289033.224629778,203832.75312356092,288916.26346143684,129.03587915941566,35.197740044154806,129.04208616401706,35.1966838118769,903.9831238945063,"LINESTRING (203267.44388093246 289033.224629778, 203271.3420023013 289042.3185651633, 203274.7078233254 289052.5266507528, 203283.7181050847 289067.5073852897, 203285.9911724199 289077.4931906953, 203287.9910323014 289087.4788975849, 203294.4551271904 289092.1409055277, 203294.4534717389 289096.6896184467, 203298.0915185441 289109.4495300828, 203311.4823822685 289098.5818839046, 203320.135734984 289093.2597304337, 203321.5037816548 289087.7130207054, 203330.521584035 289081.9472340411, 203343.0008676579 289073.741961004, 203351.2905259438 289066.9774281906, 203360.4008771657 289057.3286577336, 203377.1627705295 289042.8012019727, 203388.6377443864 289041.6960479528, 203401.6612930665 289039.4820480115, 203413.954379617 289042.3712256407, 203426.5209140075 289044.594858131, 203444.0949940388 289049.926850231, 203451.469586668 289054.9221492337, 203466.9470342032 289065.5787096702, 203484.7955339615 289067.5825592081, 203495.0849391806 289070.803908781, 203505.8296321823 289074.1363906185, 203517.8480992731 289080.4648744419, 203527.1346115234 289086.5704209347, 203540.0612483897 289099.2231097569, 203546.3408105071 289109.6543260082, 203554.3496320256 289122.6379431549, 203561.9053220061 289129.9632329945, 203573.7385633979 289143.8359273696, 203578.10446873 289157.261905777, 203582.8349789448 289169.8004768894, 203583.832187838 289181.2281293669, 203595.9397617569 289191.9945234828, 203608.4120586298 289201.5406925834, 203623.5339990704 289189.2319212116, 203634.1934956174 289177.4761038458, 203645.0338576606 289168.9377552637, 203656.5143514605 289153.8539676847, 203665.2616168236 289141.8755267049, 203677.6494238177 289135.2238964037, 203687.5778959443 289129.9026118237, 203701.784718892 289129.0208564781, 203714.9022001085 289119.7069138276, 203722.0097717616 289109.170130527, 203722.4695334648 289098.4087283098, 203725.3883920627 289086.982672552, 203722.6577819309 289083.5422778589, 203712.0948142703 289081.429999612, 203718.3821202435 289072.5570412195, 203722.0287484247 289063.0173357487, 203730.6853946262 289050.37325675, 203735.6978807542 289041.2778969959, 203742.1681993067 289030.4080350097, 203746.0879820922 289021.0903411537, 203753.0143127387 289008.6674567844, 203756.5708094291 288997.0197884581, 203758.9432864737 288985.7044626586, 203761.8614434622 288976.1644719164, 203766.4206894603 288962.1873961808, 203771.6177089961 288947.5449234217, 203780.5464907556 288937.8965011954, 203792.1131346715 288935.7933989371, 203802.3130030085 288935.4648446937, 203809.3283978283 288928.1454759697, 203819.3492265437 288920.4945476052, 203832.75312356092 288916.26346143684)"
TRAIL-207,금정로 40,금정로 40-9,203832.75312356092,288916.26346143684,204324.4208639083,288640.300861834,129.04208616401706,35.1966838118769,129.0474835519716,35.19419441519644,903.983123894532,"LINESTRING (203832.75312356092 288916.26346143684, 203833.7400799893 288915.9519178844, 203844.0329729571 288911.0747374008, 203854.2330600407 288910.302464884, 203863.4329020299 288905.9795622226, 203864.8953631678 288893.4434909257, 203866.7236229481 288877.357361774, 203866.9110223482 288865.0426352136, 203863.3658844231 288849.6198776388, 203860.73048839 288836.4163936938, 203862.647786815 288825.100903462, 203870.9425679447 288807.7971520165, 203875.0449100747 288798.0358180969, 203878.6934771524 288784.6131334779, 203890.2611979505 288780.5131618789, 203897.5431178244 288789.1699407451, 203906.3737470471 288796.607007614, 203914.5663417499 288805.2641934164, 203922.756469062 288819.5795396663, 203927.8512483697 288831.4527777912, 203937.7761954337 288835.340136334, 203953.8021441346 288840.7833870811, 203964.0895520934 288848.7758683053, 203969.8232572166 288857.2101401541, 203976.1021517357 288868.4182603053, 203985.5713963119 288872.9711366395, 203996.135229514 288873.5305145994, 204003.4159920356 288884.4062637046, 204009.2397246913 288895.0594850518, 204012.2409834216 288904.1582399963, 204018.9758776635 288913.7024296961, 204031.7196405406 288927.0214019865, 204044.0134232243 288928.2472718583, 204053.75741766 288929.1391836451, 204060.947644202 288938.5726646974, 204065.6790456962 288947.8941027691, 204076.6058131432 288951.2273433249, 204087.2591156489 288955.1151947288, 204102.1029802692 288955.8985184331, 204113.9438408556 288951.6880113153, 204127.6059385183 288947.8111825775, 204135.3502401689 288940.2705099724, 204134.9000641655 288928.9539940517, 204135.815570072 288918.4147116749, 204143.1955758614 288910.9848238581, 204143.2011612057 288898.7809629054, 204150.6722584988 288891.3511230627, 204155.0483279709 288881.0353189133, 204161.7018119938 288869.2782889777, 204170.1763003436 288858.409656416, 204178.1034167993 288849.648719192, 204189.7673951117 288834.4547538716, 204199.4264790595 288822.2553670613, 204200.9816217445 288807.2786216029, 204207.6347038602 288796.6310683433, 204215.4703751644 288788.8686197815, 204224.8570553183 288775.1159152672, 204226.6844762279 288762.2472419101, 204235.340402011 288753.2648077743, 204245.8184921061 288742.7300177457, 204251.5604427046 288733.1915122643, 204262.1298549607 288722.2130075149, 204270.4216738359 288713.0085475785, 204281.9925501716 288702.8071479968, 204292.9239533207 288696.8213389733, 204292.9288457764 288686.503532459, 204300.7660557297 288675.8566108391, 204308.967307011 288665.7645902863, 204322.3531028021 288669.4321289266, 204327.0936029086 288659.4494174502, 204338.5693395571 288658.0126351974, 204336.02411114 288648.0264400678, 204325.5538634599 288641.6976137035, 204324.4208639083 288640.300861834)"
TRAIL-208,금정로 40,금정로 40-10,204324.4208639083,288640.300861834,204089.42119353233,287885.1836765285,129.0474835519716,35.19419441519644,129.04489943511658,35.18738911465572,903.9831238945187,"LINESTRING (204324.4208639083 288640.300861834, 204317.2711815651 288631.486796405, 204316.9137173526 288617.1748279861, 204312.0912228907 288608.0751080409, 204304.9043707715 288591.5410072049, 204303.0876669934 288581.5551688324, 204298.6314845807 288568.1288084143, 204293.7179253533 288558.9181115903, 204292.1782081892 288540.9444279977, 204291.1815585185 288530.0714283674, 204291.0981097588 288513.9844866427, 204291.9249214722 288498.8964740971, 204289.1976072247 288488.5773758832, 204284.5572683839 288479.2558704895, 204279.0968896773 288470.7105890274, 204278.7375232675 288460.2816697171, 204278.0175822414 288441.9755462646, 204278.9348234594 288428.2189065475, 204269.0132373893 288416.5650888645, 204265.2847337856 288404.8032534682, 204265.2921028977 288389.1601343576, 204268.8488732169 288378.8440065046, 204266.9432600105 288364.0875393022, 204257.6560864354 288358.8687935315, 204253.28902948 288349.2146022445, 204249.6519170788 288336.6762086122, 204248.1994533013 288326.5796120482, 204241.9214019491 288313.4852626985, 204236.7359776578 288300.9461497433, 204225.2654996991 288290.1792107877, 204214.9745875952 288288.8430851267, 204205.0490565772 288285.1773144865, 204195.0336755553 288278.8488544593, 204181.5592491513 288268.5248195662, 204163.6245253657 288252.873435744, 204146.5026160029 288252.0889700817, 204137.8531446465 288246.0940316351, 204118.4537663879 288246.5289637181, 204110.0746287345 288246.8579887657, 204106.8879269894 288244.748604867, 204096.4176047305 288237.1996629974, 204090.4998677018 288232.3154472493, 204091.6908252992 288216.8947553975, 204089.2374785748 288204.2460199533, 204090.1528025993 288194.1505206212, 204087.5173444 288181.3907597315, 204086.1556011392 288171.6270650117, 204078.2357262678 288163.1917436743, 204073.8682336281 288153.8704742013, 204072.5065213592 288143.9958378875, 204070.6005380931 288129.2394175176, 204072.1577299263 288109.4920709676, 204069.2478424866 288099.283907484, 204066.9756406213 288088.7431992495, 204059.513550156 288074.7608972948, 204050.3172364763 288069.0986314466, 204057.5184415942 288055.5666784125, 204061.4399646261 288044.0302530423, 204057.8022147379 288032.0466627658, 204057.0789581785 288020.0643794761, 204057.17505678 288008.8590719696, 204059.912728904 287996.9892842023, 204060.4654179365 287983.1215243858, 204065.7536048214 287970.5872184638, 204072.6798782888 287961.0491419248, 204080.7014129541 287946.4081377737, 204083.8043015097 287932.6524739657, 204087.4546263184 287916.7891216233, 204088.4629094532 287902.58873862, 204085.9173415439 287892.2697934376, 204089.42119353233 287885.1836765285)"
TRAIL-209,금정로 40,금정로 40-11,204089.42119353233,287885.1836765285,204269.3344307349,287348.8397343263,129.04489943511658,35.18738911465572,129.046872,35.182554,903.9831238945325,"LINESTRING (204089.42119353233 287885.1836765285, 204092.663391978 287878.6267222665, 204100.2282765408 287866.9810198138, 204100.147644733 287843.9046231186, 204094.9599481178 287835.3595850285, 204087.5867684947 287825.8150670096, 204087.7759398084 287810.2829877816, 204089.7842663881 287800.187987717, 204084.1427333722 287788.0925425827, 204080.6859216405 287778.6607419882, 204091.7989635601 287776.0030996637, 204102.2758040101 287770.3496940797, 204111.2037301594 287765.915981635, 204126.7791493425 287764.5917374014, 204140.987092854 287766.0404951951, 204143.2707106377 287751.6188165397, 204143.9144703865 287738.0839404235, 204145.74482685 287719.0024068363, 204142.2882557164 287709.1268076952, 204134.2782124982 287697.9178020512, 204125.1757264524 287685.4879219085, 204121.7210892214 287671.2855156649, 204123.0934266441 287657.8619153449, 204105.6082741967 287652.1958276113, 204098.2259196401 287662.6212206072, 204087.1998130297 287674.1544146943, 204081.183121483 287685.9117664273, 204071.2487457433 287700.3300166461, 204055.7636598331 287703.0966690197, 204046.2012522282 287700.5406794113, 204035.1840075237 287692.4368509945, 204031.1811123165 287681.8953873699, 204033.4632915043 287670.3582265956, 204038.2948778653 287660.819195109, 204041.2142489676 287650.1698728093, 204043.2237475257 287637.4122093149, 204040.6801319289 287622.4336339602, 204039.9580067637 287607.7887039951, 204040.3287703755 287593.3661498824, 204042.7017688174 287582.4946973896, 204052.1790768297 287571.9592534617, 204065.9355567092 287565.3087793135, 204080.6931184777 287560.5448249249, 204091.8068790433 287556.8886875249, 204107.3868308465 287546.3560608195, 204121.4165888989 287539.8167390133, 204130.0721599097 287533.9406506081, 204138.7291109931 287525.0690835287, 204157.4969349852 287514.8708326325, 204177.1742537571 287507.6685276798, 204188.9287295569 287497.4671101835, 204188.6617387895 287483.9318210793, 204178.3728734626 287476.1609900996, 204168.1737467577 287471.2747556179, 204168.0877686416 287460.1803184469, 204174.5592730509 287450.3092852072, 204183.9471723681 287436.7784523976, 204192.2402403999 287427.2411056438, 204201.2613825622 287419.0354319104, 204210.2816643466 287412.7158142917, 204216.476844793 287409.6122651361, 204229.0493354721 287403.5162085645, 204240.6209007197 287395.3117654437, 204251.0998364076 287386.3302165329, 204249.1004513983 287376.7880974774, 204254.9368032798 287362.0352904727, 204259.859767522 287352.718311865, 204269.3344307349 287348.8397343263)"
TRAIL-210,금정로 41,금정로 41-1,206562.7623917436,291495.7577825779,205998.0514453164,291883.6213892494,129.072084,35.21992,129.06588416305462,35.223419542294025,894.2498725484776,"LINESTRING (206562.7623917436 291495.7577825779, 206554.2029570511 291497.6376359856, 206545.7338465688 291500.516065114, 206537.6251453603 291508.6091633923, 206529.9793632224 291506.0519122925, 206521.8740409583 291509.4853498894, 206511.4017639111 291512.6952010933, 206514.5865945465 291515.0273330349, 206497.8383337503 291509.9118296173, 206488.8206064275 291516.1182588102, 206480.1705608859 291517.4433937708, 206468.5126063723 291523.6479520468, 206458.1329920496 291524.6390372365, 206461.6766936538 291534.4047016028, 206455.2987823944 291541.2787188156, 206460.0295223523 291546.1636631958, 206457.0201212587 291553.1510304988, 206446.7328499799 291552.3670794367, 206443.9030171477 291562.9048096251, 206435.2519968383 291565.6722679751, 206424.3269671071 291565.5535568383, 206401.5642039682 291568.5329245122, 206392.8241983668 291568.4157981677, 206382.3535230618 291569.5178506001, 206372.1540238477 291573.3937237658, 206362.8695627663 291570.7245146352, 206349.4828076631 291575.7076187476, 206334.0086180302 291571.3699255972, 206318.8073087486 291567.3652837178, 206311.1537734824 291575.9026820785, 206300.3102144081 291589.5413207061, 206291.8391102379 291595.5264379425, 206278.9083354215 291599.5114613977, 206261.5188089933 291600.1650743476, 206254.7763907105 291607.8155938165, 206243.2099795667 291613.6876719408, 206239.3793238784 291623.6700522203, 206241.557134718 291634.1003574739, 206238.8168479898 291647.1899427198, 206231.3515775452 291646.9629069167, 206221.9713770689 291651.1723482097, 206214.5011545445 291658.1567292113, 206220.2327337382 291664.0407390379, 206204.5696246832 291669.7991056258, 206194.6469348923 291668.5719121693, 206188.3589963734 291677.4431848704, 206180.9862317419 291675.1083042845, 206170.7826236403 291685.308250717, 206170.4972375054 291703.2811003153, 206161.3891891163 291709.0440163765, 206151.740490122 291706.5966645871, 206137.4483096674 291704.7008944732, 206126.889338003 291702.0310621373, 206114.7805591429 291702.4666463118, 206109.2236742647 291707.455403397, 206098.388880992 291708.7794278839, 206090.8295536689 291713.1011779945, 206083.4512709139 291718.9762822877, 206077.6221851889 291722.6335391241, 206075.616898584 291726.1824228852, 206074.8797031404 291739.3843496029, 206068.2311925631 291743.1520069361, 206059.7656637563 291741.26027066, 206061.1250302289 291750.5805383522, 206060.6638046953 291759.5667520118, 206059.0195735252 291767.7755601056, 206051.8222491337 291775.4259274345, 206044.5414596812 291771.7598824563, 206033.8915726591 291768.9791528358, 206027.6023088266 291780.1803765805, 206036.3397442419 291783.8473800653, 206035.7879489124 291792.1678665523, 206029.5928455161 291798.7094733656, 206024.3046792632 291810.466090996, 206018.2894619295 291820.3361675562, 206013.7265436008 291836.752953305, 206020.7319579587 291843.7471327452, 206020.0879592089 291853.8426753659, 206015.1698249848 291856.83491094, 206007.6175886914 291850.7279303229, 205999.9653227984 291858.1561479708, 205996.4111731345 291863.5900830683, 205997.0412404167 291874.4630856187, 205998.4916904814 291883.7834060577, 205998.0514453164 291883.6213892494)"
TRAIL-211,금정로 41,금정로 41-2,205998.0514453164,291883.6213892494,206177.97382983487,291552.68272571114,129.06588416305462,35.223419542294025,129.06785799326266,35.220435535705796,894.2498725484799,"LINESTRING (205998.0514453164 291883.6213892494, 205985.2031741229 291878.8930331963, 205970.9141615725 291872.5597376703, 205948.1521766218 291875.7621359613, 205935.3125570993 291880.4133796185, 205917.7393402399 291884.3958744251, 205907.1810939007 291880.838740129, 205896.2575242573 291879.0564958751, 205888.0618827229 291882.2685538345, 205873.7681241383 291883.1468169829, 205861.838587212 291888.3534797461, 205854.3710651836 291891.8988744376, 205847.904980699 291895.4449227981, 205834.3384156732 291898.0988343753, 205827.1464605295 291897.8723080585, 205817.5827750418 291904.9666145659, 205808.0182495547 291913.392267637, 205795.9038684037 291923.036688604, 205789.6177052405 291930.0221811938, 205780.244244588 291924.468947961, 205773.1466059448 291919.139066511, 205772.6980677275 291908.709974199, 205776.0701993895 291902.9430006327, 205775.9861750641 291891.9594175131, 205775.8128116214 291878.3131037827, 205776.0030389572 291865.5545804316, 205773.9172749883 291852.7946039753, 205778.4798206429 291836.2667527418, 205785.4035324432 291828.9488269008, 205780.2227663156 291815.6321467114, 205775.2226483363 291804.5344796653, 205783.1496687756 291794.3326302764, 205788.068398944 291790.3417667525, 205795.1770779157 291778.5861782645, 205802.3725452132 291773.4873345065, 205805.0227594749 291757.8458295302, 205814.8579292007 291753.5253035309, 205824.7855780961 291746.9859534277, 205834.2575363622 291741.2229333111, 205838.4508560473 291732.7938408235, 205844.6488054579 291721.7033724393, 205851.0308618975 291707.5065756032, 205853.3086135063 291704.8453763375, 205857.1392397082 291694.1971639796, 205866.3387255524 291687.5464436437, 205871.171550454 291675.7894404757, 205890.3845489339 291670.8094210977, 205900.3984631235 291671.8144507709, 205910.4154201349 291668.1598158077, 205914.9756230559 291655.7369898722, 205924.9951475424 291648.1993081146, 205939.0159387441 291647.653780366, 205950.5781666156 291647.7723247048, 205964.9646636293 291644.8972389861, 205972.7993109005 291637.2472248177, 205980.3609190116 291629.4860922536, 205988.8332539507 291621.2817902574, 206000.218362262 291613.9669857362, 206009.327656318 291606.3178491409, 206016.8910929442 291595.8940758233, 206024.267363478 291593.1253683797, 206033.3759587956 291586.5857026595, 206039.2068179047 291580.3766910844, 206055.962485504 291574.6187702579, 206072.9918980311 291567.9735067215, 206087.1048361651 291565.9859891747, 206098.3940391921 291566.1045385133, 206113.1515574945 291553.3558609002, 206120.3487347095 291546.26026781, 206129.4529357414 291546.3773776052, 206142.2855198848 291552.9318199281, 206153.3003274312 291554.9363112289, 206169.9613640539 291554.6148272103, 206177.97382983487 291552.68272571114)"
TRAIL-212,금정로 41,금정로 41-3,206177.97382983487,291552.68272571114,206565.7671420164,291495.3161844497,129.06785799326266,35.220435535705796,129.072117,35.219916000000005,894.2498725484638,"LINESTRING (206177.97382983487 291552.68272571114, 206181.8899264913 291551.7384101374, 206193.4506790599 291554.1871022838, 206207.7440757731 291554.6406797896, 206222.2213118632 291552.5426783463, 206231.3307029741 291545.115654989, 206244.0766915046 291545.1244451638, 206254.3615331703 291549.4583942543, 206260.8276406163 291546.46736099, 206271.2977890211 291546.1417803932, 206280.4061484665 291540.2680314499, 206290.6941419802 291540.0532915073, 206299.1655290397 291533.7353396997, 206301.7236964216 291520.8675371986, 206307.2866044305 291507.5580516783, 206298.4605946361 291500.1186071629, 206293.9144548116 291491.4617569245, 206303.2066716136 291483.1473761084, 206313.684948938 291471.2836028119, 206323.7027611229 291466.9637583532, 206334.6320290462 291461.2022823906, 206345.4662978129 291461.0989318594, 206346.9312478264 291449.3398233132, 206366.1474116162 291440.9215318274, 206377.2579654411 291436.3806265497, 206388.6442480959 291428.1787552398, 206402.1218943927 291423.7504974035, 206410.5941758675 291416.4341491899, 206423.4308386523 291417.2198687364, 206435.2696454922 291412.9014413045, 206449.014379216 291417.0161836113, 206458.3066567815 291408.9238519926, 206462.0475514363 291397.6101666839, 206465.6983626883 291384.9650826067, 206470.9878266828 291372.5430616992, 206478.0954964759 291363.8944648636, 206495.2208043782 291351.4809427189, 206517.7975785982 291354.7145779788, 206530.1847031807 291347.7339979383, 206541.8375506505 291348.962809377, 206552.0337594768 291350.0796359352, 206562.2369682233 291341.5442927395, 206559.6968849972 291328.8947581142, 206566.9886971018 291317.5836929879, 206576.6385065903 291318.9220398258, 206586.4770276114 291311.1630717576, 206597.0393151667 291309.7284881615, 206599.5959453132 291299.63438863, 206609.7166415706 291279.5607943958, 206627.021048647 291271.6963845127, 206633.9350576996 291279.1347447523, 206637.6610829642 291288.4568297519, 206646.1178679368 291302.6639563208, 206649.2034559749 291316.2014732849, 206644.8284018885 291322.8549384171, 206644.8216373908 291332.0633410221, 206640.8081671687 291342.2673033544, 206632.2434461263 291351.136593325, 206622.2221087897 291359.8938802947, 206613.5648368565 291370.8710691919, 206609.0015046305 291386.0671545972, 206609.5375562243 291400.0465758972, 206609.3494687879 291408.2563448775, 206599.6944977375 291414.1293633168, 206593.6771761916 291425.6632219718, 206587.9342136325 291435.5331143249, 206578.2709748461 291452.8334525782, 206575.9871388334 291463.4824820737, 206570.6071040035 291475.1277648249, 206561.0439971703 291480.0023893939, 206565.7671420164 291495.3161844497)"
TRAIL-213,금정로 42,금정로 42-1,206562.7623917436,291495.7577825779,206565.7671420164,291495.3161844497,129.072084,35.21992,129.072117,35.219916000000005,3.037027018117352,"LINESTRING Z (206562.7623917436 291495.7577825779 0, 206565.7671420164 291495.3161844497 0)"
TRAIL-214,금정로 43,금정로 43-1,206602.6311781969,291631.6940647679,206015.9886650913,291857.6120687821,129.072523,35.221145,129.066081,35.223185,1180.1675789284527,"LINESTRING (206602.6311781969 291631.6940647679, 206608.4500784001 291642.3490075997, 206608.1708735609 291650.669657708, 206614.8996030841 291662.1018828948, 206614.0701682769 291675.8584222409, 206627.8050716944 291692.7320754928, 206628.5237261389 291705.9350251116, 206623.8718514926 291717.913648119, 206631.2395056327 291727.0165152756, 206637.2372168914 291741.9984542277, 206634.6739945441 291761.1900134743, 206629.1114911384 291773.5008009774, 206622.9135076882 291783.3703423348, 206620.7202543812 291794.6851005302, 206626.7181817172 291809.3341999903, 206635.6319735479 291820.4352106671, 206643.5447120859 291830.9807711856, 206650.1801012738 291845.2975211611, 206654.3582977229 291858.3920757198, 206653.0767239686 291867.932382079, 206642.4202911204 291874.4702898126, 206634.5825139512 291885.8918469717, 206630.2067689226 291893.8766608479, 206636.8449009702 291904.4212824308, 206642.7520158555 291918.6265494275, 206643.2898557401 291930.0542556353, 206649.2914899884 291939.4889717692, 206650.0145793299 291946.5899688297, 206639.6349411861 291948.2465139484, 206634.1681415554 291954.3444644839, 206627.3327620903 291964.546371982, 206614.3161956188 291961.8741679421, 206605.3887418858 291969.6337771586, 206599.3742903214 291977.7283548198, 206579.3435766799 291980.8202136286, 206569.5093346581 291983.6976285436, 206557.6708074472 291988.5706065503, 206546.1105474654 291986.343335779, 206536.004009004 291988.1111422583, 206528.3610348293 291982.2255485942, 206520.8043693645 291982.8857653709, 206508.6058662123 291981.9894197051, 206492.6729546924 291983.6421384617, 206480.5668397773 291980.859835799, 206462.4490104885 291982.5110423511, 206451.9734234388 291991.1572549619, 206441.9637954218 291984.7153223852, 206430.8558540625 291986.4825330556, 206422.1153860366 291987.5857696418, 206415.1021297079 291992.2404724685, 206404.3651913631 291984.3557836195, 206398.6337783058 291978.6935432706, 206387.9809517429 291980.5720733762, 206378.3296300079 291982.3403775545, 206371.0397600714 291991.9874341222, 206369.6740296006 291992.2083616278, 206359.2994108041 291986.875711302, 206357.4807500074 291983.878923808, 206356.0289706855 291976.9993275985, 206350.7548966607 291968.2309856608, 206339.3767151296 291965.8931624842, 206326.9951630761 291966.3282707853, 206317.0712651304 291967.3198362465, 206307.8756775119 291968.3119205595, 206305.5137815036 291960.9879188831, 206297.2254844174 291966.4184373015, 206288.3896549463 291973.7346436392, 206284.017958606 291976.3942792712, 206282.0158837147 291975.283440652, 206275.6475038735 291969.066112224, 206266.909575353 291966.5083232773, 206258.2576900833 291971.1620120841, 206246.7903659234 291966.0506246125, 206234.9562738377 291964.7111208534, 206225.4031829388 291956.0508481195, 206218.6725030993 291947.0596916808, 206199.2914446721 291932.1797876991, 206180.8206369415 291917.4114925233, 206174.0897325018 291908.6422592857, 206184.0208857714 291897.110790366, 206195.9486212638 291894.7891144771, 206191.490204262 291891.1248842939, 206184.8464604027 291888.0138853292, 206177.651853017 291891.6701447324, 206169.5542004 291884.5641529972, 206159.6306081933 291885.0011677108, 206151.7076186558 291888.767896408, 206144.2418672191 291889.5394344377, 206139.8772529392 291881.7703378089, 206132.6900316223 291874.5540526574, 206121.8459724262 291889.8570809309, 206110.9191569799 291892.9561440234, 206103.4492195929 291899.9406188787, 206091.3472080016 291890.7240453946, 206078.4195536487 291890.8262921049, 206070.9553742722 291889.2680519689, 206061.7566116049 291894.920063816, 206053.9255278302 291897.466547497, 206040.1831987973 291890.5787844263, 206032.1744048166 291886.5794281686, 206024.8954708809 291880.2507255835, 206026.4509771316 291868.4916190965, 206015.9886650913 291857.6120687821)"
TRAIL-215,금정로 44,금정로 44-1,206979.1800901832,291396.5521134302,206981.0981851837,291388.5655759438,129.076657,35.219023,129.076678,35.218951,8.213639233202828,"LINESTRING Z (206979.1800901832 291396.5521134302 0, 206981.0981851837 291388.5655759438 0)"
TRAIL-216,금정로 45,금정로 45-1,206979.1800901832,291396.5521134302,206791.161617192,291897.4353806145,129.076657,35.219023,129.074596,35.22353900000001,1119.2011694864418,"LINESTRING (206979.1800901832 291396.5521134302, 206966.1498211688 291410.7429893554, 206947.8302636819 291436.3571234762, 206935.7058595588 291456.6506981385, 206928.2526001741 291440.5580049831, 206916.1538646098 291427.3463272209, 206881.4769156808 291413.1189584262, 206849.9718716623 291418.0875557809, 206819.1111963534 291413.7373946747, 206796.2556246138 291418.3798698778, 206786.5810639692 291450.2137322921, 206783.2106152255 291452.6519873286, 206776.3785964146 291457.6393776135, 206746.7899850517 291456.8406460553, 206727.7682118745 291448.2837362907, 206702.4624045758 291442.3848806226, 206675.2340810092 291450.7965418428, 206662.8425718266 291463.7679344015, 206651.9946759513 291482.3986586386, 206626.496018104 291491.2555177097, 206601.3670893216 291492.5684791524, 206577.5111605523 291496.1013299411, 206553.9283802641 291499.6344415422, 206527.9761732107 291506.3833004055, 206508.4896618586 291510.9179900121, 206497.0966002135 291528.5500059518, 206519.3872480354 291549.2017595977, 206544.8777697053 291551.2171734074, 206564.349880292 291566.4307091708, 206585.8314826813 291572.5482841489, 206595.921342836 291594.3007998744, 206591.266624652 291610.1625006253, 206605.7221465249 291637.7982813008, 206622.4539440455 291664.9919739377, 206640.6461301403 291686.9723687092, 206639.5342499057 291713.3763984179, 206648.254050691 291740.7861536643, 206645.7780136324 291765.1921767272, 206648.4003292297 291789.4910029904, 206674.2467744026 291801.7139621449, 206702.0097598715 291807.5036200105, 206732.4011449104 291829.049474464, 206744.2165617995 291855.5740747059, 206767.5135819862 291867.7954015133, 206783.7968428827 291884.893094611, 206791.161617192 291897.4353806145)"
TRAIL-217,금정로 46,금정로 46-1,204687.21759943,290543.3526273483,204544.89257081776,289889.3087860201,129.051478,35.21134600000001,129.04991128901693,35.20545141670846,914.9122884021731,"LINESTRING (204687.21759943 290543.3526273483, 204714.6215555354 290549.0250346702, 204733.2090334034 290524.7378949817, 204754.978752792 290509.4389696594, 204780.2088656244 290493.5872020292, 204795.6978712784 290474.8457800822, 204795.9891442446 290440.6750338313, 204800.8273612138 290417.3792592618, 204823.2340049947 290403.6340606185, 204817.4211820847 290376.1167349302, 204832.7332149739 290348.2778387956, 204845.4957995999 290320.4376039873, 204841.3232927634 290290.4803668352, 204813.5571251691 290279.7039415104, 204785.6086043231 290269.2603385744, 204764.7699584355 290244.3977850501, 204771.8882868302 290214.1137028259, 204774.4522007543 290186.9336675608, 204775.1924198977 290164.6342266138, 204774.0229650258 290137.5631682992, 204753.9997093255 290119.9124628432, 204723.3230793745 290101.4796244087, 204705.207755962 290091.7070779988, 204673.0739527558 290073.3845978595, 204678.1001852384 290038.4397044665, 204666.274097261 290016.2447168968, 204644.1524914347 290005.4717297571, 204628.0421598847 289991.817314732, 204611.8381203784 289983.2663233878, 204618.4040124868 289964.2981796423, 204597.5613292198 289945.0941862948, 204577.0807175266 289929.995367212, 204562.5181558573 289916.3418536767, 204549.0526115697 289894.0352532377, 204544.89257081776 289889.3087860201)"
TRAIL-218,금정로 46,금정로 46-2,204544.89257081776,289889.3087860201,203916.7589652743,289279.8528069017,129.04991128901693,35.20545141670846,129.0430103309939,35.19996071370495,914.9122884022189,"LINESTRING (204544.89257081776 289889.3087860201, 204531.7611644746 289874.3894221717, 204513.9246670898 289851.9697435265, 204495.6328362904 289829.4389303438, 204475.5238791569 289798.4754842451, 204464.4250265809 289777.1686841961, 204443.951058081 289747.3145745289, 204427.203243297 289732.2179338104, 204411.0042268682 289712.0181517579, 204395.8058435859 289693.8158836395, 204367.7684142209 289674.1651598993, 204331.4473739307 289647.9648394823, 204312.0562225309 289637.4158677932, 204313.704009672 289619.2217818475, 204294.8509365068 289625.9804202045, 204270.1818059156 289607.5519880312, 204239.95963734 289585.1270248143, 204221.3932930933 289562.8185366925, 204198.9089897837 289545.1679304995, 204173.0526569752 289533.1739856056, 204146.1035999345 289520.9577256263, 204128.0867642065 289490.9945258172, 204118.442371014 289472.6843212927, 204103.9715578493 289454.3719379142, 204078.8431013142 289442.9333158749, 204053.9936866552 289418.2925173594, 204028.3175456382 289409.4055099273, 204005.7438262601 289386.319078579, 203983.1648653668 289374.8818523997, 203964.047326553 289361.1163680577, 203947.4819650725 289341.8048229739, 203937.0182816703 289321.6084065219, 203924.6451139582 289294.6435739231, 203916.7589652743 289279.8528069017)"
TRAIL-219,금정로 46,금정로 46-3,203916.7589652743,289279.8528069017,203281.71610334772,289096.2866982192,129.0430103309939,35.19996071370495,129.03603613090007,35.198308409965975,914.9122884021698,"LINESTRING (203916.7589652743 289279.8528069017, 203912.634216833 289272.1166868179, 203894.3370433048 289255.799988724, 203869.8472243236 289239.7025670101, 203851.0976928666 289216.0634426785, 203838.9976532701 289188.322238332, 203820.0643966705 289168.0114299679, 203787.2786319979 289172.2135348944, 203755.8555822853 289184.4043100988, 203724.6213237325 289180.6192996067, 203694.0175781199 289193.8091249344, 203674.2510787657 289206.3377807994, 203648.0222904811 289210.5430540109, 203622.3458730546 289199.8820940069, 203595.1128934696 289210.2999969724, 203584.4471160215 289238.1427758584, 203576.6941907081 289269.315046854, 203570.1285811362 289291.8341410793, 203553.912010167 289309.467898424, 203534.6111607064 289296.7017498677, 203520.0540759801 289262.3033546437, 203522.431239563 289238.0074861945, 203509.9635486169 289216.4794571824, 203498.6791039881 289196.3941786395, 203489.4015381945 289167.3232041552, 203475.0194776404 289150.4541462313, 203457.9970558288 289131.9199389989, 203438.8823785763 289107.1720920281, 203410.9322490804 289087.1915548884, 203373.4143910876 289081.963116837, 203352.4661882673 289089.1667095785, 203330.9727576007 289093.2637116726, 203310.3868555652 289106.0147468677, 203303.9207946302 289106.7889941797, 203291.5400819895 289094.5806182049, 203281.71610334772 289096.2866982192)"
TRAIL-220,금정로 46,금정로 46-4,203281.71610334772,289096.2866982192,202620.21541854282,288648.1012521488,129.03603613090007,35.198308409965975,129.02877084773854,35.194270615721074,914.9122884021771,"LINESTRING (203281.71610334772 289096.2866982192, 203263.4895618593 289099.4520082527, 203237.9025322514 289091.3438909101, 203212.7716213466 289080.9061790968, 203186.816708362 289082.7830564495, 203166.5120662593 289073.0128389972, 203146.569106005 289070.5651118904, 203122.8022497548 289065.3425031552, 203103.590997768 289053.5758084421, 203090.8491556431 289031.1607162399, 203068.7228563403 289021.6119857449, 203060.8972988912 289002.9707080857, 203051.8906611176 288975.8972795125, 203041.0591259456 288959.1410589615, 203033.232156306 288944.3828537221, 203017.483040336 288926.9593506732, 203004.5579682417 288906.6522632335, 202998.91891234 288884.7943868961, 203003.6615576935 288863.6056185357, 202990.2823335738 288839.3044121351, 202974.534009065 288818.6636057587, 202950.7649460323 288817.8792179649, 202931.1935133513 288791.1353126862, 202917.083241242 288773.601575326, 202904.2487243249 288753.5165537037, 202876.1098815551 288747.0728087437, 202856.8018712705 288750.1731321741, 202834.8545570638 288747.7254614715, 202803.3417962795 288754.9270197279, 202791.598142385 288740.3897048273, 202779.4899960186 288726.4070144246, 202762.8213093369 288735.1665013495, 202738.0506977612 288732.8291484479, 202720.5668919653 288726.7219485275, 202702.4470216232 288715.7330493981, 202685.3306030127 288698.9753880191, 202675.5916049209 288679.8901094508, 202658.0213061341 288657.6961030953, 202644.9113757057 288642.6038591365, 202632.433099757 288647.4817649349, 202620.21541854282 288648.1012521488)"
TRAIL-221,금정로 46,금정로 46-5,202620.21541854282,288648.1012521488,202064.0598840779,288071.7588498185,129.02877084773854,35.194270615721074,129.02266263055967,35.189077022367854,914.9122884022058,"LINESTRING (202620.21541854282 288648.1012521488, 202612.8523537995 288648.474590132, 202590.7236949393 288642.1444143453, 202566.6866131546 288621.2800683054, 202543.9205370984 288614.2841617093, 202516.0573060951 288596.7472010584, 202493.1107562869 288583.3166123647, 202467.8858094549 288575.4326676338, 202445.118613114 288571.8762780167, 202420.2571422251 288566.7661677106, 202394.7569015221 288566.3156103895, 202373.2623746939 288571.524324884, 202346.2125298672 288576.3988167042, 202323.8070731332 288582.6059098593, 202325.0869892989 288563.5238472589, 202313.4337040998 288547.7667953839, 202325.2793353901 288523.8058981033, 202303.9716369205 288510.3762116528, 202291.4094776156 288486.8528697518, 202280.8497015967 288467.9897032601, 202270.2005045248 288442.3589363153, 202250.8081223824 288416.7260052246, 202240.4312895166 288393.9798897821, 202224.2265247434 288367.5711982208, 202210.1157669804 288343.7147618561, 202198.5543936033 288322.5216252553, 202179.8879916277 288305.8754984619, 202165.6845919055 288287.6772597612, 202144.5625090442 288256.2750568268, 202125.3523057524 288227.3141229581, 202114.8849781752 288199.7975418851, 202106.9657202009 288180.9352038786, 202101.9622767452 288156.0825702581, 202092.1323609903 288128.4552224425, 202086.2177162062 288105.155605807, 202073.1987354355 288082.9638050641, 202064.0598840779 288071.7588498185)"
TRAIL-222,금정로 46,금정로 46-6,202064.0598840779,288071.7588498185,201920.61545477287,287235.1969858339,129.02266263055967,35.189077022367854,129.02108571494563,35.18153690789623,914.9122884021931,"LINESTRING (202064.0598840779 288071.7588498185, 202058.1751219668 288064.5436656005, 202040.601564983 288044.7916480886, 202027.0371085259 288017.2744789867, 202008.3707213248 287996.3018965604, 201987.4250411934 287985.5357039224, 201972.3097711571 287968.2251300181, 201963.7533029586 287945.4797443602, 201954.0136720368 287918.5182393106, 201941.9059875144 287891.2234056942, 201948.6530562565 287857.8307061927, 201956.2203515364 287822.3302543458, 201959.0493094613 287797.0356326427, 201966.7051989194 287773.4062197173, 201967.7117147114 287752.1051907945, 201966.6241405285 287727.2534999249, 201970.9111596221 287698.74182658, 201970.0974602229 287671.0056533238, 201979.0284866429 287648.0421965138, 201987.5053647654 287619.5314508603, 201975.8511231009 287599.8918176888, 201976.9491494506 287576.8157117678, 201974.8594251967 287553.0732473383, 201972.8616914049 287525.1149338422, 201967.6754937275 287499.596695682, 201966.041169639 287475.7433910471, 201977.3417221398 287447.4551443915, 201983.3544541375 287442.0202057537, 201985.3592266546 287437.804775092, 201986.5447064501 287431.4812302444, 201985.7274303327 287420.164768932, 201972.3449086724 287388.6537662978, 201967.431355319 287365.5763593973, 201972.0829840697 287336.6210053679, 201971.4512805789 287309.5505501474, 201960.1605146769 287291.9080162014, 201943.132209796 287270.0483953233, 201923.5555125181 287238.3142575611, 201920.61545477287 287235.1969858339)"
TRAIL-223,금정로 46,금정로 46-7,201920.61545477287,287235.1969858339,202279.41981484983,286723.8842648752,129.02108571494563,35.18153690789623,129.0250234803123,35.176927406675816,914.9122884021813,"LINESTRING (201920.61545477287 287235.1969858339, 201902.5193151124 287216.0100890372, 201891.9574534468 287196.1489177845, 201866.278263701 287161.1962619216, 201848.88310006 287149.3216977118, 201835.8620943543 287127.4631023043, 201827.0309342956 287106.1600899224, 201822.7530638371 287090.0723645298, 201821.9379618924 287066.7739850393, 201809.0987489728 287045.9139623721, 201792.2508273807 287028.9362001789, 201772.5755436581 287030.1527113434, 201756.6364067657 287023.4929739071, 201769.3911204357 287011.4025741556, 201793.7153998163 286992.7687877993, 201817.0369354377 286978.461676816, 201836.440240941 286971.4761260585, 201864.8617806041 286962.4954794001, 201886.8175878004 286946.1912780257, 201910.3222004501 286928.8889619613, 201935.7384279753 286917.9109154157, 201959.0615324001 286898.2788667011, 201967.0829961647 286872.5416311733, 201981.93351291 286859.3425499403, 202002.6140542858 286845.1462855956, 202031.7668418655 286827.4017619117, 202062.2838010356 286819.7535324697, 202075.1284193551 286815.8734311459, 202094.5329906041 286805.7820072873, 202111.8448249824 286785.816135429, 202133.5257766303 286779.9411921889, 202152.3857904166 286762.0836960541, 202173.5213444276 286751.7709658163, 202195.56710436 286744.5649328233, 202217.6123019316 286739.7997176621, 202231.4617259805 286725.2694767443, 202252.0502461066 286717.6194472749, 202277.1899678356 286723.5057544433, 202279.41981484983 286723.8842648752)"
TRAIL-224,금정로 46,금정로 46-8,202279.41981484983,286723.8842648752,202772.9726679806,286514.0710727609,129.0250234803123,35.176927406675816,129.030441,35.175035,914.9122884021918,"LINESTRING (202279.41981484983 286723.8842648752, 202305.3359483725 286728.2834576589, 202325.3782612959 286719.5240174993, 202333.035271947 286698.7794905716, 202353.6235923265 286692.4610179656, 202360.8213576005 286686.5828681281, 202357.9116522918 286666.5012786705, 202363.7469126725 286645.867249107, 202355.5548899415 286621.7903077139, 202362.8493604007 286594.610973743, 202386.0828671423 286575.9785034702, 202409.585882795 286571.8798031439, 202420.9726272271 286571.3281197321, 202442.196585914 286573.7745797682, 202467.7934675525 286574.4471787283, 202477.3509248021 286601.0763010133, 202493.3772466214 286622.7147408714, 202513.0515127293 286628.711142902, 202511.5900084136 286643.2443775457, 202497.7389389293 286661.6572221476, 202490.1731603057 286680.4046453009, 202505.4741077662 286689.2843699072, 202521.1383106457 286702.0472555242, 202534.5329146023 286687.1845202761, 202552.1154394704 286680.6437706636, 202573.5253556897 286668.7788381579, 202593.8429555985 286654.3619357342, 202610.6101707653 286632.5108196008, 202626.6477627661 286613.9878379847, 202640.7723477662 286595.9081026439, 202665.0984263272 286581.0487554026, 202692.4361870864 286547.5518090012, 202700.9922824332 286569.8540606531, 202714.9236282318 286589.3843350824, 202728.3094620843 286605.2533214073, 202750.8992408276 286609.0322420759, 202767.300006775 286595.5020916127, 202779.9663286129 286580.9723301096, 202778.3335669233 286558.4502361934, 202778.7976745292 286530.2706523202, 202772.9726679806 286514.0710727609)"
TRAIL-225,금정로 47,금정로 47-1,205433.8655633983,292594.0367074792,205422.9647633123,292613.0154330499,129.05969169048566,35.2298260792408,129.05957206893936,35.22999720273166,22.238788480672902,"LINESTRING (205433.8655633983 292594.0367074792, 205433.7099465256 292596.9123886926, 205422.9647633123 292613.0154330499)"
TRAIL-226,금정로 48,금정로 48-1,206791.161617192,291897.4353806145,206790.6994233673,291906.7543941252,129.074596,35.22353900000001,129.074591,35.22362300000001,9.330468152481219,"LINESTRING Z (206791.161617192 291897.4353806145 0, 206790.6994233673 291906.7543941252 0)"
TRAIL-227,금정로 49,금정로 49-1,207106.6724105472,292023.4581805459,206686.30745616023,292129.64511236973,129.07806274293327,35.22467272043552,129.07344613957005,35.225632724933746,890.1174517747712,"LINESTRING (207106.6724105472 292023.4581805459, 207106.4239828176 292021.8248295851, 207101.9794140611 292001.0746612984, 207095.6142263399 291991.5284126624, 207090.7066832587 291980.6519739589, 207088.6241050306 291966.2275187622, 207086.0832840534 291955.6857728022, 207079.7241271161 291938.3734059907, 207076.4542818677 291928.7186507869, 207067.1797554377 291914.0666875386, 207056.2682241832 291897.194561284, 207049.9043850632 291885.7622864888, 207042.8131644006 291873.1090574487, 207036.538345494 291864.2285915623, 207024.9838169682 291854.5674141705, 207011.2413849891 291848.6766773513, 207006.788002148 291838.9100866631, 207003.9747030651 291827.3696521202, 207002.7991729179 291817.0508790127, 206995.5221476741 291809.0572246266, 206982.2337148334 291804.6091655206, 206972.0378995377 291803.7137417856, 206962.0226253607 291804.8154741597, 206943.9089532664 291800.4747030717, 206936.4494417471 291792.9247354776, 206929.5369250156 291784.3766904567, 206919.0666875199 291785.1452875675, 206908.956545146 291791.2395200252, 206900.8569206319 291787.3502698376, 206892.6611756114 291790.1176388319, 206885.5540336841 291797.9893026457, 206887.4548950802 291812.4135682309, 206881.984722542 291822.6163217577, 206868.5949345993 291831.7036129752, 206859.5741587355 291842.0146291601, 206849.2836370148 291846.0008413313, 206846.9084560169 291856.7606847372, 206837.973736321 291873.7284737769, 206827.314328511 291884.0382837999, 206816.9289826945 291893.127920615, 206808.1852863385 291898.3357382162, 206800.9899335015 291902.6571703689, 206790.6994233673 291906.7543941252, 206775.6683227195 291919.6127135128, 206766.832142582 291926.8175077945, 206759.7263784251 291933.1360458113, 206750.6190953377 291937.6779788187, 206738.7788391231 291944.6586691772, 206713.0062227621 291956.2887030061, 206694.2489773329 291960.7125900868, 206674.1278914414 291962.8056691584, 206663.3836227115 291965.1275865939, 206640.8968556085 291965.4438804252, 206647.9747819923 291996.8464528166, 206641.9587620907 292007.048952232, 206639.5809372375 292021.8028623106, 206636.0204423435 292035.4464575355, 206635.9184141069 292050.4239290189, 206642.1912143619 292062.41057147, 206636.6304317476 292072.6134096952, 206638.6251931116 292083.5984083987, 206642.9874885763 292093.8085330045, 206667.1953832116 292104.698938364, 206675.0168801577 292115.1335194531, 206684.8387933183 292128.7869853273, 206686.30745616023 292129.64511236973)"
TRAIL-228,금정로 49,금정로 49-2,206686.30745616023,292129.64511236973,206258.75441490716,292304.44802051916,129.07344613957005,35.225632724933746,129.06875099000715,35.22721106764394,890.1174517748117,"LINESTRING (206686.30745616023 292129.64511236973, 206695.4855113218 292135.0077709094, 206713.3206611957 292145.893584643, 206721.7799853799 292155.4411220782, 206727.5073700396 292166.0960828713, 206736.0544736901 292179.9705470287, 206743.5157347825 292184.9686246049, 206752.3407094661 292192.4085125187, 206761.4440872901 292192.7481490608, 206762.436276878 292205.0637656763, 206763.0644856013 292217.1572207677, 206760.9559751439 292236.7928775047, 206756.213325988 292248.549484189, 206752.5534229749 292273.2874468871, 206753.5506699601 292278.8354331104, 206762.1915657074 292288.8269255541, 206766.4610095447 292301.1449957897, 206772.9118758293 292318.0134402356, 206778.3648277631 292330.2214583883, 206780.3586937399 292342.0940511482, 206773.976702581 292354.8479247866, 206769.1472160997 292361.0572193799, 206763.2230816775 292370.2612086057, 206752.1098337324 292379.6832151873, 206741.1813242759 292385.555138107, 206732.5314115729 292387.7675905427, 206719.971811343 292383.5423437127, 206707.8656429865 292381.6472924973, 206686.2013519193 292379.0795157811, 206677.4579543588 292384.6202970932, 206669.8954761552 292393.6012481309, 206670.1605585437 292404.4740387417, 206664.2400693446 292408.9074672845, 206655.0463615656 292407.9021924411, 206645.1256834447 292405.1212751015, 206637.1183451218 292400.1228759411, 206627.6528239972 292397.3423119361, 206610.7238691229 292392.6702359704, 206599.3442641721 292393.1057029929, 206595.0664638878 292391.9931334845, 206584.1387179668 292396.9776878499, 206574.03771228 292391.7559307509, 206565.391391152 292389.0869724845, 206549.4695523593 292376.427714082, 206537.4585446557 292368.7638284014, 206526.5408923123 292359.7694098448, 206513.6170190536 292355.5441871949, 206502.1484119243 292353.0951467613, 206491.8665946704 292345.9872898067, 206480.6701991562 292344.7588652901, 206461.6452092861 292342.9701328448, 206447.0792543056 292343.5144600303, 206437.7063883401 292338.2933751185, 206429.4267185623 292331.9636289088, 206416.8699705276 292323.4119576143, 206405.4924102404 292320.8521598127, 206394.1131176177 292320.733161322, 206382.5490139637 292324.4971156625, 206376.5348408084 292332.8137347345, 206363.787073192 292336.9097129589, 206354.4974687401 292342.6723111385, 206341.8462064792 292339.0022500466, 206335.0131567526 292346.763598389, 206321.7199953561 292349.7498055377, 206308.9708058461 292355.9538118333, 206299.3261605576 292348.7356738489, 206290.5855185778 292350.6156510755, 206282.3073760831 292341.9561993235, 206270.6615440862 292332.4068606699, 206264.1130296449 292323.7486254872, 206257.5651168518 292314.2028370179, 206258.75441490716 292304.44802051916)"
TRAIL-229,금정로 49,금정로 49-3,206258.75441490716,292304.44802051916,205501.7783883947,292205.6320444024,129.06875099000715,35.22721106764394,129.06043512495768,35.22632482756969,890.1174517747502,"LINESTRING (206258.75441490716 292304.44802051916, 206258.7553298014 292304.4405164074, 206247.5580852517 292304.3218284013, 206237.36283913 292303.3162867996, 206228.8928261014 292308.7467445409, 206219.063173085 292305.6335238122, 206208.5069079256 292300.0790288586, 206193.7554099727 292305.6161536629, 206187.8448840934 292295.7380182695, 206181.0215653567 292289.4094970555, 206175.4751564689 292279.5316189332, 206161.3686788618 292273.641921056, 206150.625893193 292274.5221661522, 206141.9797125392 292271.2988897455, 206134.9732937208 292266.4125617995, 206128.5119528433 292263.1907808974, 206119.2295555399 292258.4138678316, 206110.3985032525 292259.2954546069, 206100.3845889968 292259.2886934645, 206078.1717573423 292259.4956251227, 206064.698268028 292259.8194131849, 206054.1394036802 292257.926276041, 206047.8607671159 292253.7061719349, 206038.5758727507 292252.5905187871, 206033.8359485248 292261.6848290148, 206022.2757624976 292259.6801161857, 206011.6220920133 292263.4451507621, 205988.8618106929 292265.5379995836, 205978.1193993321 292265.8637258022, 205968.6478977029 292271.6265991555, 205954.9960859702 292266.2922477366, 205946.6246127837 292260.5176086788, 205930.6047536951 292256.8459093505, 205919.3129251682 292262.052916559, 205909.756729758 292258.1635979645, 205893.2769737051 292261.7030765561, 205883.0803417033 292262.6949402181, 205873.7942114614 292263.4655171489, 205865.0508419965 292269.5618062819, 205854.1274465885 292268.2233903177, 205841.6568027591 292266.3292638638, 205827.0909067257 292266.6527002828, 205815.2580745939 292263.8714628522, 205804.2490416503 292254.1012471285, 205796.87721796 292250.8791191356, 205786.5878449937 292254.5337073659, 205774.5707878878 292255.0807494215, 205764.6484001595 292254.2978049257, 205761.8318802779 292245.5313706566, 205754.3708343944 292239.4246557932, 205747.7305818883 292230.9886281036, 205733.086749981 292210.5654899161, 205726.2659296713 292199.6885785492, 205727.5484469303 292187.0416847363, 205720.452878708 292178.71633427, 205707.4306836152 292185.0319588378, 205702.1437907468 292195.7902680704, 205690.4817297663 292210.7604686024, 205686.5657835272 292212.9769010584, 205681.1045966399 292211.420241364, 205670.4464901549 292222.3970861971, 205662.1565917863 292231.3784199705, 205645.2198355826 292237.9135737184, 205628.4714593843 292234.3529000998, 205620.9167958724 292232.2402499322, 205608.2650833451 292228.5712163951, 205597.3453093429 292221.2420943473, 205587.8803117203 292216.7984489865, 205574.1320284652 292219.7854732183, 205565.0259047456 292223.8848218981, 205550.7292452125 292230.4217775788, 205538.9873851913 292227.5300131127, 205529.3393439669 292224.6395439716, 205517.1458096986 292215.9784027078, 205501.7783883947 292205.6320444024)"
TRAIL-230,금정로 49,금정로 49-4,205501.7783883947,292205.6320444024,205392.15783187567,292257.4307032758,129.06043512495768,35.22632482756969,129.0592313210787,35.22679230954539,890.1174517747544,"LINESTRING (205501.7783883947 292205.6320444024, 205501.3120229964 292205.3180565565, 205489.4815704415 292198.3213456085, 205483.74326293 292203.3103793309, 205473.6337520512 292210.737555079, 205467.9800569348 292226.3773497787, 205463.0571472677 292237.9126325197, 205460.0468701609 292248.0067904686, 205458.3115667543 292257.3251055041, 205460.4907934759 292266.6457839711, 205466.767682196 292274.1938226743, 205475.9574900729 292282.0764637504, 205481.6844444797 292295.7261440528, 205481.041011207 292305.9326758033, 205482.9463576497 292316.4735872656, 205485.4887419723 292327.3477201503, 205488.0301101299 292339.8860254474, 205487.1983421941 292360.4103105724, 205488.6464772833 292374.2792911085, 205494.7349964764 292392.0341594032, 205499.3713325826 292402.5767357037, 205506.1017782816 292412.5658653912, 205514.1050603997 292425.2184521302, 205511.9103050945 292441.5260032093, 205510.4465307389 292453.3962075205, 205510.895139928 292464.1581293167, 205510.0673197054 292478.1366735045, 205501.5930479888 292491.5558381702, 205496.1200614053 292509.6365179584, 205493.1101740925 292519.1759449402, 205487.4585894351 292531.5983352715, 205476.2514715946 292548.2332668969, 205466.2309027474 292559.7654671363, 205462.8523085977 292576.9598763395, 205454.9284087826 292583.7227280379, 205436.1828903369 292571.8403395474, 205433.9104800705 292566.1807864739, 205428.455458199 292554.6392460104, 205427.551658694 292543.7661089315, 205430.0175371522 292530.4542086673, 205438.3061303634 292522.8039962599, 205435.4910459187 292511.2640405248, 205437.2266112772 292501.3909936965, 205438.6850100004 292498.2854154454, 205431.1393195449 292481.5282102478, 205427.049145317 292470.9859955529, 205431.3358474717 292457.4533004464, 205434.5288908812 292446.0279019132, 205435.5363972581 292435.8215836808, 205438.1827829995 292425.1724719383, 205441.1020099384 292414.9673045847, 205443.0222724339 292400.7675234816, 205446.4933983751 292381.1323811508, 205448.5024379817 292370.7047789984, 205458.4338998105 292356.2879431531, 205464.4483515398 292346.0846532564, 205464.9145213762 292327.8899865336, 205463.28199321 292317.7930227693, 205466.2018193949 292306.7003069788, 205459.8376019763 292293.0502514935, 205451.9244930411 292281.5072179784, 205445.9135539626 292285.8304430306, 205438.8054596576 292298.0300929234, 205430.7055269429 292294.3640463045, 205415.1400320301 292291.8029811412, 205402.9369999907 292299.0070935658, 205394.9265664824 292297.8928628773, 205391.7409303275 292296.8924596459, 205387.0103387235 292291.4533450699, 205384.9251828815 292276.9183346823, 205391.0282585096 292270.7090626013, 205392.15783187567 292257.4307032758)"
TRAIL-231,금정로 49,금정로 49-5,205392.15783187567,292257.4307032758,205686.7341557189,292086.90230148844,129.0592313210787,35.22679230954539,129.06246597862562,35.225253626539825,890.117451774828,"LINESTRING (205392.15783187567 292257.4307032758, 205392.3117524855 292255.6213359284, 205392.7722236449 292246.7460271825, 205391.413368957 292235.5397931074, 205394.6980711966 292223.1159358053, 205409.5367301864 292223.4576347053, 205421.8270471796 292222.6883818002, 205452.2382700691 292214.0529732857, 205463.3470789069 292210.0656656775, 205472.1822774305 292202.3048728665, 205480.1995770019 292192.2137525827, 205489.4907299061 292183.2328605502, 205494.0497592963 292171.3645375977, 205492.691288087 292159.714510476, 205487.8705911061 292152.7220626506, 205480.5026739407 292142.732564435, 205476.7762144776 292132.7452770535, 205474.5051290211 292124.7558782148, 205462.9394845759 292131.2946256055, 205454.0236263375 292121.7479934718, 205435.0896722651 292118.8520299028, 205420.7086876118 292114.0727729594, 205410.0603410332 292109.0738816927, 205396.9611970588 292091.9805604992, 205390.5083311963 292073.8927152219, 205392.9709073026 292066.2389948855, 205387.5140098963 292057.2492167129, 205383.3318935879 292047.8164217048, 205374.6890482742 292038.1590870432, 205373.3303369794 292026.6200250921, 205371.1517527385 292015.9680345842, 205367.1524007066 292005.3149639992, 205358.8733216171 291996.2125848099, 205358.8795013831 291985.7837821603, 205356.8836242172 291974.0224566009, 205357.1635087829 291962.5953137393, 205366.548315032 291949.3984535636, 205374.9283587048 291941.859187848, 205389.2176771915 291948.191541982, 205401.3213193735 291955.7430052949, 205413.8780088136 291966.8449879694, 205424.5231935927 291977.3911178133, 205430.8001804031 291985.1610174336, 205438.0781769644 291993.5971918988, 205449.9020508758 292012.0211384502, 205458.7280554345 292019.7925944347, 205474.4712468617 292030.3418627902, 205490.853552147 292037.7850935641, 205503.5964143317 292041.7868509629, 205513.7898030797 292046.4527401309, 205527.9899918165 292049.2350282809, 205537.5512592104 292045.4687560541, 205546.5676688946 292039.4832645397, 205558.5009159061 292027.6195021822, 205576.8942681373 292021.6398093792, 205588.0063847407 292012.7710882427, 205594.4751657717 292004.5651757115, 205605.3119366358 291999.3574825659, 205615.8717471315 292000.3625366981, 205631.9811529193 292007.3620744176, 205650.2776650247 292010.8127749203, 205658.3739454176 292020.5809758233, 205660.9166196411 292030.7894850761, 205661.1833436967 292040.9965701665, 205665.0052623112 292043.6616378377, 205666.8200384546 292053.2040245885, 205670.7278397164 292064.0790612715, 205677.6409117047 292073.2918146115, 205684.6444490237 292083.392188422, 205686.7341557189 292086.90230148844)"
TRAIL-232,금정로 49,금정로 49-6,205686.7341557189,292086.90230148844,206438.96369993797,292219.8590802985,129.06246597862562,35.225253626539825,129.07072988494474,35.226447485641984,890.1174517747459,"LINESTRING (205686.7341557189 292086.90230148844, 205693.1019823826 292097.598439673, 205693.6350036341 292118.5673377079, 205697.5430937303 292128.8876634435, 205700.0863223789 292138.0976828291, 205708.1835552494 292146.0908145898, 205713.089935512 292161.2933482112, 205710.8094672284 292168.5033187729, 205713.5376880207 292173.0537783268, 205718.7256429313 292174.8321742656, 205731.744485219 292173.8419136304, 205739.9329056959 292181.5022977955, 205745.7523950705 292192.2676380991, 205756.1281269494 292196.0463595606, 205765.5934883936 292199.8245124834, 205778.8814381417 292205.0473996922, 205789.7161577848 292202.8354343103, 205797.1784192227 292207.0561172745, 205807.5581028381 292204.6219919695, 205816.8415044581 292208.1781921919, 205831.6796724529 292209.2971970252, 205841.8738503504 292212.1883416269, 205853.2504128999 292216.7444349515, 205865.7228499121 292215.9759031608, 205878.9258132316 292211.768574769, 205887.7602839738 292205.6723587666, 205895.2274880448 292202.2379350554, 205903.2405528114 292199.3585978149, 205913.6191857519 292198.5887654442, 205930.0059914639 292198.155717327, 205934.3819175581 292188.7282804169, 205939.392921406 292182.6296066181, 205951.7783197613 292175.8701174767, 205961.0684228539 292169.2195491902, 205972.17531414 292168.5612088649, 205985.1011013906 292170.6777056368, 205994.9282599196 292177.8956266554, 206003.2155922217 292173.3523879333, 206011.6814655955 292174.1346255734, 206024.7899738288 292175.252797454, 206035.5336053284 292173.2629554093, 206045.0968824155 292166.6126556727, 206054.1137312464 292160.2948346228, 206064.8547827753 292162.1880934166, 206076.2334583623 292163.5270694336, 206086.3391125455 292162.6463070109, 206101.8138300045 292164.8756313283, 206114.1952487935 292164.2183254973, 206128.9458002899 292160.3452429686, 206148.4275531215 292160.4694126466, 206161.6282351427 292159.9236736035, 206172.1834055244 292167.3641730629, 206181.1001301984 292174.4707304945, 206191.6538242861 292184.0192030882, 206207.9510053139 292181.5895908104, 206223.7031221517 292177.4954607505, 206234.0821906178 292176.1712723999, 206244.0028625307 292179.5064610201, 206253.8381685337 292174.6316863009, 206264.7606965153 292177.3019218059, 206279.9623904497 292179.3094724268, 206292.522324481 292183.7559956063, 206308.7287292908 292180.9936673206, 206320.6525558001 292183.7756138189, 206328.7457061752 292196.7618163213, 206336.0234729943 292204.0892698602, 206344.1273242645 292201.7651106507, 206356.6915630852 292199.9988170713, 206369.430768045 292208.3286416397, 206380.169427212 292213.4396731254, 206390.9105833445 292215.0004852693, 206403.1118472306 292211.5698275036, 206415.310129496 292212.3550868493, 206430.5997695873 292218.5788562126, 206438.96369993797 292219.8590802985)"
TRAIL-233,금정로 49,금정로 49-7,206438.96369993797,292219.8590802985,207074.7614665757,292346.979281724,129.07072988494474,35.226447485641984,129.077715,35.22758900000001,890.1174517747877,"LINESTRING (206438.96369993797 292219.8590802985, 206444.4357391297 292220.6966573799, 206456.0892947604 292219.3736321564, 206466.1993670535 292212.28038791, 206478.490825168 292210.0702892132, 206485.9609565023 292202.8642313668, 206494.6061245588 292207.4191734657, 206493.4152461141 292217.7361857718, 206500.2372844325 292225.6181688558, 206523.7223930258 292228.6305911955, 206535.0096418168 292230.3029134297, 206541.652933705 292233.5251165097, 206558.1288132976 292235.7559467345, 206568.2297609026 292241.3105188621, 206577.4215494253 292245.200268703, 206587.8887996825 292247.7596192051, 206598.9003150504 292252.9820547176, 206604.9950848283 292259.3103592893, 206610.9971883297 292267.8574967824, 206621.9197428152 292270.195330073, 206626.828585288 292279.8511260012, 206632.9212015135 292289.0640136855, 206634.0070321307 292298.0513413963, 206652.3041282295 292299.3961213931, 206661.3139148147 292303.0639335025, 206664.4035498123 292310.6104586429, 206678.6922053849 292315.8354079481, 206688.337568611 292321.7226132902, 206698.98454982 292327.2777364696, 206709.4512593059 292330.3919520702, 206720.1885101281 292336.9456708656, 206730.563258012 292341.2802358811, 206738.8424610002 292347.9430925688, 206750.0374102782 292351.0578980769, 206754.2175467564 292361.0460553159, 206764.9539817631 292368.5983307184, 206754.2965649385 292377.1331168645, 206748.0991048025 292386.6697465459, 206742.5397245037 292395.0974078636, 206731.2520585979 292394.3123841099, 206719.6917827236 292392.8615027749, 206729.4227869253 292405.849286893, 206738.6116932356 292413.2894351695, 206750.7130916023 292421.5083808121, 206762.9075763377 292426.9537910444, 206774.7362485241 292434.6178408372, 206783.9271692739 292439.284415701, 206790.6600030648 292444.171043315, 206809.6823768902 292449.0669229871, 206821.9710871677 292450.1856346584, 206832.9869161277 292449.195448701, 206843.0888001773 292452.9752134609, 206852.3799492171 292445.4379992564, 206860.2131420536 292439.7857510001, 206872.1368805913 292442.0137025293, 206882.8802994461 292440.1358114187, 206901.2697147142 292439.3732141233, 206914.285339911 292442.2677238519, 206926.3154778336 292424.4148084594, 206933.4260779448 292411.4397095812, 206941.3508109516 292405.2328776286, 206952.0085423933 292396.4764217947, 206962.6613396127 292394.1547763469, 206969.7680818823 292386.2831667446, 206981.2485134533 292373.2005304337, 206992.2711457826 292363.5568452237, 206995.46868453 292348.9145982265, 207008.9458611722 292343.7106267226, 207020.4151196056 292345.161807048, 207034.8892969296 292345.6168355793, 207047.9084737787 292344.0737458142, 207061.4721308863 292344.7499969576, 207074.7614665757 292346.979281724)"
TRAIL-234,금정로 50,금정로 50-1,207064.8121674345,291910.4057674737,207495.64154468395,291379.61392801424,129.07760196231848,35.22365401899543,129.08232948216704,35.21886660297125,1125.1231098523965,"LINESTRING (207064.8121674345 291910.4057674737, 207062.9072440369 291905.9643810409, 207055.0905127564 291889.7603425631, 207052.0028753428 291879.8838496002, 207045.9163725013 291863.0155004829, 207038.2798397932 291849.14145822, 207031.6402366596 291841.0373255775, 207021.9087970825 291828.3820615475, 207018.5489292649 291817.2849773114, 207015.9190957416 291803.9695656437, 207009.8296364479 291790.7624176564, 207007.6523196394 291780.8866470968, 207000.4670828449 291771.8945575652, 206992.9201570417 291759.68479645, 206990.7432429673 291749.254307046, 206987.2930378061 291737.158663342, 206983.7514397203 291725.5067296016, 206980.481928192 291715.1863443807, 206978.7659304407 291697.3229167318, 206975.5932628603 291679.4583663162, 206973.4190464914 291665.4776529838, 206972.2462822074 291651.4977124263, 206971.7121755092 291635.7431489101, 206972.4493197774 291624.3164100807, 206970.4565707759 291611.1124516253, 206970.194302726 291597.0222695083, 206967.7506911819 291578.1597840225, 206966.3088801969 291558.8542924165, 206964.2230145642 291548.3129381123, 206963.1440817394 291530.6718979876, 206962.2413383152 291520.6861790543, 206960.974761864 291510.2564015161, 206959.2528808849 291499.937218707, 206958.9034746436 291480.7435158724, 206958.0916795706 291470.8688127925, 206957.1902897533 291459.1079811196, 206956.7453110068 291445.7942749982, 206954.3861907759 291435.3636593656, 206965.0438789603 291428.1604545957, 206974.9769105781 291416.1860817587, 206979.0859642365 291400.5460496675, 206981.0981851837 291388.5655759438, 206979.6514915497 291375.583931026, 206986.8501766016 291367.6014711833, 206997.1376126149 291368.3860360838, 207011.4261055409 291375.4975603527, 207030.0878987159 291378.507551725, 207044.3872365078 291371.6401058583, 207056.4071921064 291368.986802284, 207068.3355900333 291366.9991112568, 207078.1694465244 291365.6754648249, 207093.8312919029 291362.9141168485, 207105.5769196737 291361.8138890823, 207123.2440343488 291356.169605581, 207133.806355914 291354.7356486155, 207147.0069615407 291355.8555159943, 207167.6744587336 291355.4280907643, 207184.2411573249 291359.7680764547, 207195.7111952382 291361.7741981537, 207207.9970932926 291368.2187721861, 207220.4647086289 291375.1072868391, 207236.6705411173 291375.2311823794, 207246.9624806707 291370.3578556881, 207260.1699066098 291362.9351523881, 207267.3540531003 291373.3697227393, 207278.369993612 291373.9333035141, 207287.4742662581 291374.1625232655, 207303.3120699152 291379.0568636489, 207312.503076132 291384.6115241217, 207325.5161368213 291392.3881825547, 207337.5344382561 291391.8432002994, 207353.1922600473 291394.074809466, 207369.0345127547 291393.4220337782, 207380.6823013528 291400.642936152, 207390.6037673905 291403.5355995064, 207402.0733414772 291405.985761699, 207412.3592442701 291408.5459130953, 207424.1019386078 291410.9963270873, 207433.4779354013 291412.8900875279, 207445.5004173143 291407.2417957101, 207457.7989741349 291398.0435169475, 207467.5473977686 291389.9525963281, 207474.6551834397 291382.3032825879, 207485.4945206704 291376.2102875974, 207495.64154468395 291379.61392801424)"
TRAIL-235,금정로 50,금정로 50-2,207495.64154468395,291379.61392801424,207923.1547097086,291573.8427956469,129.08232948216704,35.21886660297125,129.087027,35.220614,1125.1231098524086,"LINESTRING (207495.64154468395 291379.61392801424, 207499.4204650515 291380.8815002677, 207510.881102698 291394.0934292939, 207522.0777082168 291396.3216275974, 207532.3557353955 291408.3122090822, 207542.1767573679 291422.4103709631, 207554.0001583035 291437.1758842153, 207573.2003852918 291449.1739688037, 207585.1203263893 291457.2829212354, 207599.4059815131 291467.0580476252, 207608.4103371253 291477.7163105709, 207618.3286560912 291484.1594529411, 207626.3314960269 291494.8168906058, 207638.8876949549 291504.0358984854, 207649.168540942 291512.3654416309, 207641.1445613861 291526.7814743763, 207651.2488307469 291528.5651318403, 207661.2648724039 291527.0203838982, 207671.0905512662 291535.2386221044, 207677.2757239069 291542.0114987718, 207685.2812711527 291549.3406500116, 207690.3704210135 291560.2175599298, 207705.5603652277 291576.8721990663, 207715.5662362688 291587.1985900841, 207720.2907804383 291598.518985564, 207723.7364592863 291614.8308052206, 207709.0657266509 291630.0177196065, 207698.4982508669 291637.7748512658, 207685.6563512314 291643.644001531, 207672.9943870109 291652.0650520074, 207663.2491627965 291656.494579945, 207650.2286077752 291658.369618036, 207639.664870453 291661.7999762993, 207625.2759914458 291666.8912924749, 207604.6984508815 291669.4256965651, 207588.6695537085 291676.0689187159, 207578.2886871341 291678.6119440425, 207570.8184588889 291684.3748151192, 207572.173212204 291697.3564857656, 207577.3508526035 291711.339861724, 207578.4343286656 291722.102411348, 207584.9808147397 291732.2038726023, 207588.6981323645 291750.5128771938, 207585.7752444524 291761.9377362571, 207593.9599567979 291772.5953027663, 207601.5089522492 291781.3662814293, 207609.3303072855 291791.0250538882, 207621.3365976574 291804.1266469956, 207628.7933770923 291814.2289086129, 207642.0817613135 291818.3450841991, 207653.4643959911 291815.2482557108, 207663.940021932 291808.1566608429, 207675.7832449881 291798.7363983986, 207686.9863814356 291792.6439507743, 207697.4636651113 291783.6663350609, 207713.6788858884 291771.9200042053, 207721.4227286568 291765.60276005, 207729.8053838805 291757.5109521457, 207741.7352242291 291753.4161995056, 207751.7513179978 291751.5387175766, 207768.4160582371 291746.5605014372, 207781.8955336345 291740.2482374955, 207792.7325475974 291736.5963909664, 207809.3082130801 291729.3992779955, 207818.6870609013 291727.5213199495, 207833.8013023909 291725.8702271093, 207852.2890751527 291718.4529597406, 207862.4889526373 291714.6896988617, 207871.5136078835 291701.3841764915, 207866.2464361475 291686.1801609048, 207861.8841649626 291677.3007868022, 207858.6158298779 291666.7581939559, 207861.9015238927 291657.3307447692, 207870.8289178165 291651.2365474864, 207881.3052910704 291643.7014268068, 207896.0684957609 291627.1835344524, 207887.7902553184 291619.6320678459, 207888.4401287755 291605.2098166601, 207903.1939087132 291599.5645140632, 207919.9518037372 291592.5896531902, 207923.1547097086 291573.8427956469)"
TRAIL-236,금정로 51,금정로 51-1,204066.6088955818,291944.1717541169,204067.7046538695,291936.8498957263,129.044669,35.22397500000001,129.044681,35.223909,7.403397633305088,"LINESTRING Z (204066.6088955818 291944.1717541169 0, 204067.7046538695 291936.8498957263 0)"
TRAIL-237,금정로 52,금정로 52-1,203800.1179679286,291559.6325347829,203809.1270271202,291569.5103980907,129.04174,35.22051,129.041839,35.220599,13.369193358042406,"LINESTRING Z (203800.1179679286 291559.6325347829 0, 203809.1270271202 291569.5103980907 0)"
TRAIL-238,금정로 53,금정로 53-1,203809.1270271202,291569.5103980907,204163.91696555412,291155.0104430226,129.041839,35.220599,129.04573387381618,35.2168614926966,987.5588981623486,"LINESTRING (203809.1270271202 291569.5103980907, 203820.9647552498 291564.3009926922, 203830.0720644532 291557.0934425285, 203831.1704501663 291543.2258269062, 203837.7309899525 291530.3590294234, 203836.8268673504 291515.4920638194, 203840.0166710673 291507.7272926706, 203851.7626042479 291504.5148924683, 203860.3230285189 291498.9713099994, 203867.9737422575 291491.7631770313, 203875.7159394011 291483.5565880707, 203900.8497463433 291470.0321470979, 203910.9569664956 291466.819117279, 203917.5156569388 291458.6120526708, 203923.9833637096 291450.294008802, 203929.7229730718 291441.4209301403, 203937.5571825317 291431.2174312597, 203948.3937791343 291425.7858683695, 203962.2344521383 291421.2431909366, 203992.2803909252 291418.0390082045, 204003.5684264013 291421.2613916373, 204017.0416567971 291424.1519254973, 204031.8817245682 291424.3804175143, 204047.7320131807 291405.0831314531, 204063.6717190945 291389.5580309947, 204080.7823945389 291402.1024768963, 204084.0545252288 291414.1969180595, 204088.7815949846 291430.1750802728, 204094.6949288008 291440.1627721164, 204100.9714686439 291452.2585807156, 204108.3409175772 291463.4673331587, 204112.7968566224 291474.8966558489, 204116.8894189673 291484.5507012966, 204126.0825209113 291489.5473990942, 204128.9911461385 291499.9775227565, 204135.3667066902 291494.4332032882, 204147.8378018791 291498.4329208039, 204144.2902170988 291491.663671465, 204148.9375978275 291482.5683414461, 204155.7732425635 291466.4845068441, 204163.2410088515 291461.7173215868, 204168.4371402516 291447.2969120414, 204167.351055939 291433.3173877347, 204160.8935753646 291418.8916128418, 204158.0775858164 291405.0222392839, 204153.347517688 291395.8116620888, 204143.6998762475 291389.1505597757, 204130.2279510464 291383.3752777952, 204128.138183525 291374.0549754967, 204131.0573828915 291361.4086214307, 204124.4147693777 291353.4175775788, 204121.0509686019 291342.7653611206, 204127.1549683757 291334.0035194469, 204125.7048286839 291319.5800580591, 204126.6200871749 291309.0407374002, 204131.0859091922 291298.9468162706, 204128.9057865418 291288.073249216, 204119.1690885768 291276.7524602072, 204112.5266544693 291268.2067032546, 204104.1551966768 291257.7741084131, 204096.6033322721 291246.8981142433, 204083.315610499 291235.9085909612, 204073.3024140679 291231.7991263586, 204063.9292715368 291221.5880076097, 204060.0192727511 291210.4917923623, 204058.7490076702 291200.7280981319, 204070.2224283842 291197.1830264119, 204085.4308102757 291189.090927077, 204095.8099416384 291189.4284543612, 204112.6566400805 291182.5575332793, 204125.4008592268 291187.5558428943, 204134.6891082036 291184.2317458495, 204148.9904125731 291168.9279405708, 204162.6493842452 291164.6073767072, 204163.91696555412 291155.0104430226)"
TRAIL-239,금정로 53,금정로 53-2,204163.91696555412,291155.0104430226,203408.4905310915,290734.1597912231,129.04573387381618,35.2168614926966,129.037435,35.213071,987.5588981623744,"LINESTRING (204163.91696555412 291155.0104430226, 204164.2025897317 291152.8479653404, 204154.82977345 291141.9710862239, 204146.730167474 291134.2012488836, 204139.2685362877 291124.9894312495, 204138.3638017176 291112.4522797686, 204136.6401468454 291098.8053083348, 204139.2854411068 291088.0448945045, 204139.5636599895 291076.9505644085, 204137.4739829384 291067.2974306247, 204131.1982877803 291052.8717683761, 204133.1155612081 291041.3344090624, 204130.0248990307 291030.4604300377, 204122.4749482904 291015.035691968, 204110.1839103449 291014.031598211, 204100.0770185787 291015.2474020453, 204090.0621306603 291014.355312088, 204078.770666534 291017.6785509131, 204060.743798269 291016.22816178, 204051.001256963 291017.1113503067, 204052.826641853 291007.2381019743, 204045.2741092078 290997.2497112541, 204037.3558810166 290990.5895005042, 204029.1651383366 290982.4868961612, 204018.5165644571 290973.2737617, 204008.2286732234 290971.9378629857, 203995.1137669262 290980.8076260454, 203984.7312161785 290987.6816093055, 203968.886124482 290993.7765944559, 203956.2280820973 290999.0963886915, 203944.2107779342 290996.6503609881, 203926.1860132955 290990.2077360288, 203915.1693569277 290989.759183287, 203903.4251744169 290987.3133280331, 203887.7666677691 290983.0906921488, 203874.4759288467 290977.6487070992, 203859.4546368697 290973.6482823518, 203850.7155392477 290969.9833881044, 203843.7038591375 290972.1992972814, 203830.4144400578 290963.5399857299, 203822.314255172 290956.1032749028, 203814.3042169543 290950.7745558236, 203804.4749199249 290941.3401304512, 203795.1929198453 290929.4651655443, 203781.9960639264 290916.9229056979, 203771.8021297035 290908.3759202747, 203758.9684396591 290898.1636811936, 203749.0471508239 290890.726280352, 203738.8531101082 290882.2902769541, 203728.7504657031 290872.9667665804, 203718.8292156055 290865.3075101762, 203711.0920029569 290860.4227736533, 203703.0824503029 290853.5409307882, 203695.2555288059 290845.3278353626, 203688.1565397924 290838.2244888111, 203678.8728374945 290829.8998694882, 203669.1337779784 290821.7969641777, 203660.486988091 290814.4711229951, 203652.5683168473 290807.8112512344, 203637.7315558989 290796.8217659015, 203627.7194952839 290788.1640733087, 203617.6150341765 290782.8346904569, 203607.5103399823 290778.0600414311, 203598.1342157384 290772.8419154122, 203587.3021513594 290765.4043314887, 203575.1036076931 290759.7413327417, 203559.4457766169 290752.412821202, 203543.6970432188 290744.6405232307, 203532.8634273925 290740.9751175476, 203523.4865736073 290737.4212365965, 203508.9188639251 290736.3061298178, 203495.170094431 290736.5226969184, 203480.6023798672 290735.4076357388, 203466.8545875358 290733.0725226085, 203456.4743590094 290734.1779959899, 203440.9955782447 290734.5049291475, 203421.2376160911 290734.2755470697, 203408.4905310915 290734.1597912231)"
TRAIL-240,금정로 54,금정로 54-1,204881.8284542234,292832.8592885488,204944.5534381948,292837.3820004011,129.05362891310156,35.23198154184818,129.054318,35.232022,63.876258508241214,"LINESTRING (204881.8284542234 292832.8592885488, 204883.565783354 292833.1329461708, 204898.2216399314 292833.0299296859, 204908.1453328703 292830.3726345397, 204919.6140034964 292832.3758757152, 204932.812537541 292833.8253507193, 204944.5534381948 292837.3820004011)"
TRAIL-241,금정로 55,금정로 55-1,204955.1992975504,292845.8196398692,204944.5534381948,292837.3820004011,129.054435,35.232098,129.054318,35.232022,13.584111351618589,"LINESTRING Z (204955.1992975504 292845.8196398692 0, 204944.5534381948 292837.3820004011 0)"
TRAIL-242,금정로 56,금정로 56-1,205149.4715410835,292659.8736586464,205149.5675013213,292651.2200147236,129.056568,35.23042100000001,129.056569,35.230343000000005,8.65417595789635,"LINESTRING Z (205149.4715410835 292659.8736586464 0, 205149.5675013213 292651.2200147236 0)"
TRAIL-243,금정로 57,금정로 57-1,205149.5675013213,292651.2200147236,205701.68498883836,293012.812730784,129.056569,35.230343000000005,129.06263661995035,35.23359922374381,1045.8241384332705,"LINESTRING (205149.5675013213 292651.2200147236, 205160.0415202674 292641.7956738032, 205164.4135143334 292637.4713207798, 205171.9716258728 292633.148791859, 205181.9855699077 292632.3779116507, 205187.5417570514 292626.7229104227, 205198.2918740143 292612.1953094543, 205205.2177803288 292599.2187469777, 205216.0563665071 292589.2399571397, 205229.8966698236 292583.3678753397, 205241.727589962 292589.0329133556, 205245.9095378571 292598.5765954188, 205251.1823152153 292610.7835893859, 205257.1851398285 292619.8845553219, 205263.7345309841 292628.3201744566, 205267.551922535 292638.5293240533, 205281.6596411242 292642.3096791712, 205294.5849756016 292644.314246198, 205310.5164349525 292642.770361496, 205320.7125744295 292641.7778522253, 205330.5444584168 292641.0070294022, 205340.1946737816 292639.5704408374, 205352.5762391185 292637.4698099801, 205361.9539586032 292635.0345796289, 205368.5127929497 292627.3832766848, 205377.5289070669 292620.7319433837, 205388.4539956396 292618.6304955276, 205407.3010609985 292612.8726149844, 205417.4977768056 292610.9926563521, 205429.5113404517 292615.4376566408, 205441.0665278837 292625.2077500964, 205452.8056273762 292631.8715134409, 205456.89589924 292642.0809079897, 205461.9875096525 292652.2909094166, 205471.721178752 292663.3912808733, 205480.1838139237 292668.8327045183, 205482.1812588039 292677.4876147909, 205473.8012684173 292685.9143472756, 205463.6935111058 292691.3445319572, 205453.951229119 292694.5560510818, 205445.9361403909 292701.7626361138, 205438.0973877369 292718.5105931309, 205432.8104592919 292730.3785159337, 205425.4260434866 292748.5690409544, 205433.6088005101 292765.215686412, 205434.5117030126 292777.5311106397, 205432.9543866197 292793.8390722254, 205427.6697066788 292802.0458194511, 205429.0271638145 292815.3600206734, 205426.1072130701 292827.0074808732, 205429.104602806 292837.9928243029, 205425.4579534452 292847.0881162335, 205420.534170247 292860.7313845491, 205415.0684784372 292867.2738579287, 205409.9639245984 292878.809071064, 205405.2221740256 292892.563402118, 205406.9457571259 292902.5494736857, 205404.7520384937 292917.6366685244, 205411.0252667074 292930.6209747142, 205416.661741374 292942.8282896629, 205431.4984852362 292944.3904199289, 205443.4220396217 292946.3945996653, 205458.2555579083 292953.2821275631, 205470.3611518275 292955.2864527967, 205479.6429725328 292960.3955397846, 205489.6549641697 292962.2876772627, 205505.4923689397 292964.8490409816, 205515.0484635337 292967.9613230375, 205528.1571018435 292967.0817699593, 205544.8144917535 292968.4233100077, 205551.9104856305 292975.3062496714, 205561.01236701 292976.8650726601, 205570.205547036 292977.9801814116, 205580.3984613429 292981.6476496474, 205588.8674543956 292976.2165803187, 205600.4265440102 292978.6645217261, 205616.1740324121 292979.3399602136, 205628.7322806974 292985.2278510686, 205637.7398589666 292992.001103877, 205656.2158072493 292996.4504413927, 205665.5895519837 292999.895603558, 205678.3350221103 292997.462811759, 205681.1511079388 293006.6730095662, 205689.6130162999 293012.5584120995, 205701.6287815711 293012.4550373208, 205701.68498883836 293012.812730784)"
TRAIL-244,금정로 57,금정로 57-2,205701.68498883836,293012.812730784,206522.75487439684,292863.864416375,129.06263661995035,35.23359922374381,129.071655406102,35.23225167739408,1045.824138433326,"LINESTRING (205701.68498883836 293012.812730784, 205702.5354224547 293018.2247452855, 205709.1838249733 293012.9035850104, 205720.1062011791 293014.4637182427, 205728.9341571885 293017.2429313857, 205739.1326680655 293011.9240435216, 205758.4284843938 293015.2646614804, 205787.1967314102 293009.9576751537, 205796.7536066592 293011.6279719086, 205811.5007854136 293010.6389355468, 205824.5189353084 293008.8721946113, 205839.7259918251 293000.5611354196, 205850.3792970005 292995.9083363641, 205856.7565153241 292987.8134859901, 205859.6804213847 292970.8408074484, 205860.962083664 292959.63620126, 205870.5227448543 292955.5374424192, 205878.8945597413 292959.8697344274, 205888.9978590826 292961.2076490847, 205892.6364686676 292965.0930922368, 205903.009513255 292971.5346648324, 205915.5549546814 292996.7273630883, 205925.2922042942 293000.9496470839, 205923.0242789908 292989.0770537172, 205923.2156397148 292974.8762286898, 205934.0505653772 292971.0002617293, 205942.6109557984 292965.3476935888, 205951.6271569235 292958.6969293427, 205966.4691289774 292952.1609619722, 205979.6735603862 292944.1816517698, 205989.5964958005 292942.9678263499, 206003.6174941327 292939.094054213, 206012.5422210897 292933.2199045252, 206016.6460481334 292921.9062530674, 206023.5742245483 292906.9333027793, 206032.9534755063 292902.0579805104, 206048.8883950093 292894.8572086106, 206058.9980623049 292886.7649996517, 206063.2809021715 292880.1111762314, 206078.0286983671 292878.5678502022, 206093.9671352663 292866.2636943363, 206111.0812761414 292865.3876869981, 206125.0042771169 292872.0538035122, 206133.1019061479 292877.9393734962, 206144.1135177124 292882.2737018787, 206160.6852374636 292875.8501741723, 206167.5133489909 292874.5234906672, 206174.0689046751 292872.4200117908, 206187.6358558751 292867.2148760552, 206197.1906795735 292871.9920517736, 206210.3032595475 292865.6771894538, 206219.4103289593 292859.6924245459, 206231.9685818349 292865.2483180035, 206250.8037844613 292876.6886471681, 206261.4527608625 292878.8039695241, 206276.924052885 292884.1400538311, 206286.75321095 292887.0314513165, 206290.5834649178 292876.938128094, 206285.9491437745 292865.1747436705, 206290.5997530584 292853.5287623997, 206298.7182379025 292829.3484242189, 206308.3742914216 292819.481059758, 206319.2057694948 292821.0418526474, 206330.5792283773 292828.5940631094, 206345.2324656017 292832.2655173795, 206357.4320216193 292830.0551894297, 206357.4320216193 292830.0551894297, 206368.6329904399 292823.9611025959, 206377.2849788598 292818.087121138, 206390.574647541 292819.0950092779, 206405.6834186239 292822.2121589385, 206419.4265734423 292825.5502539677, 206429.3466220788 292828.6637605485, 206443.1787325168 292834.8865227656, 206453.0050406377 292841.7721156883, 206460.3722646548 292850.431080533, 206474.2921721057 292861.0917501515, 206485.3940343077 292866.314118388, 206496.5890656515 292868.5410544076, 206510.4249836857 292869.3276216817, 206522.1717042966 292863.8997871391, 206522.75487439684 292863.864416375)"
TRAIL-245,금정로 57,금정로 57-3,206522.75487439684,292863.864416375,207087.5227620355,292326.0206986639,129.071655406102,35.23225167739408,129.077855,35.2274,1045.824138433296,"LINESTRING (206522.75487439684 292863.864416375, 206534.8253665458 292863.1323100311, 206547.3872783469 292863.363288475, 206560.3138711054 292862.8179345377, 206600.0049261964 292859.8513097406, 206610.477947702 292853.5351007637, 206623.408785007 292847.2207042153, 206636.8916013277 292833.0296421018, 206642.271000446 292821.2734313907, 206649.6487498794 292815.3987741385, 206659.9336680339 292817.4033530283, 206672.8611524859 292815.7487113769, 206687.0569894432 292822.30495013, 206695.6079686614 292830.1883680569, 206708.9809583593 292841.5146637383, 206717.1676992551 292849.5087770065, 206724.0829821959 292853.5079347994, 206734.2831742959 292846.9697763321, 206737.5681798664 292836.3215112359, 206739.0352416202 292822.1216547929, 206738.9514889104 292812.3584395125, 206747.9724872524 292800.2721720674, 206749.8910779984 292790.9542313481, 206763.6474340616 292776.5416732261, 206765.2933695815 292766.6688075331, 206762.6655183262 292750.5798296428, 206767.2298389408 292733.4977291341, 206781.8025094343 292723.1907720936, 206797.5579492323 292713.7722870176, 206805.1209556859 292703.9038799622, 206817.0519713557 292696.0357799066, 206829.3410992124 292696.1559989738, 206839.350754222 292701.1560858311, 206854.0910714771 292710.0428404703, 206866.102621334 292716.0429790943, 206876.1103777809 292723.4838934032, 206884.4801538662 292730.1469571587, 206893.668940933 292737.1434879211, 206904.4989778458 292740.5910441971, 206917.5096692242 292749.3656374353, 206931.8906424828 292751.8174399747, 206943.9051528855 292753.8236679343, 206952.7404977785 292746.8409284972, 206958.3042990462 292732.6442600565, 206955.9520079256 292713.7818154255, 206956.5968224095 292703.9082148241, 206959.2444104968 292693.9252108408, 206961.8009730813 292683.9421376789, 206965.4504311639 292673.294237859, 206966.8243658712 292662.3117512937, 206966.5652051519 292644.2275332309, 206970.0372394878 292627.5884748466, 206970.0372394878 292627.5884748466, 206971.3419675328 292588.314989462, 206981.0007265258 292576.2294490897, 206980.3699235203 292567.9080957086, 206981.7460336612 292554.1519926806, 206981.1170285863 292543.5007984216, 206981.5799877832 292533.4051718547, 206982.5926583663 292518.7612300208, 206991.0707352465 292503.235498657, 206997.7280035045 292487.9302559464, 207005.0236457339 292471.1832296719, 207016.9576392439 292460.0979961757, 207028.2539950216 292449.5670072295, 207035.7269579975 292439.0330566958, 207044.2004468949 292429.6093404841, 207051.3984395272 292421.5159758872, 207057.9594665034 292413.0892852931, 207062.8824112237 292403.9956507285, 207071.2685709382 292389.912207994, 207076.3789934161 292373.9401466082, 207078.3904359842 292362.8472355507, 207080.2192928941 292352.4198512542, 207082.8676406775 292341.7712196438, 207083.8778014779 292330.5665812185, 207087.5227620355 292326.0206986639)"
TRAIL-246,금정로 58,금정로 58-1,204637.2784825527,292486.5550515016,204402.38738463845,291625.8657663344,129.05094047992065,35.228861293238516,129.04835560084848,35.22110453188496,1009.8650208523609,"LINESTRING (204637.2784825527 292486.5550515016, 204640.4251886313 292478.3142162866, 204645.6209873785 292464.8925619195, 204650.5421029045 292454.5772241854, 204645.9045196578 292444.5898073214, 204636.8967347362 292435.7095989356, 204633.5334874749 292425.9447319258, 204638.0898483517 292416.8495939372, 204635.7301884536 292402.7583939551, 204631.3652102289 292393.6586835461, 204625.366656543 292374.684052648, 204618.9090509788 292363.2534377951, 204616.5500267429 292347.8309068329, 204613.5538638059 292332.1861621752, 204615.0164797738 292320.315816175, 204617.8464953149 292304.7849909077, 204620.4933728938 292291.3620241585, 204622.6836634929 292280.7124445372, 204621.6007086243 292262.1841128155, 204616.1448062864 292249.9774005686, 204610.9636371155 292234.5534335135, 204604.0534446205 292217.7972520845, 204602.5132865775 292203.1517585523, 204598.5130000936 292192.7209153412, 204596.7001707381 292177.1877266047, 204593.9764059951 292162.7635233945, 204597.1683248905 292151.6706694962, 204594.8988351366 292139.021813627, 204589.7195365897 292119.7147960081, 204589.8166550105 292107.7328120043, 204586.5446652961 292097.1914005813, 204585.1844513157 292086.6509596462, 204583.9151590745 292076.3324546653, 204582.0119741124 292059.356944178, 204584.5687880072 292044.0478655656, 204580.3881887575 292029.9557651913, 204572.1993234891 292020.9650975499, 204564.5608141108 292003.7648048653, 204558.5560998325 291996.2175341949, 204550.0026941405 291987.8923718239, 204541.8122004189 291982.0081839807, 204537.9044541835 291968.2490759118, 204534.4505541248 291957.1528707912, 204528.1763895457 291942.1721893077, 204524.0841964473 291933.0726740256, 204513.256386913 291921.4180682604, 204515.9939269485 291908.6607922164, 204510.9013820695 291897.3418896145, 204503.9872644272 291887.5753087189, 204506.4474264612 291883.360635151, 204497.5288805939 291876.699512781, 204487.6989358136 291872.034951789, 204479.5987865528 291867.2603134536, 204469.3114314222 291867.033334362, 204464.1265054344 291858.2661415527, 204457.1204475175 291850.1637223931, 204442.6536397702 291832.849230299, 204444.5710380776 291821.5338127142, 204436.1994421935 291813.2088498987, 204433.8366432222 291804.5540046728, 204425.4674646643 291791.2365418721, 204420.3737641009 291781.9146964301, 204409.8154072926 291777.1389202799, 204405.2684120654 291766.8188479313, 204400.8123390984 291756.7207116644, 204398.5406939952 291747.7330867491, 204391.898493133 291739.9637306881, 204383.7165446392 291715.773819872, 204384.1794402917 291699.9089547486, 204381.9074417775 291691.5870027196, 204375.3560119899 291684.2614822292, 204371.7185407382 291675.6060384821, 204373.8190393636 291662.0718036536, 204367.2717065852 291646.203551617, 204373.5605069343 291631.8947279749, 204377.5700547335 291624.2414855811, 204383.9470786135 291615.8127795864, 204399.3334534633 291615.265527149, 204402.38738463845 291625.8657663344)"
TRAIL-247,금정로 58,금정로 58-2,204402.38738463845,291625.8657663344,204166.6565703846,291452.2383857512,129.04835560084848,35.22110453188496,129.04576546770406,35.21954054739155,1009.8650208523595,"LINESTRING (204402.38738463845 291625.8657663344, 204403.9687648433 291631.354759849, 204410.7956618356 291633.909813971, 204423.4459767485 291643.1243997362, 204433.1837480099 291650.6734052016, 204444.9261087893 291654.7841212899, 204463.9543611975 291653.6840460058, 204473.8792742374 291650.915333077, 204488.8109922517 291649.1476166055, 204499.2849830352 291640.7210257453, 204508.3022680055 291632.404665544, 204521.6876978151 291627.8626159396, 204527.7013520344 291618.1024933728, 204519.9666059418 291610.4434425495, 204511.6806129408 291612.7691435358, 204498.2073792528 291610.7654287735, 204489.0108613426 291613.3125870669, 204480.3634586798 291610.0909039795, 204471.5363241198 291602.098519677, 204472.540531179 291596.5517829249, 204483.4644446369 291598.8870293048, 204484.4715197652 291587.571172777, 204477.6494967214 291575.1419907063, 204468.4591420619 291565.1524261933, 204469.4641188151 291558.0524645605, 204478.0203677583 291561.6069257456, 204494.4976428313 291564.4996597125, 204506.9720213715 291561.3994165556, 204518.2636857267 291556.6344298209, 204532.8336215168 291550.4288189583, 204528.4689598722 291539.6650008763, 204516.0880794902 291537.772751482, 204507.8982061016 291529.7806508196, 204498.3441631658 291518.7923735119, 204488.5167473958 291508.2477494469, 204490.7060788418 291499.5951534606, 204503.8134840263 291505.259847754, 204512.4594288838 291511.5880021309, 204530.300763081 291517.8098211899, 204547.7834234167 291513.047974497, 204560.3498852937 291508.0617922762, 204565.2690140592 291502.5170411981, 204560.9932851526 291495.9691497397, 204552.3473592314 291489.640949098, 204537.7845479315 291481.4237274277, 204530.8665280672 291478.8685325068, 204526.502606673 291466.551491925, 204522.5014612475 291457.0082511353, 204519.77297935 291451.3487105664, 204505.9373769624 291445.2398523501, 204495.8299755966 291448.3412728185, 204485.5456654913 291441.0138206612, 204473.7133733471 291434.1293930954, 204463.5181569558 291430.6850725516, 204450.5907411742 291429.0145329549, 204434.0238472889 291422.6825523051, 204425.827879989 291426.783489816, 204413.0810240614 291428.2195420068, 204397.9690263199 291425.549510344, 204385.2262071805 291418.664756148, 204376.3052882567 291415.7758751095, 204362.011692643 291415.1033030083, 204346.263842069 291409.3266015275, 204333.8846591436 291403.4405963258, 204321.9599391584 291399.1080500908, 204312.312901187 291391.4482663586, 204300.2000535949 291399.7633468622, 204297.6445427374 291412.9645433238, 204298.5503438391 291422.7281013814, 204296.0871503279 291433.2666713572, 204292.3495603164 291443.3608587624, 204281.2403816555 291447.2386560308, 204277.9580846177 291457.2221204357, 204275.8593607765 291467.2061456007, 204270.3024575909 291474.082088115, 204248.9956283224 291479.7302306408, 204238.8893938648 291480.6130459149, 204225.8704985222 291479.9412862225, 204210.5754642686 291479.3794300561, 204200.8352618052 291476.2684511811, 204191.4612316062 291468.8308115643, 204180.2655962751 291462.9455646388, 204170.9829882954 291454.6204315986, 204166.6565703846 291452.2383857512)"
TRAIL-248,금정로 59,금정로 59-1,203945.1501432465,292391.4471878947,203956.2606394198,292381.5779561999,129.043337,35.228007,129.04345900000004,35.227918,14.860849890363028,"LINESTRING Z (203945.1501432465 292391.4471878947 0, 203956.2606394198 292381.5779561999 0)"
TRAIL-249,금정로 60,금정로 60-1,203839.4543239412,292398.3435197023,204121.2884160065,292635.3124754258,129.04217597658328,35.228069570125164,129.04527307824506,35.23020436931837,714.6787086116447,"LINESTRING (203839.4543239412 292398.3435197023, 203838.9074043491 292405.0476671145, 203846.7329379648 292413.0390176499, 203862.6616624196 292418.2602132032, 203871.5786675936 292428.360002817, 203880.6798154045 292433.5783094988, 203883.9577471961 292431.9155450041, 203893.8766115831 292440.7953945092, 203894.7815966305 292453.2216014164, 203888.4982738794 292457.8785786123, 203883.033830425 292463.5344150072, 203877.024001826 292467.3039592919, 203868.7372033094 292473.7352082658, 203858.994451412 292478.8345057764, 203857.6240285656 292490.3721803664, 203866.8138302701 292501.0268068618, 203877.1895609259 292505.8018766363, 203892.6636556833 292509.358758968, 203902.4922554023 292516.241573674, 203911.5035597989 292518.4643636047, 203920.5119734736 292527.3438498197, 203923.5106659771 292539.7709693326, 203929.8791963016 292548.4274304397, 203938.2541516673 292548.5420191732, 203930.9783890393 292532.7846897645, 203920.0599837332 292520.0212964569, 203914.5101447842 292512.6965347525, 203904.316891062 292507.0339424122, 203894.0323525576 292501.926046337, 203887.8452013764 292494.711971599, 203879.1992378931 292489.6047972183, 203875.4685393449 292485.7201293597, 203875.1967233117 292482.7245032141, 203877.4740309231 292479.2861906637, 203887.8508304125 292481.6204873121, 203893.0402551501 292480.4023273143, 203902.2319405289 292486.6191983818, 203907.4200698637 292488.3965557426, 203911.6079834621 292487.5108080611, 203914.6119850415 292487.7339977111, 203922.7142339439 292487.0718402851, 203930.0878803051 292487.1859870236, 203934.1857288677 292484.0813145923, 203938.5546022181 292485.7473885928, 203951.4844309695 292478.6525625015, 203959.6753920348 292483.3158274793, 203966.138513339 292483.8733841344, 203971.3276062947 292483.4318825281, 203980.1575925552 292483.9904890628, 203991.1749232681 292478.7809396931, 204000.4573799018 292485.4417299681, 204011.5659015754 292479.8994113558, 204022.5806395059 292480.5699736668, 204034.4163588268 292477.4687923495, 204047.6119255282 292487.0159428047, 204057.7136807995 292493.5662139933, 204064.3539679912 292504.9965115057, 204076.7304161049 292513.9886127375, 204082.4613873524 292523.0886729633, 204082.3655456993 292533.7393316838, 204082.1778200412 292546.2760109488, 204084.7222741376 292556.1512487161, 204098.4617052635 292570.4693476692, 204106.5597618436 292578.9048283575, 204112.9261717123 292591.777321484, 204114.9237302543 292603.0946024534, 204108.9086539432 292618.402253003, 204121.2884160065 292635.3124754258)"
TRAIL-250,금정로 61,금정로 61-1,204121.2884160065,292635.3124754258,204890.69006115355,292575.0430241151,129.04527307824506,35.23020436931837,129.05372472949998,35.229657675177236,916.3997718566715,"LINESTRING (204121.2884160065 292635.3124754258, 204123.6425721307 292647.4765063316, 204132.1903192855 292667.6723687244, 204136.2820650647 292677.8811647137, 204142.4675710397 292687.9799769341, 204155.5692374648 292702.8525979138, 204167.76310841 292712.1775775202, 204181.3245727917 292716.8435225854, 204194.1565407483 292724.1718259257, 204203.6212764977 292729.5015741431, 204216.8210570554 292728.8420517613, 204226.2891973814 292726.8494653706, 204237.0293305091 292730.0718927588, 204245.6821038233 292719.7580810297, 204259.9695683191 292729.0841687602, 204269.5257101327 292733.5264703423, 204282.8162577799 292733.421811419, 204294.8315841699 292734.9807389319, 204304.2946120365 292743.7498823112, 204313.2158309459 292743.3103544689, 204327.5091892942 292740.0997838664, 204337.9764448518 292742.7674764381, 204346.7148049385 292743.9920667, 204360.4576557974 292749.7678166216, 204374.2022067554 292751.9933529745, 204383.8525266006 292749.7791299372, 204397.053316246 292747.0119189468, 204408.2517094702 292743.6890264285, 204423.4556797853 292739.9243272277, 204436.0220568917 292731.4986752855, 204454.1406315107 292724.5180575032, 204463.2464032261 292719.0862502977, 204471.4440707265 292709.2162091568, 204477.2759904743 292697.237051639, 204479.0120678252 292684.1464196569, 204491.1267239356 292669.0639304458, 204502.054584675 292660.8594468725, 204516.8064023241 292651.4364928353, 204530.1012430606 292643.0113363939, 204541.9401573108 292633.4760197045, 204549.7723533102 292626.6013776039, 204559.1515447158 292620.8369706275, 204570.4383818775 292623.0615657003, 204581.82057442 292616.7434707845, 204595.3869313595 292611.6468932532, 204601.2171585159 292603.4399405669, 204603.1326169576 292596.00761169, 204614.7817343704 292601.893625962, 204621.7946667721 292595.1295731751, 204634.0845235369 292594.1373601848, 204645.1914773383 292592.146052603, 204656.5706185521 292591.930016167, 204666.1328947694 292584.3906972825, 204675.2380172515 292580.734221273, 204685.343353341 292579.2971693182, 204695.6302388284 292578.8587264215, 204710.9261013901 292574.2070000206, 204720.7587008225 292572.1041765574, 204730.9540994485 292572.5532847218, 204744.4259652253 292574.3354610185, 204764.1801120512 292574.1239584339, 204774.0134269927 292570.6898552546, 204790.1281660077 292566.9262538644, 204800.2330647857 292566.37688871, 204812.7041597601 292567.0491871586, 204831.7311910084 292564.7294933217, 204843.2942193965 292561.1854451373, 204856.8597349243 292558.0862664974, 204867.3272252161 292560.4217367139, 204874.6054618689 292568.5246304277, 204885.8905487728 292573.9670183837, 204890.69006115355 292575.0430241151)"
TRAIL-251,금정로 61,금정로 61-2,204890.69006115355,292575.0430241151,205088.07108788675,292071.937812952,129.05372472949998,35.229657675177236,129.05588986964312,35.2251219588422,916.3997718566566,"LINESTRING (204890.69006115355 292575.0430241151, 204905.7332044259 292578.4155559674, 204914.8349927198 292581.0831749398, 204923.5714985827 292585.8585560827, 204933.94742301 292589.0816124467, 204943.6896935269 292585.7585888002, 204954.4345425541 292580.2172282228, 204970.6371400523 292582.3340729152, 204987.0231408386 292582.0102613762, 204999.5863986792 292580.5749165661, 205011.4241688584 292574.1466693847, 205020.0702757957 292577.7017004696, 205025.3451582866 292586.6911626287, 205043.8211823208 292593.0253063262, 205063.6699944397 292586.2687653088, 205073.1364177457 292587.9382444063, 205083.0567513759 292591.8268854205, 205093.3431426444 292592.2764534477, 205100.9031355313 292584.6255212324, 205115.1048013813 292583.5240958873, 205127.5749691654 292585.7500559793, 205135.0355209796 292592.9657047072, 205143.678658206 292601.6243153441, 205153.8677425233 292613.0574366256, 205161.0525585198 292624.8216888005, 205171.7927987473 292627.4905022263, 205171.8025716597 292610.405001236, 205172.4444290918 292602.3063946502, 205177.5477549146 292592.6571140717, 205177.8318428912 292573.4638190649, 205173.5625878629 292557.2634287354, 205169.9267404645 292547.7200931206, 205164.1081266805 292534.6252775073, 205161.5692782086 292516.9835995045, 205156.9319114988 292507.6615877375, 205152.4771705305 292497.3411791106, 205147.2954162739 292484.8014624552, 205142.5685623543 292472.7057870303, 205145.8517637902 292462.1678967943, 205150.6817230894 292453.0731715132, 205156.3335261825 292439.5411248131, 205155.7031218531 292427.5587251172, 205158.1678717733 292415.5780907949, 205157.7182074237 292405.9256355473, 205156.3624389989 292388.8393614309, 205157.4622539167 292375.8594460752, 205161.1153447919 292355.3367413535, 205161.5778640186 292342.4674082042, 205161.8578081288 292330.4855295007, 205163.3227913859 292315.7307076618, 205160.3240178669 292306.2986881215, 205161.4240382203 292292.9859405554, 205157.9751411756 292274.6780819036, 205156.8920168651 292258.3685801221, 205158.3554845286 292246.2764330532, 205156.2692547747 292232.9618690414, 205155.2736162605 292222.8653261327, 205152.5493653939 292210.8817371088, 205152.5493653939 292210.8817371088, 205157.1978356843 292201.0103016191, 205149.9196817003 292192.685295452, 205140.4539306078 292189.1296768177, 205131.0807192376 292182.9114460296, 205125.260492796 292172.1465023536, 205116.5292169061 292157.6077928699, 205112.5288754745 292148.2861697173, 205109.8953313361 292136.7464253604, 205107.9896371464 292125.9837064315, 205105.1743823966 292113.7781926396, 205096.8950145288 292104.8979414623, 205087.7035729656 292099.0126933452, 205090.077783591 292086.1444373379, 205087.6267667292 292073.7172453054, 205088.07108788675 292071.937812952)"
TRAIL-252,금정로 61,금정로 61-3,205088.07108788675,292071.937812952,204681.3807446073,291425.38136215584,129.05588986964312,35.2251219588422,129.0514189090309,35.219296202306396,916.3997718566558,"LINESTRING (205088.07108788675 292071.937812952, 205090.7290345377 292061.2931785831, 205093.2842099072 292050.4220315237, 205092.381954772 292035.998705784, 205091.1147328957 292023.0174566936, 205089.2088047864 292012.5875777354, 205083.3892915391 292000.2694380018, 205081.4875263853 291982.4062657191, 205083.4074390293 291967.9845285685, 205085.9641915359 291954.3397634045, 205090.4325162717 291941.1398539349, 205092.5344671612 291926.8291667697, 205096.2724394579 291917.2900255429, 205099.1008417073 291906.3080916261, 205100.6569541071 291891.3314309597, 205100.3894049106 291881.457199525, 205096.7543324029 291869.9168989801, 205089.5709535828 291854.3805926357, 205093.1266855977 291845.1741826945, 205103.3263919247 291839.4108071181, 205100.1455046777 291829.6458777043, 205097.5108505165 291819.8812574224, 205099.5215499888 291806.0143018175, 205100.1659632595 291793.3669681629, 205099.7160168723 291784.0473588837, 205100.3552389176 291780.6084333963, 205100.1788514547 291770.5123656055, 205100.1788514547 291770.5123656055, 205100.5478937539 291761.8588867096, 205101.9200738541 291750.2104667861, 205096.1015960097 291735.7843752282, 205093.0120175859 291725.4647778637, 205088.375670518 291713.48014093, 205081.2813860868 291701.1612912782, 205071.3619399723 291693.9443187363, 205063.0802283473 291688.5033888985, 205054.2559784547 291676.4054821056, 205048.6187169071 291663.3108604048, 205046.6249642218 291646.8899342185, 205039.9870781195 291632.24153471, 205033.2534979472 291625.9139381758, 205024.0629449879 291617.4770327019, 205014.7802870426 291610.926145154, 205004.5862118166 291606.1498776956, 205000.1312186708 291595.1638908482, 204993.4904628647 291585.5080354716, 204983.4762319357 291584.7258995558, 204974.2830280363 291580.9487200779, 204967.2771502685 291572.9568534752, 204955.1724513229 291565.7388102776, 204945.2507542956 291562.1831507296, 204935.7872292048 291553.1914634225, 204926.1386993852 291549.5250293461, 204915.2142368471 291548.2986947644, 204905.0259949285 291532.5390216449, 204898.2929070316 291524.991135797, 204887.7401970321 291509.6750640509, 204874.4542399156 291497.907760624, 204865.4469276917 291486.8084454348, 204856.4383424147 291478.038976452, 204843.9716900563 291466.2721584305, 204832.3142627782 291473.4773252617, 204823.5763370711 291469.256764516, 204812.4698538801 291467.6976233364, 204798.360695312 291462.8085629273, 204779.4260916186 291458.1388628313, 204765.4997475955 291451.8076699975, 204757.0355429029 291446.3669268671, 204746.6600485481 291439.7047974338, 204737.9198420324 291439.7002150254, 204726.3608134443 291432.9265444694, 204715.528036991 291430.1472744667, 204702.689345434 291433.0251510718, 204681.3807446073 291425.38136215584)"
TRAIL-253,금정로 61,금정로 61-4,204681.3807446073,291425.38136215584,204102.1998874011,291014.9920325297,129.0514189090309,35.219296202306396,129.04505531463224,35.21559968954964,916.3997718566568,"LINESTRING (204681.3807446073 291425.38136215584, 204678.8402665957 291424.4700457431, 204677.1139879356 291417.5905852865, 204672.3837668275 291409.7110712878, 204672.3837668275 291409.7110712878, 204667.4739107653 291397.0608478248, 204672.5758845443 291390.2958592017, 204667.1178624537 291381.3065260407, 204655.4692606261 291371.4264509725, 204651.1051714432 291359.6640751285, 204648.3799902429 291347.6806544356, 204647.9342298396 291329.2636175381, 204646.6662689145 291316.2824452207, 204638.8435058108 291302.4103525024, 204626.5550710054 291297.1896618862, 204620.4596294572 291288.2000322876, 204613.0884647261 291281.3177039407, 204604.0790912936 291273.2141569677, 204596.0710339163 291265.4439616363, 204588.6113752672 291253.4581564693, 204579.3303874397 291242.248047743, 204574.144759806 291234.3683569145, 204571.9655463968 291222.7180716032, 204571.0603562982 291212.2888213644, 204559.4963266184 291214.6128218654, 204545.6578239845 291213.6073558117, 204531.822708774 291205.8342919124, 204524.8157609095 291198.6193852208, 204521.5426435043 291189.5202914365, 204503.9738497463 291183.1876847767, 204495.9667846227 291173.0877433477, 204491.6920613403 291164.0991076075, 204485.3239160367 291153.7781006847, 204481.6890838796 291139.5753915341, 204479.4203295069 291124.5967484007, 204471.5938533197 291117.3814781917, 204465.7710040076 291108.9468133219, 204455.3028227181 291104.3929236753, 204443.9234500296 291101.2808780917, 204432.0911162266 291093.5089524949, 204419.1646218477 291088.9539007338, 204406.3286755043 291085.3974128111, 204391.4903222322 291080.5086359046, 204381.0227154916 291074.6234978639, 204370.6464107004 291068.1836932414, 204355.4438195657 291063.2947996843, 204340.5154728669 291056.0762272794, 204327.041266042 291054.2946590831, 204319.2149254018 291046.4138543663, 204313.5743543773 291037.2027636736, 204305.110018024 291030.6530020271, 204294.8265003214 291020.3302692634, 204283.8141012131 291011.0057042841, 204276.9859636803 291010.0039724143, 204265.0643589542 290997.9053865777, 204256.5998463189 290991.5775598443, 204246.9486198786 290991.7949129786, 204238.6658217661 290986.2438003356, 204224.6440608721 290986.9029087906, 204213.9022136216 290982.903894692, 204200.2469610109 290978.570706568, 204189.3206327964 290979.6750857261, 204174.8455688175 290976.1181682812, 204165.9251169985 290971.1215509871, 204163.1957544499 290966.5715677513, 204151.7275036841 290958.1345112513, 204149.8200112232 290948.2595708529, 204136.5269432414 290948.1425383485, 204125.2379088874 290945.9184925113, 204119.040984631 290958.2305141437, 204123.6803193057 290967.3300811098, 204132.872321789 290975.8770065279, 204139.1482709652 290989.8588900933, 204130.6768747341 290998.3977491127, 204122.2081233061 291001.1675001975, 204111.2780505239 291010.59281397, 204102.1998874011 291014.9920325297)"
TRAIL-254,금정로 62,금정로 62-1,204169.2909670696,292712.703251177,204641.7187437205,292786.179676275,129.04580078659694,35.230901731803776,129.0509909458917,35.23156193570027,647.1617006231405,"LINESTRING (204169.2909670696 292712.703251177, 204171.0343385193 292724.9377432664, 204173.0322042775 292735.3674808181, 204178.6712919614 292745.7989011468, 204183.309184467 292755.8970273146, 204190.041487019 292764.4428984736, 204195.0446627196 292771.9894686067, 204196.5840430036 292789.5194702707, 204198.1265597465 292800.2818376626, 204203.763514446 292815.1510682237, 204210.1315822735 292823.8077306983, 204220.6010023859 292821.7046596702, 204223.2413359073 292820.707388871, 204230.5272069533 292813.2774893937, 204238.5446072197 292798.8584125655, 204243.2836413567 292787.2114253267, 204248.2034972822 292778.2272022731, 204257.8538103352 292775.9018998841, 204268.5028436311 292779.1243220898, 204274.9616429272 292788.335796945, 204288.7948706429 292795.4428194032, 204298.2592123294 292801.3273915619, 204310.2730706168 292805.7709055999, 204324.2899489331 292809.4387794208, 204339.7621241057 292815.5481604607, 204345.0474604855 292803.901488346, 204353.1538384746 292794.1422399907, 204359.0763631591 292782.6068280833, 204368.8194460757 292776.7314533366, 204381.0216530671 292768.1946038136, 204391.584579186 292761.2102024218, 204401.2379179179 292752.783087472, 204403.332378088 292751.2308793247, 204421.9058784829 292744.583252969, 204432.6503813714 292738.7084370544, 204443.759730298 292731.3915301724, 204449.1257984043 292741.0463714038, 204451.3963770622 292751.5872502418, 204456.8545493049 292759.0232445827, 204467.14291816 292755.1452521003, 204479.1589537418 292755.1511970652, 204501.8234671343 292759.378358451, 204511.7448537527 292761.2693665883, 204525.3086220669 292760.8323659506, 204537.5949019725 292766.4967116847, 204551.6097387826 292774.1589517355, 204568.3564700654 292779.8255860833, 204588.4720886038 292783.9407325617, 204603.8555851412 292785.168946472, 204619.96754638 292785.9537793199, 204633.5304302633 292787.1811135922, 204641.7187437205 292786.179676275)"
TRAIL-255,금정로 63,금정로 63-1,205447.6156506056,292207.5762730095,205118.94537414165,291426.7060858563,129.05984017924865,35.22634264742186,129.05622499647046,35.219306006083045,942.5741267896124,"LINESTRING (205447.6156506056 292207.5762730095, 205450.5173456089 292199.51816891, 205466.0968042924 292179.2246774053, 205475.4816128408 292165.9169813508, 205471.9402516635 292150.9372927053, 205475.7761527155 292130.5257759615, 205474.5997928484 292118.7649178221, 205468.0500937588 292110.5510420327, 205460.0433863512 292103.0019598952, 205459.6860028579 292091.7963225717, 205456.5970286057 292081.3656501766, 205452.8715876618 292069.6032580566, 205453.7011618017 292052.6292097696, 205453.7086553611 292040.2034012511, 205451.5298346684 292030.1061146277, 205449.4437184202 292017.2352656865, 205441.3503471494 292002.2528507053, 205431.8887754281 291991.5964666731, 205425.3386789875 291983.8264023663, 205418.8831995165 291970.0653833056, 205407.1454037438 291959.7404963937, 205398.5912201075 291953.9662592601, 205383.123499001 291939.0904436956, 205378.6684704327 291929.2137112149, 205369.384610702 291925.6579628593, 205358.5535413688 291921.3246940279, 205339.3516533712 291908.8875266335, 205333.8944110973 291900.2306171824, 205326.5245494481 291892.9039212465, 205316.3316085978 291887.0178529404, 205310.4199809141 291876.9184094385, 205304.3260006758 291867.2626419263, 205299.5959113532 291860.4922406485, 205293.0490475686 291846.8422056107, 205285.7748825464 291831.4166349992, 205276.4068365483 291815.8789040802, 205272.2262384536 291803.4506578231, 205263.2181692811 291795.0136127839, 205256.0325018395 291783.8040179745, 205253.6721549596 291772.2643966661, 205247.1216819602 291764.6054090201, 205242.2119869897 291753.3971464994, 205236.5732469963 291743.4088564569, 205233.5767982455 291729.7609235321, 205229.2125438345 291719.8843207555, 205223.9388300624 291708.343024429, 205215.6587586866 291700.2392828029, 205209.4740278219 291689.695972242, 205205.4741487184 291679.3758127003, 205203.2038577596 291669.38948403, 205197.837700655 291660.177989201, 205187.9184932157 291652.6280552573, 205175.7225904565 291646.1862760505, 205173.8187738035 291632.0952116988, 205174.7363653832 291619.5589873922, 205176.3855983216 291601.2540587479, 205178.1246099099 291585.1680758242, 205176.8570654333 291572.8524912161, 205172.9485204556 291561.8667322474, 205159.9357588952 291550.7648320941, 205152.2016792064 291542.7724069788, 205146.1962640664 291536.7779760024, 205129.6323807326 291526.3397682215, 205125.6328408826 291515.1320896624, 205113.8019471244 291506.8045432495, 205105.8883329924 291494.1523811397, 205097.5177289785 291484.6064191063, 205103.7133732132 291476.2890635645, 205108.1851539046 291457.4309963927, 205111.1969291394 291444.452173342, 205115.6642860114 291433.4711783523, 205118.94537414165 291426.7060858563)"
TRAIL-256,금정로 63,금정로 63-2,205118.94537414165,291426.7060858563,204674.54785174763,290704.6410791407,129.05622499647046,35.219306006083045,129.05133976804208,35.21279983498209,942.574126789581,"LINESTRING (205118.94537414165 291426.7060858563, 205125.5085302725 291413.1738805245, 205124.6039978295 291402.7445712453, 205125.1561720623 291392.3160874869, 205123.0686253502 291380.8876066822, 205113.2436053852 291367.1249119137, 205105.4197853489 291356.4698072924, 205097.5053397538 291345.038046116, 205087.8612084389 291333.272485124, 205076.0324698173 291320.618151421, 205073.7611360461 291312.0741405813, 205070.034442952 291301.0885327676, 205062.2090867589 291292.9851922882, 205053.6570890315 291281.7750032255, 205047.9281623581 291269.3460066006, 205041.287093869 291259.9120102065, 205033.91622568 291253.0293389144, 205022.1792762904 291238.7109592855, 205009.4375889969 291230.1611587267, 204995.3338633736 291214.9539472641, 204989.1487875877 291203.9670173507, 204988.7926181411 291189.4330771733, 204985.976480161 291178.0042300477, 204981.9757519999 291168.349845187, 204972.8771958145 291157.250378548, 204970.9714344395 291145.9329817996, 204978.3500089017 291139.0584743047, 204981.5419027455 291129.5189960235, 204971.9842909512 291125.297843161, 204961.4252138011 291120.9652065235, 204952.8715311276 291112.3068408302, 204946.4048200258 291116.6301417152, 204941.8596788258 291103.4252509649, 204938.862631912 291089.6664848932, 204928.9396200493 291087.5531255728, 204921.8450483827 291074.4578013789, 204908.2797540209 291073.0081513796, 204896.3566135135 291065.4574582009, 204890.808948796 291053.9162204497, 204880.9757969338 291053.9109095909, 204871.1486788068 291042.7002099047, 204865.2353441985 291033.8214613095, 204856.6806531585 291026.7164115272, 204852.3174913229 291013.4007209461, 204848.5914759281 291000.4182079419, 204852.603906712 290988.6602346605, 204840.1344366383 290980.8874346106, 204834.1299232765 290972.1196030655, 204828.2162692447 290963.6846578317, 204827.0408657141 290948.2627359619, 204824.4969435325 290938.0544791119, 204821.1356441973 290923.9627278909, 204810.5787966363 290914.8596542769, 204809.1307985141 290898.3281454105, 204805.67634827 290888.1194106923, 204799.1248544978 290880.4607587333, 204790.1174209242 290868.2520843402, 204782.1092225181 290860.3707847024, 204766.9959161005 290858.5876957957, 204756.8895197377 290858.3604870814, 204744.6927624859 290850.9207975468, 204732.679883997 290840.0419398651, 204725.4911758988 290831.9392304391, 204716.571694854 290825.3888479404, 204708.3784650713 290822.9438002751, 204709.2041522228 290810.9622196691, 204704.113074074 290796.0930029787, 204696.4723363168 290781.666243728, 204688.377701058 290764.5765872975, 204681.2828716176 290750.8157917193, 204678.0120431713 290737.2788675165, 204676.1962436393 290727.1819769761, 204674.4726375545 290714.866244132, 204674.54785174763 290704.6410791407)"
TRAIL-257,금정로 63,금정로 63-3,204674.54785174763,290704.6410791407,204295.434972288,290797.4475289359,129.05133976804208,35.21279983498209,129.04717652068533,35.21363804117091,942.574126789594,"LINESTRING (204674.54785174763 290704.6410791407, 204674.5705673695 290701.5529521272, 204674.4849616414 290691.0131785228, 204678.6820444657 290674.1517813184, 204677.9605158842 290660.8380664234, 204676.6019093387 290646.969299972, 204678.2471519561 290634.7662543659, 204683.9897982794 290622.4543850818, 204691.189179814 290610.3651638511, 204695.0180915612 290601.2697005231, 204704.1264320204 290595.2834283816, 204713.8719777676 290589.6303309156, 204715.2468409237 290572.2127606067, 204713.2495220597 290561.0063255239, 204706.9730064288 290549.2429414113, 204694.2226817104 290554.8944865799, 204684.2067099214 290555.2221290921, 204669.5528906859 290544.2310493934, 204658.17071581 290545.3346272127, 204663.0906556444 290539.3461588404, 204664.1899816368 290526.3662198592, 204656.7253478821 290523.0340401942, 204644.9775688592 290526.8001142365, 204636.9678610567 290521.0268922857, 204626.0392245704 290525.4590776801, 204612.3800276283 290527.8928830714, 204602.1836160184 290524.8921897216, 204589.5271332053 290525.1076498863, 204578.9638036652 290527.4321321196, 204568.0355955252 290531.0877763448, 204558.1105433432 290531.6374933504, 204545.4549071484 290530.188848227, 204532.4340546166 290530.7370386682, 204525.784302517 290536.50282348, 204515.2227744577 290535.2771573344, 204505.2103232603 290528.5045524453, 204493.828314276 290529.275503596, 204479.1685650863 290529.7120123561, 204466.1443206897 290537.1388548254, 204451.9375573573 290542.2352998677, 204437.4585222622 290545.5565218476, 204424.4387294173 290543.9969228833, 204411.9654655736 290541.9938311911, 204410.0456228707 290557.8579573897, 204410.1286721256 290574.2777828749, 204406.9426983778 290572.5011185942, 204393.4741949539 290557.5170619181, 204377.0885745811 290549.5211168345, 204360.2440788407 290548.9582611764, 204346.1312711652 290548.1748596558, 204331.747374207 290543.0645153133, 204320.457405061 290541.8387278123, 204307.0704707568 290546.3810693012, 204301.3299246539 290555.2538975427, 204295.0417047307 290567.0110262972, 204302.5941109245 290577.4433969097, 204312.6067121058 290584.104833508, 204320.6154049593 290592.3185470561, 204329.715860915 290602.30790217, 204335.6269199232 290617.6210736962, 204331.2502057204 290630.5994841062, 204327.5092217911 290647.0174805724, 204320.766673714 290656.888319098, 204313.9328242475 290667.3138417808, 204311.4691973197 290678.2961738454, 204307.7306987514 290689.6107331936, 204301.349191488 290706.2493740037, 204298.6129642206 290716.1221354104, 204296.1462608051 290733.6501975263, 204299.3277181021 290744.8571053356, 204307.7849308204 290766.93908828, 204307.8701176051 290779.2539711973, 204300.671751836 290790.5668883146, 204295.434972288 290797.4475289359)"
TRAIL-258,금정로 63,금정로 63-4,204295.434972288,290797.4475289359,203531.3216689387,290725.3313401891,129.04717652068533,35.21363804117091,129.038784,35.212991,942.5741267895952,"LINESTRING (204295.434972288 290797.4475289359, 204294.9319985123 290798.1083896349, 204277.5375675317 290806.1990993753, 204265.335063768 290809.9654521914, 204256.5911695191 290816.5070613677, 204246.9367356398 290823.159196092, 204237.465870875 290826.7049802037, 204228.4499002999 290831.0275985729, 204216.4303259403 290833.1299349044, 204201.4053377702 290836.8950590063, 204191.4792046651 290840.551624404, 204180.1853845386 290848.4234610099, 204169.0762397563 290850.7481700469, 204153.4130868513 290856.3991369464, 204150.038955706 290867.9358204474, 204144.9356052099 290877.9184893979, 204136.3723900638 290887.8995787849, 204117.6113731301 290898.5416964194, 204102.7666710926 290906.633903773, 204091.0170628272 290916.0588691952, 204077.4474493818 290923.3750831063, 204066.2477232563 290924.9232658565, 204056.9590344411 290928.6912102081, 204045.5752856468 290934.5661733859, 204030.822003233 290942.1038171985, 204016.2509906713 290949.3087323874, 204006.2324350397 290956.5156859743, 203994.3030993663 290960.9481930584, 203982.3742149473 290964.3822151175, 203970.8098260251 290967.150745579, 203960.7949694447 290966.0369097867, 203944.9514041993 290968.5817116851, 203932.5682224071 290969.9076548328, 203910.4454896965 290965.1274493688, 203910.4502853405 290954.0329964472, 203914.9163286176 290943.2733068448, 203910.369067446 290931.2893291737, 203909.734410001 290925.0761603654, 203896.3520243024 290920.8544941085, 203886.9785978086 290910.0888413022, 203884.4343189927 290898.2166826795, 203873.3285893355 290892.8865831483, 203867.7801307782 290879.9036984671, 203867.7849688269 290868.5873579493, 203863.785279703 290853.3862478516, 203851.2232061191 290846.8351642045, 203835.1077249168 290846.0517065934, 203825.5497963402 290840.6113779824, 203809.8942232475 290828.7337070321, 203799.0603031658 290826.2883715321, 203788.6815808153 290823.9541841616, 203775.2985262282 290820.842142838, 203761.3702690695 290815.0672260759, 203747.7157420684 290807.8501654254, 203733.6955729592 290804.0722547382, 203728.4208791625 290788.9816246885, 203719.4996317623 290784.8730053563, 203706.3013235377 290775.1044713302, 203690.2798300678 290766.777083426, 203678.9919491494 290760.8924269825, 203667.8859300657 290755.5625809822, 203656.9625375335 290748.9014883545, 203643.1251003768 290743.237735704, 203632.0187712965 290738.5736008551, 203617.8155463284 290736.7927979893, 203605.1598274167 290735.9001900174, 203588.1340148509 290734.1183094636, 203575.6609611707 290731.7835366182, 203561.5486781557 290730.2247470866, 203540.8808512224 290728.3305780104, 203531.3216689387 290725.3313401891)"
TRAIL-259,금정로 64,금정로 64-1,205537.1885444113,293229.8551663848,206351.681405595,293239.62227946776,129.06083098373475,35.23555645304047,129.06977898838306,35.235639661065385,937.6597726074457,"LINESTRING (205537.1885444113 293229.8551663848, 205545.1095049775 293229.4769243108, 205561.125406184 293237.0310200209, 205570.1414656475 293229.7142038231, 205582.4328270867 293225.0620976798, 205594.813441814 293223.2946323818, 205607.1019344713 293223.3022462105, 205620.4820477984 293224.4200049737, 205632.3151331684 293224.8711497742, 205647.33232014 293228.2088676165, 205653.9815768398 293221.223491588, 205661.634422408 293210.577565412, 205670.5615123017 293200.154334986, 205681.7598849539 293196.7220728843, 205684.3156629035 293185.5182392583, 205698.33748234 293179.5360396445, 205708.3528988881 293175.5483401618, 205719.5541944155 293167.5673837622, 205732.1199929164 293161.0295907603, 205742.9532036686 293159.3722921905, 205756.2438522535 293158.1603508498, 205766.2528782752 293164.2687019854, 205771.8933316336 293169.2648244215, 205782.8176373098 293167.4966868195, 205791.6448559599 293171.1635213118, 205803.2044964162 293172.28038419, 205812.4884746263 293173.3957983681, 205825.3206915041 293177.2871317413, 205838.5242396956 293169.9732827369, 205844.070897793 293179.1852980627, 205854.3548600477 293182.2984110049, 205862.2688230281 293190.5134664999, 205865.0877561308 293194.9530933302, 205875.2761243983 293205.0557006693, 205877.6355883463 293216.151730644, 205883.0912245283 293225.2527665325, 205885.4582579317 293224.6995824881, 205901.297916594 293222.9347895413, 205910.9442657965 293226.6022758058, 205923.9597252681 293228.4968601712, 205933.1525324373 293229.7232837277, 205940.0661928392 293236.2735771327, 205952.0843671213 293232.065573572, 205963.9174999535 293232.4062075619, 205975.7490917775 293235.0767003514, 205985.1215862442 293239.8535345848, 205995.6785082015 293242.9669895433, 206004.0516179381 293244.8586114624, 206013.2419623268 293249.7462989624, 206022.7088475855 293249.4197664119, 206032.8100252585 293253.4205209767, 206047.4641035639 293254.983542161, 206068.7605090607 293260.3231731068, 206081.1389328403 293261.8847214611, 206091.7859992426 293266.2187442578, 206100.0648976511 293272.7700808076, 206111.353469875 293270.6697509638, 206122.7339745377 293267.2381577529, 206136.9272391071 293277.1218853478, 206144.5692196409 293283.2290505515, 206152.0320841267 293285.0092461247, 206154.0371322741 293281.3494265548, 206158.5078023389 293266.0420641154, 206166.2488250999 293260.389147357, 206175.9038956728 293251.0763605159, 206187.3705393056 293254.8563309784, 206197.4742245137 293255.0851422245, 206210.2232143481 293247.2167983917, 206222.692581289 293248.8895480167, 206235.8008831367 293248.011021116, 206250.453785098 293251.238545256, 206267.2049566633 293247.6999040025, 206278.9477259179 293247.0423829958, 206288.1435537773 293243.8313707084, 206295.3391405336 293237.2906252665, 206306.359988686 293227.6460940702, 206313.8214726949 293231.423431637, 206324.0171383619 293230.3211087937, 206331.9322651432 293236.2067332806, 206348.8611848309 293238.8812865522, 206351.681405595 293239.62227946776)"
TRAIL-260,금정로 64,금정로 64-2,206351.681405595,293239.62227946776,205910.72545232112,293375.1262947103,129.06977898838306,35.235639661065385,129.06493566305446,35.23686371911385,937.6597726074415,"LINESTRING (206351.681405595 293239.62227946776, 206358.5991424661 293241.4398655512, 206369.9791529641 293238.8961429695, 206381.0907915538 293229.6955465826, 206390.3792679754 293224.2658041243, 206398.9379774703 293221.0544541542, 206408.4053794291 293220.0626559538, 206419.5110925673 293219.2939208993, 206428.0748662098 293208.9821236461, 206438.1757526161 293213.2052209568, 206448.1856036611 293217.4282646613, 206466.5722090669 293218.3289585497, 206476.9483705527 293219.445836823, 206463.8350052987 293227.313544179, 206453.454732691 293231.9658169157, 206439.6147019952 293237.7250861044, 206426.9599158848 293240.8225395506, 206415.4894958438 293242.4785664265, 206409.3830656988 293253.3468429183, 206400.184062173 293260.9955290536, 206398.2662444664 293269.8697701292, 206398.4405208953 293280.8534470503, 206399.9798605509 293292.2818704643, 206397.6948868903 293305.482706738, 206389.4982404293 293311.6898287906, 206376.3887633468 293314.3432517703, 206356.349462548 293333.9664021035, 206346.048086224 293356.1481633994, 206340.1255768816 293364.5758273257, 206335.749870827 293373.8921392534, 206331.0085225966 293385.4270973489, 206327.356291954 293401.5115655755, 206329.6218723522 293415.8250574863, 206317.4104744626 293436.1194513355, 206307.4797517854 293449.2040275362, 206302.9199069768 293461.6266882692, 206293.9018615065 293471.2726207567, 206284.4307243572 293478.0336768902, 206273.0515779947 293479.8008928842, 206263.3123926642 293479.3503590923, 206252.8461711437 293477.2351576033, 206242.3800213702 293475.00902328, 206232.5521010172 293471.2301109508, 206220.9050020735 293465.5638919419, 206210.9848955275 293463.4491148858, 206211.8868957225 293475.4317961072, 206209.879351692 293482.7527876365, 206198.4071486415 293487.5155490514, 206188.9407338884 293487.5090624931, 206180.1203566936 293474.5224608981, 206171.93370955 293466.5288264024, 206161.282304554 293468.9623500586, 206149.3697864569 293451.9796514772, 206141.1807550443 293447.425338798, 206130.2589738289 293445.8646950236, 206121.2544706939 293435.7625971856, 206115.8899251958 293427.1052556135, 206099.0497688045 293428.2033272991, 206086.9453197779 293425.6434330301, 206076.7509480033 293425.1927939139, 206066.7393675537 293423.6328389616, 206051.6313379341 293420.7381416433, 206039.4379913639 293414.9608465601, 206029.8838813277 293409.8509981921, 206019.5980956077 293409.9550875973, 206011.6818854769 293405.6229644131, 205998.4808227189 293409.4972693829, 205988.6489074765 293411.4877601663, 205980.0101432708 293398.6124213615, 205970.7233388904 293402.156522205, 205958.5313052591 293394.271382547, 205948.2499562078 293387.6079115005, 205935.4177993052 293384.1601817206, 205925.4985554045 293380.4924892345, 205919.8581735414 293375.7181589852, 205910.72545232112 293375.1262947103)"
TRAIL-261,금정로 64,금정로 64-3,205910.72545232112,293375.1262947103,205573.52464138804,293848.1377395306,129.06493566305446,35.23686371911385,129.0612343566222,35.24112912591852,937.6597726074615,"LINESTRING (205910.72545232112 293375.1262947103, 205909.4818338736 293375.0456995281, 205899.9271015073 293370.7126035661, 205890.8261084424 293368.4877682077, 205878.4516222562 293361.0463982288, 205869.4418548341 293358.4888088297, 205861.7014617605 293363.5872555225, 205863.2480860262 293364.808653442, 205857.8700942895 293376.4543904024, 205851.3063598033 293391.871492793, 205850.0269952248 293399.6368141488, 205842.5574974422 293408.1747475742, 205851.1075785697 293417.7215475568, 205849.3682883677 293432.9198864149, 205850.633860252 293446.4559953594, 205851.9063235713 293449.3413890723, 205859.2720434277 293460.4406608137, 205859.2641326157 293472.644606094, 205862.9901176576 293481.8554575766, 205867.8053483063 293495.7267081249, 205871.2554354378 293509.264239684, 205870.97588093 293519.249109174, 205867.0541910065 293531.1176792469, 205870.0512418901 293541.4375115505, 205874.9556494823 293558.0824506135, 205880.2276649174 293569.2913258693, 205873.8408848283 293592.6965730041, 205866.2910143286 293585.0364631558, 205864.3799073605 293584.480497893, 205853.549338797 293582.8093020724, 205844.2643514856 293583.912744017, 205835.0702454471 293585.2381442115, 205830.3414549098 293578.4674463545, 205820.0555780528 293579.0155424952, 205815.7831697543 293570.2481358611, 205820.340289824 293560.9316875824, 205814.4286106602 293553.494566619, 205811.4213713007 293558.9289384884, 205801.5943600151 293553.5972647861, 205789.9450373591 293551.1490047503, 205777.8420138143 293546.4815694163, 205766.0050391918 293552.7978765324, 205755.9970797309 293545.6910168558, 205749.1715117752 293543.9115526235, 205738.9735943411 293549.2304326268, 205731.0574426952 293544.7876093577, 205730.0563343663 293544.5650846331, 205723.4163885906 293537.1275618916, 205719.327246144 293526.2523624617, 205712.7792826324 293517.2616758597, 205706.7708597912 293518.7001655133, 205698.8469712335 293526.4613168227, 205700.6604305008 293537.5569614409, 205704.9330359211 293546.2133681003, 205713.5691043431 293563.7481353252, 205693.9929886203 293573.7208335909, 205684.2549234596 293571.606748962, 205674.2434383675 293570.0472282736, 205666.4078629144 293582.2462646396, 205668.9498061324 293592.8985804061, 205670.307969558 293604.3267695098, 205665.8404484264 293616.1950854095, 205662.5575429519 293625.9561902889, 205654.2732388765 293628.0589595473, 205641.2558756154 293630.0478360767, 205638.1555987099 293638.9215037317, 205632.4085805049 293659.2208608536, 205629.8538977376 293668.9824319725, 205625.2950949962 293681.4054372093, 205620.1003295733 293691.9419838819, 205612.3512689538 293711.6853853656, 205603.7888333841 293722.1089062465, 205598.5011713746 293735.7518694613, 205593.7623266241 293745.0683189481, 205582.648560069 293760.0390284736, 205578.4538807545 293772.5732287843, 205576.8987992343 293785.1090596193, 205574.430373419 293802.7477999833, 205573.6046933752 293813.2870708525, 205572.7792204494 293823.4935069196, 205578.3225279511 293837.9197840724, 205573.52464138804 293848.1377395306)"
TRAIL-262,금정로 64,금정로 64-4,205573.52464138804,293848.1377395306,206216.43356382087,293655.4576092458,129.0612343566222,35.24112912591852,129.06829631080154,35.23938862959616,937.6597726074267,"LINESTRING (205573.52464138804 293848.1377395306, 205573.2187211759 293848.7892512036, 205569.8450485477 293858.4393917706, 205580.0308044761 293872.0919175528, 205593.0403218825 293882.1959600649, 205609.5110163079 293888.3081466625, 205612.4162579743 293900.1810726933, 205634.5340959325 293899.8619996761, 205633.4470538264 293891.5404418202, 205632.3620147895 293880.001478504, 205632.3696202897 293867.7975259997, 205640.0202332459 293859.8142524587, 205649.9446837297 293854.4950881513, 205658.1403297402 293848.2872917888, 205670.3396679142 293843.9680799483, 205685.3613253229 293838.5412089264, 205700.6587891556 293828.7876794894, 205707.2187284341 293818.4739290193, 205713.7779111347 293809.380578589, 205719.7904951594 293801.063502471, 205729.1744220624 293787.0903691186, 205733.7288806191 293781.6569496908, 205737.3749727142 293773.338384568, 205747.6629515392 293769.1290092473, 205758.1326980775 293765.3635416486, 205769.8735525114 293766.5914248456, 205783.4405620118 293758.8339425268, 205793.8195282908 293754.7356230356, 205798.0128065705 293744.864202687, 205805.7548331242 293736.6592389752, 205815.2265542179 293728.0116145068, 205824.5153222274 293720.8061677236, 205831.2560914405 293712.7115259292, 205836.3625777521 293698.2919663759, 205833.8211481474 293687.1958215916, 205844.0202573711 293679.8800377673, 205852.4948624476 293665.0188861783, 205854.5091192924 293646.8252049241, 205855.6105068237 293632.7358992912, 205853.5231856145 293623.193274659, 205867.3647721903 293613.5500317611, 205874.2875594273 293605.6774313359, 205880.666680284 293594.0323516751, 205883.2210051195 293585.2693569636, 205894.873442422 293582.8361584414, 205905.2504143791 293582.1772619254, 205918.5443866144 293574.9745305109, 205929.9223967645 293574.649152913, 205940.2947871863 293580.9798301247, 205954.4003162044 293585.4269123925, 205964.7734092945 293590.6481680479, 205976.2422769657 293590.5447987991, 205985.9800336 293592.9920331177, 206014.6513476241 293594.0095718197, 206025.6620685593 293598.4547066248, 206038.7677684023 293600.6823537113, 206050.0538376055 293601.6884063225, 206062.8883955822 293601.0313361184, 206072.4437753913 293603.9223214891, 206087.6464744115 293600.9370320793, 206100.1135785449 293605.272293695, 206110.670259077 293608.0530503251, 206125.2339300589 293607.8410179405, 206137.7929327656 293610.8450534933, 206148.6324724348 293599.2031921903, 206154.8246189477 293595.3243304425, 206164.8319836218 293602.7644676632, 206177.0294701089 293601.9961799917, 206188.3168139293 293601.1163405693, 206198.5074060272 293606.7815200902, 206208.0604506321 293613.0009984424, 206220.4349317158 293619.5552633874, 206219.9683700832 293636.1966982022, 206216.43356382087 293655.4576092458)"
TRAIL-263,금정로 64,금정로 64-5,206216.43356382087,293655.4576092458,205673.5264591229,293987.2001700263,129.06829631080154,35.23938862959616,129.062334,35.242382,937.659772607433,"LINESTRING (206216.43356382087 293655.4576092458, 206216.2224398469 293656.6080089509, 206210.937245352 293665.258089071, 206208.2906891975 293675.3522700155, 206204.0061376315 293684.8906021551, 206196.1714665818 293694.8702821892, 206192.5237802033 293704.85283683, 206190.6087670649 293710.0659424108, 206188.0548626081 293717.8303472188, 206180.6719275834 293732.8028778635, 206171.0227435055 293734.2385702813, 206163.2821227338 293739.8914863988, 206161.6362627004 293750.873924886, 206160.9005355641 293761.9679292554, 206172.6318694167 293777.0644619565, 206173.443625631 293787.9376326328, 206169.9781933115 293797.6984319888, 206172.0641548239 293808.6834178909, 206172.3294106891 293820.1109411422, 206172.6005760121 293822.8847530886, 206159.7614098311 293830.7530935521, 206155.5681535315 293840.0696226864, 206146.4631687103 293844.5012289451, 206130.2567844132 293851.701651681, 206118.5090284392 293860.9021321856, 206125.3277429616 293872.3340938096, 206115.9465943495 293881.4252370519, 206099.0146927493 293884.8530923976, 206088.1774271063 293893.7213918697, 206073.8843672209 293898.2605231037, 206061.5980563104 293896.3662079885, 206048.3074115886 293899.1309307497, 206035.8302411495 293910.4389875091, 206027.7239302926 293918.8654035795, 206022.8027006334 293928.1815096807, 206012.2345585519 293943.1520596075, 205996.7523370834 293956.7880190917, 205986.2824181827 293960.9969913417, 205970.8070098576 293964.4260517596, 205970.5256723455 293976.9626610479, 205967.0590662137 293988.9424414537, 205953.7742877105 293983.0535899657, 205942.1248302509 293981.7145818789, 205936.8393588669 293991.4742763101, 205925.7343455853 293992.6873841059, 205916.9936271748 293997.230405964, 205906.522487237 294003.4364815898, 205905.968476306 294015.5291348494, 205906.8726365968 294024.7381687789, 205905.1338741912 294039.1598952746, 205899.2092530992 294052.1366027355, 205893.1966701678 294060.4535626022, 205889.4567848517 294072.9879213262, 205881.4401848884 294083.8553208948, 205869.6158020705 294071.7546168072, 205860.5165151823 294067.9765779384, 205851.9654803716 294060.8705501984, 205840.1342169113 294059.3096653284, 205825.0232454859 294062.5173207612, 205815.8274156581 294067.282037577, 205802.6291839305 294068.3830046362, 205792.3499105764 294059.5008022801, 205784.2577363966 294046.4040976124, 205783.6270744576 294036.3076901499, 205787.6409471489 294022.1092876208, 205793.5640050104 294011.3514087137, 205792.2960113202 294001.5874278827, 205783.5648828211 293991.2639427844, 205769.1840166797 293991.2547511285, 205758.9909040666 293989.8059638242, 205745.6098952112 293991.9054035527, 205731.228819096 293992.2291074213, 205720.4888904602 293991.8894676672, 205706.4757407447 293986.1114640541, 205685.4508875975 293985.5434874992, 205673.5264591229 293987.2001700263)"
TRAIL-264,금정로 65,금정로 65-1,204166.8083338154,295107.9667781804,203806.1097281117,294843.0499437778,129.04578564716746,35.252491382090895,129.04182100000003,35.250105,532.863705788734,"LINESTRING (204166.8083338154 295107.9667781804, 204165.8396437296 295107.3692140715, 204159.1098336537 295097.1591512362, 204156.9308220893 295085.9526792902, 204148.9270889762 295075.2982573773, 204140.1044745503 295064.1996865123, 204133.9195815747 295056.3197427817, 204135.8375427107 295041.4539597077, 204137.4805562609 295030.8039700784, 204136.9404035145 295017.9340764359, 204139.5843060193 295007.7283268202, 204139.7699820905 294999.7403558298, 204138.3142612193 294998.8521271241, 204136.4980639409 294990.1975680917, 204131.6803193851 294977.7694989137, 204129.2291325718 294964.5658973635, 204122.499883228 294952.8026314311, 204119.227727418 294943.703631407, 204106.4914249261 294932.9361478561, 204090.5672241663 294927.8254442236, 204075.4582805409 294931.1469723565, 204060.7128838844 294935.5781412547, 204050.2445561157 294940.7878671208, 204038.1380873526 294945.9968728023, 204025.3044547027 294949.2085568888, 204013.8399010112 294943.5452504048, 204000.7362449555 294939.989191547, 203987.0865759682 294936.3219655389, 203966.4292794704 294932.540735737, 203952.4180259741 294923.2151978737, 203941.2251617252 294920.4366780713, 203932.1261204789 294916.2167955296, 203920.0252229477 294908.6672631043, 203905.5587917548 294899.4525460738, 203891.5462772756 294892.7897874892, 203879.0814685719 294884.7963727138, 203865.0691491834 294877.578929489, 203853.6087105746 294861.8198161192, 203840.2360891231 294848.2788085905, 203830.0433557764 294847.4978656177, 203817.757917807 294845.495652507, 203806.1097281117 294843.0499437778)"
TRAIL-265,금정로 66,금정로 66-1,204618.1284641669,298161.5270476119,205045.0959656641,298811.6892737874,129.05076199669756,35.28001246930634,129.0554591736286,35.28587058690579,948.0375230084503,"LINESTRING (204618.1284641669 298161.5270476119, 204620.216981909 298169.7969806791, 204615.1180126831 298178.2262492553, 204616.0257292021 298182.2207607691, 204620.8442707242 298188.4361891271, 204629.1192021079 298195.9847414874, 204638.6700032126 298199.2070725301, 204639.6666865557 298207.0847339756, 204645.485244636 298214.6320391036, 204655.8563454279 298214.8592751086, 204665.0437883877 298216.9719890987, 204661.6724780071 298227.06631171, 204661.3042211085 298235.4979997955, 204665.3025487802 298244.3757273293, 204664.6611915655 298253.1401116374, 204656.9189117595 298271.3312197543, 204653.0021816748 298280.6486445158, 204645.5356715007 298293.4035621635, 204640.1635959432 298302.2764606062, 204631.6075338374 298310.9258361168, 204623.052113313 298318.3548165629, 204610.6739660408 298329.3321163242, 204602.9378585655 298335.7630225745, 204598.0218519296 298342.4172635054, 204606.0218696138 298353.6268674799, 204608.1994143897 298365.0553952538, 204617.5632704641 298377.7080017032, 204624.5640556521 298385.921575162, 204635.4777826915 298392.0291932125, 204645.2979827658 298401.6865270025, 204649.5690586677 298410.7862818564, 204657.297977948 298418.2236358025, 204666.2999390269 298426.7711126585, 204676.8471649917 298437.7602069777, 204682.8472015174 298445.8623621433, 204689.5750125402 298453.9648995893, 204698.6672450012 298463.7328600709, 204705.3954334384 298471.0587891136, 204715.2129798465 298485.4868688169, 204725.0345613123 298492.1487548185, 204736.6784942452 298493.2643173559, 204750.68695661 298495.8234349949, 204756.3228221352 298504.2582856099, 204766.4139303236 298517.2442704921, 204774.7779429096 298527.5666532875, 204783.4155590287 298536.5578392121, 204796.2392961319 298542.88855784, 204809.6095580731 298547.8882361884, 204819.3402076118 298554.2173397346, 204834.9846236352 298559.4401623164, 204849.3534454013 298568.323538762, 204852.438797482 298582.637209154, 204848.5217017638 298592.509282446, 204852.519268833 298602.1637186183, 204861.7940750725 298610.1568109816, 204872.613703033 298621.25723045, 204887.34849819 298626.0358700867, 204897.807743375 298630.5903204581, 204907.9038771373 298633.7022895921, 204915.2684470015 298641.2506152838, 204922.9924101336 298657.0091354731, 204929.5379665289 298665.0008097007, 204936.7205508012 298672.5490539053, 204946.1739286585 298686.4224617002, 204957.4494339524 298695.3043173772, 204966.9962305912 298704.6290189448, 204973.7182729296 298722.3840581936, 204978.4435948169 298731.7061159484, 204984.2608565795 298740.474050137, 204976.9719134328 298760.9950107618, 204972.6906339323 298771.3106154564, 204976.2312424812 298784.404179341, 204985.9631753081 298787.737927738, 204998.971118897 298789.0764754612, 205019.5254145169 298797.8526099574, 205032.3501617112 298801.4100213151, 205042.8988599777 298808.1836088064, 205045.0959656641 298811.6892737874)"
TRAIL-266,금정로 66,금정로 66-2,205045.0959656641,298811.6892737874,205682.02598923937,299210.3986843748,129.0554591736286,35.28587058690579,129.06246350441225,35.289460901943805,948.0375230084753,"LINESTRING (205045.0959656641 298811.6892737874, 205049.7154945241 298819.0601165526, 205046.2507119124 298833.259249919, 205044.4248123129 298844.9075458416, 205048.6940957724 298856.1154672998, 205052.781492733 298867.2123432451, 205058.5987812878 298875.6474897708, 205070.05911874 298878.7604069687, 205079.7918521527 298880.4300694674, 205091.2502981636 298886.8713890824, 205098.6984546485 298906.8458544124, 205120.3444479664 298914.8462164908, 205136.4472652621 298912.414559621, 205151.552224229 298905.1007425816, 205162.2815063476 298913.8716001788, 205169.0994424775 298922.0854995513, 205180.6498232922 298926.6409057908, 205196.0230356975 298927.4263672072, 205206.3036804179 298925.3243216039, 205215.3126316122 298920.0041216649, 205226.2291047795 298919.5666546999, 205239.6017279036 298919.130626935, 205249.5203257191 298913.9219353416, 205260.1648725905 298911.8201628336, 205268.6207367781 298919.0365795502, 205268.2477935757 298934.5687870278, 205273.060101825 298949.9930779168, 205271.6880598016 298962.8620005085, 205275.863571806 298978.2859215326, 205282.6786275764 298991.1596341196, 205299.14046725 298996.8275288654, 205308.2313620031 299006.8180045233, 205308.6767344117 299022.9054235271, 205308.3971086319 299034.3326879706, 205308.2992221037 299046.0928972888, 205310.1117750427 299057.6323391863, 205311.3795665495 299067.3963262302, 205313.5544758301 299081.4877387106, 205316.1862383382 299092.1400975859, 205321.8213330119 299100.3534181299, 205330.9125569924 299109.5672971243, 205340.18411926 299121.4439944561, 205349.8240617506 299125.6656508391, 205361.5564850895 299129.4447771105, 205371.7445189747 299129.7836751519, 205384.7515819498 299131.677509822, 205395.1213461207 299132.349380532, 205408.3090030193 299136.4622758286, 205418.3164939927 299134.4712536761, 205432.3287791232 299128.7104914146, 205437.793113704 299118.17391982, 205445.9842483639 299111.30021289, 205458.1704089352 299116.8548735397, 205463.0754780108 299128.618111071, 205469.4351198695 299141.8245303423, 205476.3434354904 299150.2606121497, 205478.0707818408 299151.9258498652, 205486.8897060071 299159.8083705304, 205501.4507692114 299149.1664279394, 205508.5503296368 299142.2921118997, 205519.2866524284 299138.5265117687, 205532.1980798357 299147.9648242877, 205541.1067002456 299157.8444798817, 205551.291965027 299162.6214166439, 205572.3917658101 299169.6240185721, 205582.1230636365 299172.9584126458, 205591.7631821065 299176.6255985602, 205602.8603310421 299177.7419428487, 205621.232672451 299182.1912091372, 205633.6948524735 299182.4208744335, 205645.0629428702 299186.6439263393, 205653.5183807999 299193.6388156149, 205668.6126942683 299203.1896386676, 205682.02598923937 299210.3986843748)"
TRAIL-267,금정로 66,금정로 66-3,205682.02598923937,299210.3986843748,206517.24099112034,299288.37587622757,129.06246350441225,35.289460901943805,129.07164578211822,35.2901586514464,948.0375230085081,"LINESTRING (205682.02598923937 299210.3986843748, 205682.2529250112 299210.5206521952, 205696.711542623 299218.2959870039, 205701.7996486241 299227.7296073234, 205710.888671023 299239.6065734666, 205723.3505585278 299240.169200465, 205733.9961718502 299235.9600139753, 205747.9135782221 299236.4126541529, 205762.4629922308 299244.2990986319, 205775.6525917659 299244.862262745, 205786.5684156584 299244.869257644, 205803.4848024399 299249.7617460492, 205811.9412735981 299254.870704129, 205813.7609330503 299254.3171467725, 205824.6745966479 299257.6525652605, 205840.1346367172 299263.8755339754, 205847.5893807201 299270.6480666955, 205859.3191742803 299277.8671650779, 205873.4151172031 299283.4236294677, 205887.332009357 299284.5421603819, 205898.0658558141 299284.5491715272, 205910.4377955489 299283.4478088042, 205920.5354721417 299282.5668621717, 205931.8145992821 299283.3508931149, 205942.9991053639 299289.6821743165, 205947.3583918655 299300.3358603121, 205951.6255324191 299312.7646233985, 205959.0763415889 299325.3064371364, 205959.4400525727 299325.5285693468, 205968.1666152789 299334.6319083824, 205981.0804560298 299339.3001919855, 205992.8148442255 299339.3079793989, 206007.6405392729 299341.5367597561, 206024.5596632977 299341.8808805938, 206033.015107035 299348.210452132, 206043.9268668378 299354.0978930456, 206057.019887161 299362.7604611202, 206066.8388524933 299370.4223320737, 206078.2053827871 299376.310120589, 206093.5777535426 299377.0971129589, 206111.9504257912 299380.1050835347, 206124.3208301534 299381.1119869437, 206134.5107406498 299378.234314662, 206147.4292719008 299375.8022968211, 206162.6216047088 299373.8156344285, 206183.0905362371 299370.8340986877, 206195.4684887061 299360.8574518867, 206209.1158429768 299356.8727790827, 206220.7648294345 299348.781747178, 206231.2322212836 299339.3585623128, 206245.9769564868 299327.0537545068, 206256.5333638291 299320.5152563827, 206265.5433127853 299314.0866424515, 206283.7442511823 299302.5609195587, 206293.4806392475 299298.0189213034, 206306.4046024206 299288.0428082565, 206317.055793056 299276.1790404748, 206329.7025594795 299272.4157415965, 206347.8011454859 299277.3100810741, 206366.6286833056 299280.4298356706, 206377.8147713646 299284.0989541114, 206391.1810182128 299291.9855779977, 206405.0027738964 299298.8740313656, 206416.5551282891 299299.1041325686, 206430.3815195147 299299.4468151629, 206440.1140250818 299300.4522714508, 206447.0244840361 299304.4512626829, 206454.4892969918 299296.468489444, 206466.7703251615 299295.3678244952, 206476.683725092 299297.8157477032, 206487.9649405413 299295.6049340243, 206494.787212964 299295.7207889405, 206500.9746511197 299293.1734878819, 206508.5239226281 299294.2883909577, 206517.0790936488 299288.0815919418, 206517.24099112034 299288.37587622757)"
TRAIL-268,금정로 66,금정로 66-4,206517.24099112034,299288.37587622757,207207.26557913085,298816.8227536226,129.07164578211822,35.2901586514464,129.07922726077658,35.28590362520192,948.0375230084401,"LINESTRING (206517.24099112034 299288.37587622757, 206520.8037576298 299294.8519884695, 206529.6247644157 299298.4086402232, 206535.8951374898 299306.9560218327, 206543.3494051277 299313.6181847265, 206553.2640538691 299314.2910573059, 206565.1847645389 299308.3086410577, 206587.0220939252 299300.3364479382, 206599.1284269141 299289.3616426827, 206611.7783018892 299281.493739724, 206622.4227357199 299279.39357344, 206635.4349543723 299273.6339434035, 206657.0912368588 299264.6632729638, 206660.4510448353 299272.6538637379, 206670.6378866155 299274.3255800269, 206678.9110941973 299280.5446763877, 206687.0971084993 299281.6602003201, 206701.0173662111 299278.1202576383, 206703.2027489968 299275.1263394933, 206711.6664472115 299269.8072247766, 206720.8591979623 299262.7135253402, 206722.6786639574 299262.4929890059, 206725.2349479292 299250.0689439483, 206725.4244046241 299239.9730007321, 206734.3438036497 299233.5447873773, 206737.7183036967 299221.7870330177, 206745.8205330935 299213.3611932605, 206753.9251032069 299201.8288752538, 206759.9382296324 299189.2964835706, 206765.0436271582 299174.2116580189, 206774.7030940205 299151.4749823398, 206782.3510902103 299142.3831591721, 206785.5404161251 299135.0631235209, 206785.0916755007 299126.9637305309, 206785.5500955778 299122.193398822, 206786.5543151261 299117.4234777123, 206790.4674611217 299115.3184488009, 206796.3864695432 299107.1129044551, 206804.5762250965 299103.457860823, 206811.8584984589 299096.9175444311, 206825.3292925819 299086.7206968401, 206836.4302696626 299082.7350471219, 206848.7171106733 299074.4234187945, 206856.2740267132 299065.6644277537, 206867.1101644736 299051.1387487791, 206876.8488098351 299044.3784632005, 206883.4088620975 299030.7371134996, 206894.3294402065 299024.8653163371, 206905.5239540194 299017.6623906667, 206914.8063809436 299012.7878782219, 206928.0005100951 299007.80543222, 206943.0169951521 298998.9412994919, 206953.7525513293 298997.1744320493, 206965.9507050593 298986.2001928423, 206977.2353482687 298980.2178313138, 206987.244479083 298976.7862527877, 206998.1669973823 298968.5847181321, 207009.538687208 298967.7059780291, 207020.4559708215 298966.2721689429, 207039.8439332861 298951.1986272253, 207052.3952004353 298954.2039695711, 207072.7746747321 298950.8915437208, 207083.9684649284 298944.9092445155, 207095.7984373327 298939.7040811159, 207105.0857654125 298928.8386875754, 207112.1892593195 298918.7482036021, 207122.5689527143 298906.9961219234, 207133.6724757771 298900.2371917486, 207143.8708078658 298887.8193157829, 207149.0625356249 298879.6134287014, 207157.5312684977 298868.7474412567, 207165.4562334918 298855.3292736261, 207172.9213482611 298848.2346655635, 207182.660442064 298841.4747114275, 207193.7615256013 298837.9332855468, 207198.3176921625 298828.2846234881, 207206.0578901517 298818.5275602456, 207207.26557913085 298816.8227536226)"
TRAIL-269,금정로 66,금정로 66-5,207207.26557913085,298816.8227536226,207861.7378025524,298329.5816986125,129.07922726077658,35.28590362520192,129.086417,35.281507,948.037523008487,"LINESTRING (207207.26557913085 298816.8227536226, 207212.3418815312 298809.656907033, 207220.719963997 298798.5690153861, 207226.7317850963 298788.8105872163, 207230.1066472861 298777.6077528432, 207228.0208266798 298769.5070296357, 207229.5755839532 298759.1903048775, 207233.6776888192 298748.6537305049, 207235.0520277346 298736.4507818258, 207236.9727270302 298723.5825962873, 207247.0746379116 298718.3762462441, 207250.3590265312 298706.618618293, 207259.0084675337 298697.6389538466, 207271.1130292049 298690.8809994187, 207275.8533516994 298678.6807708348, 207282.0408074724 298676.910627641, 207290.779934855 298669.5952548373, 207300.5171553493 298665.4981292004, 207315.4414466139 298659.2972456775, 207320.4561094021 298645.4330748167, 207329.5560296264 298642.0011389699, 207338.8350120102 298642.1196267443, 207350.3924338684 298637.1364683294, 207359.6772123154 298630.1544446505, 207368.8706712394 298623.6161395813, 207376.5191689282 298615.190500555, 207380.7114839259 298605.8744733174, 207392.9948402743 298603.2218271709, 207403.9161769829 298597.4615950181, 207413.378059359 298596.4708504448, 207424.3926711942 298587.9370723493, 207432.1304867235 298581.6195261677, 207443.0493122899 298578.9658243748, 207458.4289801085 298572.4327154979, 207471.0762013191 298569.8914222528, 207483.0814730759 298573.5625843702, 207490.4526910416 298570.5731609951, 207500.4610890508 298568.8063400983, 207512.8331018788 298569.0385239418, 207525.568169522 298570.269540571, 207540.572527687 298577.4935495775, 207549.0279073856 298583.4916976551, 207566.123739503 298591.7160124209, 207582.5923409311 298588.5124049513, 207590.6935947266 298582.8609752537, 207598.7072500498 298573.2154267766, 207609.2626213901 298570.1178363497, 207622.0073270355 298559.9215698961, 207633.3875718045 298549.6132212997, 207637.5802764332 298540.1863680113, 207641.3184095049 298530.4262941691, 207661.8855264359 298521.7899542228, 207670.9905118443 298512.7001266145, 207679.188337733 298500.6139972728, 207685.9292024579 298490.1908227781, 207698.1224019343 298486.872839714, 207712.5029426312 298478.8970151214, 207721.0588615907 298473.6898750663, 207730.350938481 298458.720136021, 207742.5405796849 298459.6181534661, 207757.8275971909 298455.5262848889, 207763.2890426908 298451.9807134249, 207771.4784481533 298449.8797906358, 207780.2043229895 298458.652034315, 207788.2150355963 298452.7788126012, 207797.9606742432 298439.4737229703, 207807.7078774414 298424.3935113418, 207822.5364621079 298424.517299153, 207834.5510324507 298417.5381315438, 207835.5656136396 298401.5628060772, 207840.0317122254 298391.9143938557, 207845.0508975191 298373.9455243089, 207851.1529128873 298366.1846200193, 207858.6190681882 298358.9796370915, 207861.2660171129 298348.9968142916, 207866.0962598826 298339.1268410717, 207864.0988845148 298334.4653738949, 207861.7378025524 298329.5816986125)"
TRAIL-270,금정로 67,금정로 67-1,205094.2247878465,297714.5084018597,204590.5607167769,298166.0096914461,129.05599242351187,35.275980995198715,129.050459,35.28005300000001,798.507090208009,"LINESTRING (205094.2247878465 297714.5084018597, 205084.0854702914 297717.9425342211, 205080.6246485473 297724.2644899395, 205076.3416381516 297736.5770520155, 205072.4246179851 297745.2286140625, 205065.0484891619 297757.2066070455, 205061.2217845163 297767.0786275468, 205056.0310720048 297775.7294829421, 205048.7469005412 297786.0433557065, 205041.6434039112 297798.6871951563, 205035.268259426 297810.4438810561, 205024.1654071677 297816.4287620702, 205012.0584063936 297828.5151129888, 205003.1382365954 297836.0544721855, 204986.6641627133 297848.3603291886, 204978.8358452505 297855.7893701473, 204968.0952317989 297864.9919458636, 204961.9948136056 297873.7533013897, 204951.7128461761 297876.1884603536, 204940.4296298946 297879.5106486369, 204933.6926995398 297887.7169464565, 204927.1368910928 297897.4765882938, 204912.2130513977 297903.5704681497, 204905.4762249444 297911.6658415922, 204898.4667157777 297919.3172892632, 204888.4601566765 297917.3148410185, 204869.442163433 297923.7394122931, 204859.1587848016 297928.9483189977, 204847.0554925257 297934.821934229, 204837.9559283802 297938.0344779641, 204829.218028267 297945.4631618451, 204821.6613775614 297955.6661283277, 204814.8310889223 297968.6431318857, 204806.3641625985 297979.8441374649, 204800.1725880663 297989.3821750527, 204788.8889806133 297993.814010117, 204784.7866863359 298009.4551825035, 204778.5962709705 298016.8852669129, 204770.8597762441 298023.3160266195, 204758.3967358281 298021.6452611481, 204748.8421115419 298025.4123837211, 204739.2865048452 298031.0655934013, 204728.6401117697 298034.9431098872, 204718.721314601 298039.2648022687, 204707.4388512307 298041.6997166686, 204702.9763377084 298050.5730491733, 204693.8756145705 298056.337489846, 204687.7757070528 298064.8771413733, 204677.0429985603 298059.8790148118, 204667.8519555179 298064.4230318222, 204655.6576492177 298070.962531798, 204647.1019817882 298078.3914870366, 204639.4610589873 298076.1686410982, 204628.1808821286 298074.2767718911, 204613.0772845629 298077.0426827957, 204603.6146621623 298079.0348744115, 204605.2451139341 298093.0148697197, 204600.7830655731 298101.222579011, 204603.4155615418 298112.6513331582, 204605.9569044647 298124.4128790024, 204611.5015945117 298133.9570448954, 204614.5899697323 298143.3890123147, 204622.5030885816 298146.9433259377, 204622.9569468956 298148.9405819577, 204621.4060900029 298157.2607191831, 204614.760406032 298165.911087429, 204614.3912262444 298176.2288539922, 204604.6569684216 298175.8910448709, 204598.1080557429 298173.2250077137, 204590.5607167769 298166.0096914461)"
TRAIL-271,금정로 68,금정로 68-1,205718.3342553718,298112.6232117641,205726.6171398445,298106.3045547918,129.062855,35.279565999999996,129.062946,35.279509000000004,10.417850119950769,"LINESTRING Z (205718.3342553718 298112.6232117641 0, 205726.6171398445 298106.3045547918 0)"
TRAIL-272,금정로 69,금정로 69-1,205726.6171398445,298106.3045547918,205187.6741955938,297666.7411869245,129.062946,35.279509000000004,129.0570192567563,35.27554996952915,836.1896404318886,"LINESTRING (205726.6171398445 298106.3045547918, 205721.1641656533 298097.4254349557, 205719.623888635 298087.4393396951, 205724.1809649273 298074.4615743932, 205724.3693225031 298064.365629447, 205721.0116091077 298051.0500090989, 205722.9297289025 298039.069083237, 205725.5703244499 298035.5204937843, 205731.3092976627 298023.8748319457, 205733.590008189 298014.0021083792, 205735.5114661374 297996.806737609, 205737.7943039898 297983.6056443574, 205737.4349766248 297976.393942289, 205731.8947609628 297961.5236921005, 205729.5381331432 297947.6539777827, 205730.7258522746 297939.7775841493, 205725.5478278305 297927.5702664494, 205720.6433580308 297914.364613716, 205716.0097724543 297904.3765617972, 205711.3747022909 297896.7183718935, 205702.4660007646 297885.285328487, 205691.2839904363 297871.9647829673, 205683.8282505467 297864.7486124129, 205676.8266270756 297858.7531367164, 205666.1877751833 297849.6489021252, 205655.0939355445 297840.6553408804, 205647.730300438 297831.5531810221, 205637.9083318554 297825.4450258717, 205626.9906526834 297825.6601043507, 205616.3513663677 297817.1106574396, 205609.2606809814 297807.8977535231, 205597.256935586 297798.9036987085, 205584.2528682477 297789.1324210933, 205579.43793026 297777.812980825, 205572.1645312079 297769.7094508716, 205561.7967685492 297763.2682052808, 205549.2419194868 297762.5948035948, 205535.8662739668 297765.1383414582, 205525.5863361529 297763.8006939564, 205514.6710255868 297760.0218644031, 205502.8438070676 297759.6818089803, 205489.8339129352 297759.2301039513, 205477.9163856528 297757.780569214, 205468.1807663007 297758.9950687209, 205446.4386468181 297755.4316606054, 205431.8842167631 297751.428844749, 205420.0591159367 297747.5386366157, 205403.5926798087 297745.8645782822, 205392.6737173709 297748.07696219, 205383.3036745084 297746.5181291007, 205370.7513638626 297741.5180949506, 205353.2889929389 297731.6335541538, 205343.4665854328 297725.7476120153, 205330.0067768056 297716.7530525374, 205316.636092286 297710.8650452221, 205303.8144690225 297699.5410414725, 205296.1772919477 297690.6609018391, 205285.3516738335 297688.7684796957, 205271.8919466147 297679.441170553, 205262.2509386205 297674.3320432033, 205252.5179702481 297670.8870579861, 205241.7847178415 297666.5539368739, 205232.600707252 297657.7838991718, 205225.1439102299 297651.455675636, 205210.8572271325 297655.996189784, 205196.5692810012 297662.7556394954, 205187.6741955938 297666.7411869245)"
TRAIL-273,금정로 70,금정로 70-1,206517.4876388497,297919.7344964178,205990.59059123095,297674.8420478614,129.07163762721314,35.27782253164567,129.06584440186265,35.275618504823775,896.3312648638787,"LINESTRING (206517.4876388497 297919.7344964178, 206502.3204229511 297930.4263115144, 206499.0387274084 297939.4105544236, 206492.2060923095 297952.2753453712, 206485.2825782585 297965.0291306318, 206481.7413637564 297955.374305355, 206481.3894813458 297938.6212426937, 206476.8480463243 297928.1890812281, 206462.8507064209 297909.5401604461, 206451.9399278852 297900.2129110543, 206434.9160623193 297915.4003260015, 206424.9007543626 297926.1549293458, 206416.9019029495 297915.9422294055, 206406.4472382939 297904.8402272538, 206394.5302840105 297903.056644416, 206384.9830108252 297895.2836828407, 206377.6178818853 297889.3983508705, 206368.4321470502 297884.9540349287, 206360.7932019052 297880.2889268389, 206353.3280068185 297887.2732510157, 206344.0563477893 297875.6174259195, 206331.4243518295 297855.5273763009, 206330.9773934318 297844.2105971629, 206322.5226110107 297835.2180658268, 206319.0715293409 297826.4509357557, 206306.6148564716 297815.6804870168, 206291.5996626716 297820.7735119046, 206267.3934751934 297828.8557099507, 206259.7559693292 297821.9717742709, 206257.489710595 297810.0990093159, 206255.2235996298 297798.0043537933, 206249.9560672653 297784.5762715372, 206242.8656950501 297775.8066522223, 206239.689447601 297764.1551547299, 206240.1501008813 297755.83454388, 206231.7871978059 297745.2889225018, 206221.5974016479 297745.28189308, 206216.142861016 297739.0651746461, 206209.5881516941 297745.0517318367, 206205.2141553529 297755.1447844529, 206204.1153006176 297765.4619813506, 206195.1086495648 297764.9010664819, 206187.4619840066 297771.2197276732, 206177.4537217289 297771.878546817, 206168.7173618195 297775.200943617, 206161.526835042 297779.7448069656, 206154.9788491488 297775.9681847915, 206154.3480408341 297767.0920967511, 206159.6347292886 297752.6727591006, 206148.0014241395 297734.8025670061, 206135.9877087463 297741.1182980312, 206123.3389544595 297744.7709169896, 206114.507173809 297754.6390988572, 206095.2192907796 297754.7369991428, 206085.028981938 297755.5067435628, 206071.9233525487 297762.154661012, 206064.5462823808 297773.5771106926, 206058.9894995402 297784.0022767798, 206049.9781732929 297790.4310841576, 206049.3450320814 297784.8833736008, 206042.8907313698 297777.0019038637, 206034.0719756605 297767.5656177919, 206029.6200283102 297758.4650937157, 206019.2569433475 297745.4775280103, 206003.2509746155 297735.5926997072, 205994.9753673046 297730.150859497, 205995.6198948888 297718.6129335381, 205994.3547134255 297705.7423908723, 205994.9078926109 297694.7591331515, 205995.8249231683 297683.8870630333, 205990.59059123095 297674.8420478614)"
TRAIL-274,금정로 70,금정로 70-2,205990.59059123095,297674.8420478614,206272.22181890573,297335.00767509645,129.06584440186265,35.275618504823775,129.06893729900565,35.27255371068347,896.3312648638963,"LINESTRING (205990.59059123095 297674.8420478614, 205987.2825025912 297669.1256140749, 205991.6587267238 297655.3712509065, 205988.3014745539 297641.7227019955, 205996.0446922732 297626.9720645552, 206008.9693846855 297618.9925692018, 206012.5218791063 297612.6710302066, 206023.1785778427 297594.9268239857, 206035.651101153 297582.9530205339, 206044.3918322757 297573.3065942839, 206056.3117467562 297571.4285071902, 206062.4976335525 297572.7640078932, 206068.5973101233 297566.9989308223, 206081.7848584257 297574.2192761358, 206091.5214346541 297572.0069276805, 206101.4395299001 297570.4603865501, 206107.086198767 297561.9213870611, 206111.1872315136 297551.8281050368, 206115.4712152747 297540.292655051, 206127.5736803123 297537.6381659185, 206147.0432370488 297538.6499144207, 206156.2313249371 297540.3203612649, 206166.4291587066 297528.8999163618, 206161.5217074963 297520.6865847458, 206154.8905693547 297505.1496655691, 206147.5291273302 297493.1625159614, 206139.8035828697 297481.3970163072, 206145.9963175021 297472.7474678593, 206152.5557188327 297460.1041294361, 206161.5694921367 297450.679895369, 206176.1304622812 297445.3644537541, 206184.5048825265 297439.6010123938, 206179.8690582448 297433.2739344238, 206178.6046298973 297419.6267518174, 206175.975669254 297405.6457990308, 206165.9689728742 297403.4200452008, 206154.5041104681 297404.7435694345, 206140.1253569249 297409.6153870022, 206125.6565387138 297413.1558183949, 206116.7451007564 297405.8273619125, 206110.1023864057 297407.1542112561, 206104.916088744 297407.4835393565, 206094.9048076871 297412.0255466255, 206078.257707667 297407.6874414738, 206065.2524022936 297399.6906064293, 206049.3390839063 297386.4773951511, 206037.6069792218 297379.2580731777, 206027.1450033164 297377.4759515843, 206022.5117754995 297367.0439678344, 206029.7957676268 297359.1716888737, 206037.989318537 297351.7438067798, 206050.1877563293 297341.9887567279, 206062.1980677145 297341.4420858276, 206077.398286872 297332.7985453979, 206091.1409854968 297326.8167426163, 206102.3340336836 297323.939715058, 206117.9826274847 297325.0597631939, 206120.8010424841 297328.1681518844, 206119.3407777248 297334.8239009142, 206129.7124033249 297335.7185026221, 206141.1790101033 297331.9541437338, 206148.3724518176 297323.6381163993, 206157.9262102382 297323.0899000467, 206167.3845132803 297329.0874219577, 206177.4777210309 297337.9699752663, 206191.9432557405 297339.422179167, 206205.1343179193 297341.8720410216, 206214.6846999874 297346.2054912333, 206224.9647834195 297347.8767590043, 206236.8874096767 297342.5595968635, 206243.9805847974 297347.7789460337, 206254.5366118627 297345.1235577786, 206268.6456585699 297335.8139090885, 206272.22181890573 297335.00767509645)"
TRAIL-275,금정로 70,금정로 70-3,206272.22181890573,297335.00767509645,206837.6259322595,297386.84506678453,129.06893729900565,35.27255371068347,129.07515202030174,35.27301724244496,896.3312648638998,"LINESTRING (206272.22181890573 297335.00767509645, 206279.9295055723 297333.2700016123, 206300.8618203328 297324.8527177537, 206308.5007245046 297330.2943897581, 206315.329840287 297322.7548601483, 206334.6203624408 297320.2166258013, 206344.9037286231 297317.2283149181, 206360.1918837651 297313.3559751961, 206366.5676184305 297303.7081976211, 206375.8478304639 297304.0475841417, 206386.223312386 297299.5061462642, 206402.6005796637 297299.5177466973, 206402.7891591216 297290.19844574, 206391.8754472465 297283.8668097442, 206382.1446040213 297277.4250775485, 206377.0603353832 297262.0000397472, 206370.7890901505 297252.4542865505, 206361.9696934686 297243.6833612786, 206351.1489895951 297234.3563083974, 206354.4307140571 297225.4829666049, 206360.2636387693 297211.5079238371, 206368.4600220782 297200.6410297949, 206371.6544700664 297186.5531883322, 206374.7580985493 297172.2433928876, 206388.1310142122 297175.1374320542, 206402.6863464749 297178.5870577283, 206424.7021250965 297182.5967412404, 206434.0720223198 297184.9332725247, 206446.9910005962 297186.384782259, 206457.7259152846 297188.389476117, 206471.3730108685 297189.5087047218, 206481.9202092726 297199.501378676, 206506.9389128662 297202.8477457994, 206522.1317771261 297205.2995131645, 206533.1424201453 297203.421398649, 206540.8721126497 297209.0852233531, 206551.1537418636 297208.7598416065, 206567.527057949 297214.4299657467, 206576.8893686344 297227.0845848769, 206588.7089072517 297238.8534418673, 206596.4366700541 297247.0690630919, 206610.7058526031 297268.2701200043, 206614.4220176254 297287.6883314983, 206625.6095825478 297292.5781443671, 206635.7006688581 297303.7910676561, 206644.2484203313 297310.3431486888, 206657.5302247242 297313.0156297681, 206660.5234695643 297325.5546975328, 206669.5261048875 297332.1071384289, 206673.7924516464 297345.534717008, 206678.5167436864 297354.8576469333, 206682.8733932982 297369.172862487, 206688.8707000364 297379.4952517652, 206692.8652776348 297391.2584539268, 206701.5022413121 297400.0295699756, 206715.3341738225 297396.8224243214, 206730.987696362 297391.0649073545, 206749.4521192613 297398.1792172243, 206750.8083309351 297409.6076362388, 206757.3615667605 297406.395114628, 206768.8280144991 297403.0753348202, 206782.7474491426 297404.5280765416, 206795.3990365092 297398.1027420035, 206806.6812824581 297397.7784049338, 206818.4219680025 297392.7947096994, 206829.4326966984 297390.5841194346, 206837.6259322595 297386.84506678453)"
TRAIL-276,금정로 70,금정로 70-4,206837.6259322595,297386.84506678453,207572.972146429,297693.9481408093,129.07515202030174,35.27301724244496,129.083237,35.27577999999999,896.3312648638915,"LINESTRING (206837.6259322595 297386.84506678453, 206847.6357899144 297382.2769832097, 206859.0951363191 297388.3876953042, 206865.8152898199 297405.0346560232, 206877.1855553415 297408.5935729193, 206887.5598163394 297405.8278402382, 206900.3909850625 297402.6202144739, 206915.2173477893 297407.8460070456, 206924.8577937568 297412.845953005, 206938.5865231962 297425.6152488733, 206949.7729735408 297431.5039756048, 206969.2352189616 297442.1697663993, 206977.9673945109 297445.0611001627, 206984.0668847607 297440.4060981112, 206989.25895196 297432.6439182465, 206997.1794170239 297426.3261498415, 207008.5584763798 297418.457833327, 207016.6571403991 297417.0218307045, 207025.4791000059 297421.4665197354, 207030.2016932352 297432.4538197262, 207040.2087520676 297433.9039126404, 207051.4003259505 297433.1360280063, 207064.7737689508 297434.5887783965, 207079.5125685453 297435.2659994393, 207090.3389031913 297436.1620620438, 207106.2643260488 297431.9586483649, 207114.9962055701 297435.1829515658, 207122.3648155424 297436.5201107115, 207136.107613784 297431.094625189, 207145.9351495218 297429.4382139819, 207156.9421323663 297431.9986848814, 207171.2256596475 297433.1194775113, 207178.6923930169 297425.4701592938, 207189.6900933549 297439.6799608252, 207197.2297753994 297454.6636383091, 207208.5944442701 297464.990656664, 207224.1347187299 297487.3031663817, 207232.0446345623 297494.2990795683, 207248.5917567211 297508.9571852868, 207252.3044885572 297530.8164726774, 207262.1197985091 297544.2487953752, 207272.9439288419 297547.6968272053, 207283.3136765574 297550.4788311106, 207293.4093953851 297554.5919741705, 207306.1437690032 297558.4853724438, 207315.3292870697 297563.0415863379, 207324.5139856617 297568.5963204681, 207336.7926042091 297573.4879038501, 207348.7997989089 297576.4932057079, 207367.2648068856 297581.8336521549, 207380.2708770474 297587.1696715361, 207390.4584011181 297590.1735413517, 207399.6441173845 297594.3970044168, 207409.5556760706 297601.0618787245, 207414.282264082 297606.5021006337, 207420.9216508307 297609.281199848, 207446.6627023368 297617.5123830428, 207457.2153798115 297618.9633894379, 207468.3996928387 297626.7388377037, 207478.8579734081 297632.2947836312, 207487.133699197 297636.6285280181, 207493.4003660789 297649.9472169406, 207503.5824326724 297659.3860635027, 207513.7709427059 297661.0587250141, 207522.3143911589 297671.6056865276, 207535.6874992513 297672.9481901208, 207545.6004480802 297677.7271385115, 207565.1529065949 297687.8395677044, 207572.972146429 297693.9481408093)"
TRAIL-277,금정로 71,금정로 71-1,206593.1473952398,297770.0283404685,206239.65549117353,297191.1983657604,129.07246804652996,35.27647267271858,129.0685782738592,35.271257699964,898.6104543103373,"LINESTRING (206593.1473952398 297770.0283404685, 206593.2413282093 297760.1905492168, 206599.0734687112 297747.3251062909, 206601.2664894372 297734.3460594303, 206607.2803754777 297721.8135923462, 206609.9261239549 297711.8304140441, 206606.4786841986 297698.4034574664, 206584.2882710808 297686.1832138645, 206576.381175604 297674.8609860658, 206574.7515172972 297663.8761728199, 206566.2943058862 297658.3227308177, 206570.7582805498 297650.2269420363, 206569.7679031393 297635.9142241275, 206569.4141513053 297621.9348070748, 206555.6861672409 297607.8347214844, 206542.8632141511 297600.281109715, 206543.9631996222 297588.9654452238, 206537.1449401747 297581.5271427295, 206529.2449160715 297560.2198504942, 206529.3419973137 297551.7880476785, 206526.2576638903 297539.2489535549, 206519.9866093755 297529.9249835349, 206518.0834272908 297519.6056596928, 206509.9058745805 297504.5111447199, 206500.539204978 297498.1804904171, 206486.6217837121 297494.0654883963, 206470.2478910249 297489.8378011377, 206460.0598704434 297486.9459165999, 206454.7877791155 297480.0635128097, 206455.3450225799 297464.1986787599, 206450.1665136265 297453.6551374497, 206448.9925290613 297441.3393284377, 206442.6302638788 297432.1262943547, 206441.5451913865 297422.6951376949, 206448.9207262896 297414.4904239105, 206449.2032679465 297401.0661995468, 206447.3911989987 297390.4141209145, 206443.3045254864 297379.7604190155, 206430.2068584392 297374.0928509779, 206421.0207820774 297369.4265944268, 206420.5728054816 297359.6630574285, 206412.1249069143 297340.4634536249, 206409.6762053673 297329.3671488449, 206409.7761702311 297316.7194150264, 206410.4247225615 297300.2999187892, 206406.7935975854 297288.6480476745, 206398.6103013782 297281.0979395784, 206384.4194654237 297277.0938491305, 206378.7854480464 297267.10475822, 206370.330484134 297257.6684081849, 206362.787858134 297244.6824486679, 206353.875742735 297238.3522701777, 206353.0639006386 297228.366591243, 206363.2611621881 297218.6105569254, 206371.003631812 297206.3010518866, 206375.5598929432 297196.4301069163, 206378.2995018756 297182.2310010346, 206369.8445359956 297172.683707189, 206359.650498102 297177.7800192897, 206347.7294540541 297180.4343245621, 206337.3533876227 297185.6414794997, 206329.2526810251 297189.8517306153, 206322.7861535093 297199.1666325024, 206318.6818517049 297213.3648001183, 206307.5815980951 297213.3570376931, 206299.12356774 297208.1366873122, 206289.7562107856 297202.1390919032, 206278.6597242827 297196.6950317114, 206268.4698480173 297195.9113311925, 206251.4536482782 297198.5622271729, 206240.9034331846 297192.5638636152, 206239.65549117353 297191.1983657604)"
TRAIL-278,금정로 71,금정로 71-2,206239.65549117353,297191.1983657604,206216.43261066944,296923.8391165666,129.0685782738592,35.271257699964,129.0683210146998,35.26884802160682,898.6104543103402,"LINESTRING (206239.65549117353 297191.1983657604, 206233.9028054516 297184.9037783973, 206221.9847902085 297183.2313722259, 206213.4279076501 297189.3274884527, 206201.4168508742 297190.6505773534, 206193.4080355253 297193.6406114554, 206156.7361095841 297200.3832110504, 206141.1773844694 297200.594505056, 206132.4432741021 297199.8119484884, 206122.0716430604 297198.6954528829, 206109.6984711297 297197.3557231514, 206097.7760283452 297202.2292699652, 206089.2235881612 297201.8906604356, 206079.1264805643 297198.4445411672, 206067.6636824665 297196.328862746, 206057.1069414522 297199.8720336993, 206041.5481438895 297200.1944449824, 206029.3572303307 297198.4111648492, 206017.8012161596 297199.6238562716, 206008.248074283 297199.0627652168, 205998.0561139086 297201.3858460818, 205987.1325936775 297209.2557345637, 205974.5746550033 297212.1320012859, 205962.2925389932 297210.6815881986, 205957.5694090181 297198.3635057119, 205963.7732290337 297172.9610543615, 205956.6811455784 297165.6339612853, 205947.3154910382 297156.6411915855, 205943.3205683716 297143.7688693159, 205937.3234202706 297131.6718513758, 205925.8572274395 297134.5489037747, 205915.8495876706 297133.2109930947, 205905.658665606 297133.8699946377, 205891.6507297039 297127.7588336094, 205885.5558609417 297125.8687828024, 205879.2823399963 297118.8751217431, 205876.2860637202 297109.220903084, 205871.6506471749 297101.673585879, 205866.1080933906 297089.9097487254, 205861.5645818025 297080.9202038386, 205870.5800154187 297069.0548822752, 205880.6813939111 297066.2878163254, 205893.8741702169 297066.8511473144, 205903.6116096326 297064.0838694283, 205913.7155474071 297057.4337461039, 205920.9978745416 297052.3350215706, 205931.1870676143 297054.4496760889, 205941.7405700582 297056.0098538758, 205957.2179221239 297041.5971253205, 205964.0457157841 297035.9434076643, 205970.6929370016 297028.1816094505, 205981.8898449389 297019.9790471466, 205995.4492120347 297016.6596734701, 206004.5594891651 296999.358215303, 206013.659677029 296997.2563059319, 206028.3082038036 296998.0426940733, 206035.5912370035 296992.056497938, 206045.4178571933 296992.1740180656, 206056.0688009761 296984.1930735977, 206065.5353534052 296978.5412033646, 206077.1838399402 296975.5535056619, 206091.9266036601 296971.5693999925, 206101.2068669901 296972.3522857006, 206113.5838795405 296968.4775625738, 206126.2366527218 296960.4980567304, 206140.44100328 296945.530051784, 206150.9062544945 296943.2073180726, 206161.375902438 296934.4497555038, 206178.0241397775 296938.3442275967, 206190.5810790838 296937.5762095975, 206207.0553300529 296929.8213293772, 206216.1581562309 296924.0584215903, 206216.43261066944 296923.8391165666)"
TRAIL-279,금정로 71,금정로 71-3,206216.43261066944,296923.8391165666,206984.67006396927,296962.56341309677,129.0683210146998,35.26884802160682,129.07676456628568,35.269191997927486,898.6104543103155,"LINESTRING (206216.43261066944 296923.8391165666, 206227.8111253621 296914.7470230011, 206230.4592909858 296900.9915977883, 206236.1061159229 296893.0074144345, 206243.8454675093 296885.3575182714, 206254.1292215032 296882.4800508078, 206263.2249679519 296887.0351246869, 206274.9623913042 296887.265165705, 206284.7913625743 296884.1655259204, 206296.7117730311 296882.9534300365, 206311.6353675285 296880.9668297265, 206333.2046716941 296873.9923621337, 206341.6735939626 296864.1241500515, 206355.5997844106 296857.2553164471, 206368.5220613179 296854.7126736849, 206380.0797408372 296851.8362483108, 206390.0009541213 296847.0726045937, 206403.923902755 296844.8635574782, 206423.8501078365 296845.5433860201, 206435.587818717 296845.4407992034, 206444.7732336383 296851.7712490152, 206454.6902776108 296852.8877890154, 206471.1599011984 296852.1229590476, 206489.6283425107 296855.4645820538, 206501.3635648941 296858.8013920036, 206502.4488840902 296867.8997113283, 206509.0846947969 296876.7801395344, 206518.0827621359 296890.4329380615, 206526.7185312185 296901.7556266056, 206541.3659642786 296904.2070298833, 206553.2875913604 296901.3310897241, 206561.2981562405 296896.4553016171, 206573.7658142047 296893.468839731, 206583.0504044017 296888.3721074621, 206594.782308232 296896.146860343, 206607.3356892745 296900.371970802, 206619.5323427723 296894.7226795713, 206629.6343103498 296891.7345606674, 206640.9197123679 296887.9707043068, 206651.6577185339 296886.2034793821, 206663.3937421891 296888.3200993894, 206681.2339012091 296879.7904729315, 206690.6912542372 296887.2308308507, 206709.3469626604 296883.2506335106, 206728.2712729075 296885.1507912218, 206737.6409044272 296888.153309378, 206747.7410945712 296887.6061242625, 206758.9352300795 296884.2861294787, 206770.2180334993 296884.0726916599, 206778.3186374999 296880.6394561522, 206793.0588628544 296880.6505343622, 206806.7999652052 296878.3310258808, 206812.8054949109 296878.0027186719, 206830.2678430889 296888.001015562, 206844.5462990902 296896.9984218595, 206854.551285742 296901.9985639548, 206863.2879846155 296899.6753434771, 206873.7527165045 296898.3519572578, 206885.8562667291 296895.6984857, 206899.7784155533 296894.5996583313, 206913.3396703989 296889.5065345401, 206926.0837416535 296882.1938922637, 206930.2619134209 296891.7384197933, 206939.1696200763 296903.7273863593, 206950.9864642348 296918.9360237051, 206954.436513142 296928.7018937173, 206960.88763424 296940.467099418, 206968.5236418883 296949.5705297947, 206975.8870122277 296958.2299736881, 206984.67006396927 296962.56341309677)"
TRAIL-280,금정로 71,금정로 71-4,206984.67006396927,296962.56341309677,206675.4261606897,296619.1777241205,129.07676456628568,35.269191997927486,129.07336305349196,35.26609902421649,898.6104543103472,"LINESTRING (206984.67006396927 296962.56341309677, 206985.3461867322 296962.8970029596, 207000.2659321621 296965.9040902073, 207015.3652302213 296972.017818863, 207025.0068640693 296976.0193579477, 207034.5632930516 296972.587484726, 207036.5723815239 296963.1586731044, 207051.1396809088 296951.4098032068, 207061.5229376636 296937.8825537311, 207073.910061114 296921.6941916045, 207079.6517407361 296909.7165664535, 207077.2037408312 296898.6200867285, 207072.1166199205 296888.0762682987, 207064.4872617419 296870.5408906363, 207058.2236677968 296851.786185963, 207052.9579859142 296836.804415849, 207046.6888893673 296825.0392881373, 207044.5137948491 296813.9430318207, 207040.8821654832 296803.733204991, 207038.4335698952 296793.302410763, 207031.2579794693 296777.0987647255, 207025.9875470023 296768.1080698691, 207023.2694917944 296753.1283019602, 207020.275436896 296742.0314157989, 207019.1011857521 296730.9359453196, 207022.0209941138 296720.5093316312, 207032.9432438878 296716.1909550917, 207042.8694519989 296705.6588627796, 207053.1534071225 296703.1151420044, 207054.61844881 296691.3560560897, 207050.9189217011 296651.5237082941, 207048.1068496204 296640.426956696, 207046.1154263315 296627.1119353513, 207038.0152710752 296629.5464203811, 207029.4561029946 296637.1949965993, 207021.7126800213 296648.9492010593, 207009.9733272575 296650.826154184, 206998.8688549321 296655.3663081251, 206990.6743966317 296662.1276394656, 206980.5706796555 296666.890481909, 206975.0138742816 296675.0961593933, 206963.6402410082 296674.7545439694, 206954.445437814 296680.849463462, 206944.3374946339 296691.1596215122, 206937.8816547615 296685.2745437606, 206922.0477719956 296687.148465969, 206915.7670988349 296690.1391835349, 206908.7715753072 296676.0437416381, 206900.2115435274 296685.0237866469, 206890.0201261661 296685.5707319599, 206879.6480805518 296684.342422136, 206868.3683159861 296680.2288490965, 206859.8105199223 296686.3243494215, 206850.3452669646 296689.2017480414, 206840.3394534962 296684.9782310447, 206833.0657973152 296677.5393710915, 206820.1464867312 296675.6435290047, 206797.9478295129 296671.4108577831, 206785.3958025105 296665.0775196916, 206772.5645429373 296667.0649064431, 206759.371317622 296666.3893470796, 206747.26559096 296671.5947340802, 206739.6173655916 296678.2457555994, 206732.3463509724 296667.1457756647, 206721.527483322 296654.9337045473, 206712.3403292043 296650.9328303802, 206707.0699176313 296641.3875965196, 206698.1595859354 296632.1725016918, 206692.3436096606 296622.0721443288, 206679.8803800589 296618.5126581722, 206675.4261606897 296619.1777241205)"
TRAIL-281,금정로 71,금정로 71-5,206675.4261606897,296619.1777241205,205947.3357494515,296436.70944645605,129.07336305349196,35.26609902421649,129.06536001094724,35.264458945583634,898.6104543103409,"LINESTRING (206675.4261606897 296619.1777241205, 206662.1350368456 296621.1622410807, 206645.0255841276 296625.2546189005, 206633.0108602165 296630.46022571, 206624.4530950749 296636.6668939682, 206613.0738758008 296643.8700134733, 206598.1490925378 296646.8546249079, 206591.4088449702 296656.2800738136, 206582.6782900991 296649.9498084772, 206570.3910648421 296654.600572246, 206559.5649515036 296652.0409533476, 206543.3703411399 296649.4774554743, 206523.5278097968 296658.338741875, 206513.6960293338 296664.8774314354, 206499.5879985322 296670.9692703673, 206486.4841565402 296672.513085103, 206472.5623533147 296672.7249858693, 206459.3711783461 296669.1652820616, 206449.9144365544 296660.2828780873, 206443.7323355029 296652.845112574, 206429.4509617095 296646.843872744, 206420.8119070917 296639.6262650749, 206417.8158913479 296630.1937640253, 206407.0820357626 296625.7483195805, 206393.9767301432 296629.2892872601, 206384.4259881653 296624.5118710253, 206377.4226893801 296620.1800459577, 206364.9583173027 296618.0632859524, 206347.4892395797 296616.1649147123, 206336.7584472116 296607.2817347788, 206321.6594796425 296599.1721272666, 206309.3832512132 296588.1799332505, 206293.9170109495 296584.7298281383, 206278.0877934871 296579.837205296, 206262.8885781853 296584.9301448468, 206253.5122512335 296590.9147050165, 206245.0520709599 296587.9133205277, 206224.9413120528 296590.1183445879, 206217.9380630931 296585.5647526309, 206205.8358969228 296585.889263618, 206192.9037703912 296602.3003233902, 206184.1614870646 296612.6122662334, 206174.1550510623 296608.7223249599, 206162.6001554801 296607.1611940304, 206153.5890193133 296611.4819242438, 206144.7594976861 296616.3575147107, 206142.2130130716 296614.4697081022, 206137.2123143337 296608.808085746, 206128.2078933957 296603.2546936192, 206120.5693925297 296596.1489989031, 206113.386139971 296588.5998368476, 206104.2909172134 296582.7135707558, 206094.9241291653 296574.7191656313, 206081.5531447308 296567.4986912786, 206069.3664552375 296558.1710678963, 206058.8149978991 296552.7276513843, 206040.7131630811 296544.2836640931, 206030.4333901325 296540.7265364625, 206022.0680030666 296531.8453123381, 206010.4194059529 296534.1674071135, 205997.5933653765 296528.2787666863, 205985.4932636426 296525.3861545776, 205974.0308366905 296521.3845254419, 205972.397371711 296514.726714205, 205965.2174485439 296501.8522890697, 205957.9424125834 296495.190755573, 205950.4881581003 296484.3131806942, 205952.6784999217 296474.4404744006, 205951.958964576 296461.6812672621, 205953.512579384 296451.4753053279, 205947.970973118 296437.8253570739, 205947.3357494515 296436.70944645605)"
TRAIL-282,금정로 71,금정로 71-6,205947.3357494515,296436.70944645605,206404.41138769122,296328.833485046,129.06536001094724,35.264458945583634,129.07038233524884,35.26348379503999,898.6104543103146,"LINESTRING (205947.3357494515 296436.70944645605, 205942.790331011 296428.7244154064, 205938.2477285634 296417.9597139929, 205934.8014887369 296400.4280605336, 205929.9852248074 296390.6616933345, 205918.710771188 296377.2298925795, 205916.3521932048 296366.1337983914, 205912.9018227237 296354.8150990965, 205910.1814322445 296340.390405585, 205907.0956756354 296328.0734383079, 205902.1041696337 296307.8780977843, 205898.0170842685 296296.1152072302, 205893.2920816973 296285.7941935548, 205887.0213806 296273.5861017857, 205884.9363004673 296261.6026322066, 205884.1245719316 296250.5075566469, 205893.8570953877 296256.6159039615, 205904.4082728715 296263.1685789317, 205916.2301696148 296274.6036993895, 205923.9593708793 296282.818731195, 205933.8742599943 296288.2615688467, 205943.7010630944 296289.2665405359, 205956.2593965605 296287.7215782508, 205972.0936285959 296286.0678537805, 205980.8326044882 296280.8592000379, 205990.4826457145 296273.9869770098, 206004.4070425083 296270.7788058714, 206025.8793879083 296274.5652543286, 206031.515158678 296283.4446545804, 206042.895108262 296275.131351875, 206055.5454409193 296272.1442980349, 206066.0139093891 296266.1602682924, 206088.7582280008 296272.8323030749, 206094.8516090911 296277.7180143924, 206109.7751826337 296277.1733714525, 206120.2361623136 296282.2839469359, 206135.2485391225 296284.9568251158, 206143.162088607 296289.4000240579, 206150.5300384283 296293.2881309711, 206163.0008145149 296286.7508499551, 206172.5577183911 296283.2071219281, 206176.7503206217 296273.2248956843, 206186.6652204968 296278.4461201423, 206194.4855484465 296286.1067190696, 206198.7639140225 296283.7797997629, 206193.5024843366 296260.0338577797, 206189.3233163129 296250.3787363351, 206192.6056930348 296240.839675968, 206202.2512143505 296240.8462953307, 206211.0799891683 296237.6349445479, 206220.9960548113 296241.1920250994, 206227.9982690684 296247.6316888679, 206238.9180255971 296247.1954443813, 206253.1048607966 296259.4092588606, 206259.9202793952 296272.7274379108, 206284.7582529539 296278.070072516, 206296.1267630317 296286.5098480334, 206309.674014235 296302.2735619813, 206318.9521524477 296307.050705304, 206320.9512428064 296311.0461418483, 206333.3271551538 296310.167249048, 206337.7806828562 296317.6037211637, 206333.4952164684 296330.0266092697, 206332.2141350049 296340.2326959965, 206340.1241899919 296349.446721941, 206353.0396958046 296357.5548200832, 206365.1436594995 296355.1225427081, 206377.0748076812 296339.7095367768, 206388.7249281139 296335.7237336365, 206403.9260500853 296328.6339892626, 206404.41138769122 296328.833485046)"
TRAIL-283,금정로 71,금정로 71-7,206404.41138769122,296328.833485046,206358.59468842632,295759.14914791397,129.07038233524884,35.26348379503999,129.06987441766623,35.25834927175606,898.6104543103463,"LINESTRING (206404.41138769122 296328.833485046, 206413.6596358683 296332.6349347836, 206422.209258536 296338.0773401683, 206433.4869655976 296345.9624977437, 206448.949046101 296355.7367302482, 206451.5753580566 296373.2679949444, 206462.8509310582 296384.0377712761, 206479.3995083318 296401.2461831551, 206487.8596268212 296404.4696771311, 206500.6891192464 296405.3664678036, 206510.4248992145 296406.1501002273, 206517.2580035441 296394.2838600675, 206512.5331196273 296384.8500834223, 206512.7244694412 296371.8695976485, 206509.0015454849 296360.9942543861, 206500.6356625339 296353.2220432915, 206497.9099831231 296347.4509157216, 206492.8230705666 296335.2432522788, 206493.5629935719 296318.6019603107, 206493.661248159 296308.5059912722, 206498.9429391207 296302.9625162881, 206500.3101780105 296299.7460811577, 206503.3215585316 296287.8770820724, 206503.873521388 296279.5565680999, 206499.6991656965 296263.6883584077, 206495.5196880483 296254.9206581472, 206488.4257178225 296249.8120663005, 206487.339272313 296242.1560476629, 206478.7023431321 296231.4990814273, 206479.7126879505 296218.4082401354, 206492.36571833 296211.9824902112, 206499.5597347385 296204.554318219, 206499.843262733 296189.9097199749, 206499.2143549388 296178.7037748924, 206504.3166097491 296169.7208653172, 206502.5957502084 296158.5141339412, 206502.1494754184 296146.4207569706, 206494.3299248549 296137.8723297805, 206492.7915983614 296125.8891138888, 206484.8834940326 296113.9013223327, 206474.5146348669 296107.2371553674, 206477.7049353283 296099.6951520986, 206469.4273955131 296095.2514005149, 206460.6964499231 296088.5884231318, 206447.9597184709 296084.5852842373, 206444.691345487 296074.0431334675, 206436.783052733 296062.1663305054, 206429.2376230451 296051.8430292763, 206425.8776661955 296042.0774388161, 206412.6875991973 296035.6332278241, 206399.4982995525 296028.0795823288, 206392.5886834524 296019.3099991014, 206382.7697899851 296006.7662198737, 206371.5869954317 295992.6682532025, 206368.4100455036 295981.3495782129, 206359.3186723103 295969.3610655291, 206355.1399363625 295959.1511446127, 206351.9641243562 295946.1682954433, 206352.1529099366 295936.5161761767, 206348.7024517893 295925.8629893403, 206349.6223442621 295911.7735674254, 206346.6280375693 295899.4565212203, 206344.2700146218 295888.1384319315, 206343.0931046997 295879.4838628494, 206347.017839999 295862.7338625623, 206341.0213113643 295849.305255786, 206340.6665043087 295836.2134484143, 206342.0397555317 295824.4541994256, 206346.5987049239 295811.6986801735, 206349.7927460679 295798.8312583609, 206341.9714253534 295792.1690390346, 206358.59468842632 295759.14914791397)"
TRAIL-284,금정로 71,금정로 71-8,206358.59468842632,295759.14914791397,206940.24240730194,295694.7052074465,129.06987441766623,35.25834927175606,129.0762655790616,35.25776455041518,898.6104543103011,"LINESTRING (206358.59468842632 295759.14914791397, 206359.5590336093 295757.2336050507, 206356.4740004634 295744.47271305, 206350.3871862736 295729.9345851153, 206347.3925077719 295718.0613234179, 206355.7691051197 295711.6323814025, 206364.8728614713 295706.4243588324, 206371.4300111755 295699.2175317595, 206381.0809707552 295692.3457308115, 206392.5513385153 295686.3627907723, 206400.3844277021 295676.4941987755, 206411.394467136 295678.0552426104, 206409.5635006073 295693.4753516394, 206402.0024751149 295704.6754734012, 206400.4423307871 295723.2022477461, 206406.0774498375 295732.9694371509, 206417.636418491 295730.3149532875, 206426.0139228885 295722.6656775554, 206436.116266418 295720.8977442724, 206454.0439644419 295720.1339190616, 206465.5990722336 295722.9158180193, 206474.2381749819 295731.242910832, 206481.8776093889 295737.6832228618, 206491.7941184939 295741.240597466, 206496.7919649998 295751.2292767496, 206502.1553192133 295759.1102594944, 206496.9584038955 295772.863749444, 206505.3258678741 295779.1936601307, 206514.1476003649 295786.5224149087, 206525.5183603614 295792.4107294179, 206535.9732452599 295806.3974102644, 206544.7023990579 295815.8340910893, 206555.3455071831 295821.1671892338, 206565.7163296236 295825.5015933379, 206576.903472782 295833.4978024409, 206587.2737043418 295838.6088489054, 206599.7346425378 295846.8279064699, 206608.7403418581 295851.2723082558, 206620.3897308369 295849.2838222678, 206631.9465776791 295849.4032462841, 206649.5094685351 295849.4161594881, 206662.0686998726 295847.6502879704, 206670.3481751908 295849.6534163911, 206682.358130255 295852.3249842132, 206692.6404054194 295853.2201609221, 206705.9194803126 295862.4384805, 206710.6441900714 295872.2051869481, 206722.6571587939 295870.7718300799, 206735.1299260613 295862.9039974873, 206743.9569410007 295862.7996387746, 206758.7876684763 295865.6953058945, 206769.7128200855 295858.7139264258, 206773.2674521439 295851.1723027125, 206780.6459846075 295841.0818057559, 206779.565899124 295825.2157999952, 206787.8527899866 295817.3448994655, 206795.9563599482 295811.2489953144, 206804.8741752634 295811.4776006008, 206810.1586897208 295802.8278411692, 206823.991178434 295802.1726089984, 206835.277854444 295798.6308902242, 206858.6717497633 295789.5511005814, 206865.5015597789 295783.2324009239, 206866.3283202103 295773.0260514452, 206873.6136560006 295766.0420318813, 206867.7973993163 295755.8306297735, 206874.0793808818 295751.9523192949, 206884.7354787393 295740.0892769491, 206895.1126739657 295735.9922128105, 206900.3085219521 295724.4578585868, 206905.4147394881 295711.1483125515, 206914.5200884432 295704.2766634737, 206922.2578008625 295700.8432828023, 206929.9075825633 295693.415806877, 206940.24240730194 295694.7052074465)"
TRAIL-285,금정로 71,금정로 71-9,206940.24240730194,295694.7052074465,207554.67284787586,295448.78470936196,129.0762655790616,35.25776455041518,129.0830152230176,35.25554351633908,898.6104543103514,"LINESTRING (206940.24240730194 295694.7052074465, 206940.6446787787 295694.7553959194, 206949.1904074387 295705.6346160841, 206958.6466361197 295715.8488735513, 206968.1155108418 295709.6432308694, 206977.7647719341 295705.5457001613, 206990.1475041585 295697.0124786757, 206998.5183903931 295698.5721964533, 207008.80141275 295698.6911153057, 207016.6343900869 295689.8215646133, 207028.7313133887 295697.8190390437, 207047.2026920553 295700.1632853925, 207057.5786201968 295697.8415333628, 207064.7705603265 295694.1859574318, 207082.42423333 295694.8654551811, 207094.0720997096 295695.207432219, 207109.2676940677 295697.2163970563, 207127.1901587747 295703.2215734381, 207137.5680329621 295698.4591158202, 207148.1270421256 295694.8062675484, 207159.2293400053 295694.5931698382, 207173.064488023 295690.8320026317, 207181.9867361902 295685.6246585502, 207191.5469743531 295679.1974317795, 207209.9329277912 295674.5523822758, 207222.6699914305 295678.4456475757, 207237.3192234477 295680.8981725415, 207249.4255809047 295676.9138463833, 207259.711300434 295673.7046907937, 207269.3600185662 295670.495034226, 207286.4626144969 295677.4983754019, 207300.5680659 295677.1769291131, 207311.6658990068 295682.5112855666, 207324.959351289 295673.5354781883, 207328.1527649852 295663.2201455752, 207327.251301815 295652.6796006789, 207331.1722874343 295642.9195866923, 207330.6354624992 295631.6027199238, 207333.2834273275 295620.6212746619, 207334.2045252213 295606.9757384558, 207336.2166589403 295594.5514880305, 207332.0410129632 295581.6784318049, 207326.4979812424 295571.6888487656, 207328.0569003616 295557.0453218002, 207329.2490236344 295545.8408047883, 207328.8038228517 295533.7473964341, 207333.7321065579 295516.3329710373, 207326.2829245493 295500.2398458897, 207314.2765524501 295492.7967755414, 207305.3639972364 295485.6890589906, 207311.1057238176 295475.1538936736, 207318.6686088677 295463.2888629984, 207325.8574224673 295463.8494171877, 207346.0637707059 295459.4280123271, 207358.4415853177 295457.7739063751, 207371.0005965373 295457.1184735981, 207381.6467248647 295458.6804023902, 207399.5693927181 295464.7970619209, 207412.8554224168 295465.3626820674, 207425.7788053329 295464.2638429758, 207441.2502849123 295463.1671210836, 207457.9072850404 295459.0758792163, 207473.1106320163 295452.0988855265, 207483.4893452964 295446.8930451797, 207495.6882337374 295441.577781595, 207506.3354655123 295441.8085137211, 207516.4388910815 295439.3761168628, 207528.3604524593 295439.2750992739, 207541.0990087299 295441.6155777142, 207552.2884576908 295446.3955771563, 207554.67284787586 295448.78470936196)"
TRAIL-286,금정로 71,금정로 71-10,207554.67284787586,295448.78470936196,207657.2397902964,295847.2187697552,129.0830152230176,35.25554351633908,129.08414600000003,35.259134,898.6104543103265,"LINESTRING (207554.67284787586 295448.78470936196, 207559.3807893241 295453.5020138564, 207572.7581086773 295453.7351094226, 207585.9550044433 295452.082001822, 207600.6940163683 295456.3103161061, 207615.5259821565 295458.2088798481, 207625.2593178861 295462.9877424555, 207637.7203969993 295470.542556202, 207632.7975957585 295480.7453705801, 207623.8694535853 295492.3870963816, 207618.6732966948 295503.0334695647, 207609.653724546 295515.2298595445, 207602.36313453 295527.5386590895, 207597.0768603119 295537.1864607446, 207592.1539545952 295547.6111887831, 207587.9599180859 295557.0380233193, 207583.034053182 295571.0130068675, 207580.6584972925 295582.3274437068, 207577.6407209715 295599.8542851491, 207578.5414320614 295610.9495813116, 207584.4475160805 295621.716243052, 207588.2580318227 295635.4766741907, 207591.6159529884 295646.3521461197, 207588.6047943248 295656.0018667218, 207587.5911039557 295671.0895915486, 207582.7585376804 295682.4019658105, 207577.6554004208 295690.8295349194, 207572.7327863199 295701.0323850693, 207563.172949289 295706.6825915802, 207556.795739923 295715.2200513677, 207552.6018175931 295724.646904487, 207551.1374585492 295734.6307683554, 207554.2221072486 295745.8388357974, 207564.3115475148 295759.7154585243, 207570.8548312977 295770.1498113431, 207572.29967357 295783.4644745244, 207571.9266511534 295794.2258690046, 207556.991696722 295807.3049222901, 207543.3364341518 295813.6173973353, 207534.771438078 295826.8127553361, 207527.9352733707 295840.2314533267, 207523.4657603813 295852.8755096919, 207531.8324328244 295859.2063733016, 207542.2909653502 295866.8703367447, 207547.1963968837 295877.0814157322, 207555.3801039585 295884.521603096, 207566.3869049166 295889.412417221, 207584.2187119289 295894.1980279534, 207588.3937596138 295907.1821529684, 207588.5689524243 295915.2813184465, 207596.2057587131 295923.719593024, 207599.0186905996 295933.2632688019, 207606.5652208864 295940.8139127808, 207618.3836122231 295954.359220633, 207630.1146252948 295963.5775973097, 207637.0194259046 295976.6749984649, 207647.5707980021 295981.8983639043, 207654.0237661557 295991.2232498965, 207663.4828533836 295996.7785448938, 207673.5878695511 295991.7945787515, 207676.1440177823 295982.1444949605, 207676.7930754673 295967.9440265775, 207678.8950909811 295957.2950486838, 207674.9900809253 295947.9723102721, 207669.7257374464 295931.9916914937, 207667.5533558059 295918.3435552887, 207665.9306334487 295900.3690136061, 207663.4827935039 295889.6052270757, 207662.1294787891 295875.8468426541, 207659.5959913497 295858.7590942952, 207657.2397902964 295847.2187697552)"
TRAIL-287,금정로 72,금정로 72-1,207093.7999773379,297778.7651709166,207318.3660748355,297212.61087460764,129.077971,35.276548,129.080434255355,35.27144339901143,743.3154898258191,"LINESTRING (207093.7999773379 297778.7651709166, 207116.8336628995 297758.8130681275, 207124.2091012685 297751.1636298879, 207134.7658828193 297747.2888672397, 207145.7779265653 297742.9706943647, 207165.5287676124 297732.7793435716, 207176.3577361267 297729.9033573657, 207186.3698301616 297724.5859273669, 207196.8332121625 297723.8176438033, 207205.5673453317 297723.8246119652, 207218.4906653765 297718.7314335488, 207228.5948435716 297712.082775107, 207237.4289535825 297700.8843341301, 207245.3517625703 297691.5712479799, 207255.5459017473 297686.2540409455, 207264.9234564461 297678.1625446927, 207278.3914199709 297674.7340765991, 207297.9562028599 297669.9792070337, 207305.6968696747 297660.9988640138, 207311.7070203126 297654.3469862321, 207315.4465130808 297642.9226053719, 207321.9147399064 297632.3880051133, 207327.7450299261 297623.1842404953, 207331.0333416959 297607.2107253825, 207334.2329367354 297588.4634965814, 207336.2434657055 297577.4815035938, 207336.6157799349 297567.1638539177, 207338.7163065286 297557.4023378867, 207339.7242377507 297548.6384454873, 207339.2811429954 297534.1041961134, 207339.4714069744 297523.8973449115, 207337.204958788 297513.9103880996, 207338.7648330521 297497.7135821161, 207338.958254056 297483.6236342073, 207342.0609697162 297472.1987493511, 207347.6196076533 297461.5524843566, 207350.1754481876 297451.3475602443, 207348.1833885502 297439.5856939636, 207347.8285758545 297428.3798893677, 207346.8390437629 297414.5108716343, 207345.3019807326 297402.6384312857, 207345.5837793693 297391.7659825112, 207340.4960784517 297382.6642971993, 207336.9501372908 297379.6658808437, 207329.5913310593 297366.2354744359, 207315.4931017999 297360.898645559, 207304.0343870967 297354.343571483, 207294.3930118434 297350.6745681549, 207295.0402124189 297337.9163374353, 207291.5009594389 297326.5970184665, 207291.3266966972 297317.0555491884, 207300.4361978536 297303.4165928768, 207303.2657916852 297292.2133682131, 207306.5494196471 297282.1199688158, 207306.1971523618 297267.6967461961, 207312.1190952255 297257.9383217894, 207313.4933113254 297246.2901396551, 207314.5955632824 297233.4213352324, 207317.242325888 297223.3274245389, 207318.3660748355 297212.61087460764)"
TRAIL-288,금정로 72,금정로 72-2,207318.3660748355,297212.61087460764,207746.378153986,296955.9735830594,129.080434255355,35.27144339901143,129.085136,35.26912699999999,743.3154898257776,"LINESTRING (207318.3660748355 297212.61087460764, 207318.8011335189 297208.4619691836, 207322.7229698547 297196.8158549767, 207322.2808184497 297181.0612127053, 207329.2052138117 297169.4175375447, 207333.5812005737 297158.7703082607, 207334.3203571168 297144.9027020166, 207333.8756995736 297132.2545365218, 207335.7060674657 297119.1644369752, 207336.8948446652 297111.8429902411, 207345.4555402992 297102.0867344718, 207352.8252922183 297102.3146249589, 207355.7410285948 297097.2135004141, 207365.4784341591 297095.0025263996, 207377.3102661212 297090.6853068393, 207388.8681496761 297087.5882806656, 207405.4341484146 297079.8356587904, 207419.0025236932 297066.0895388152, 207422.6504029388 297055.885538229, 207423.6601121532 297045.1246413904, 207426.4886612443 297035.4746971569, 207428.9539963124 297024.9368899709, 207436.063456705 297009.8541364976, 207432.8883845919 296998.3131762193, 207429.6244161953 296984.2203946585, 207435.0045862445 296969.8018920624, 207439.8372894064 296957.2690174089, 207440.9380181405 296946.5081990125, 207455.3134511956 296947.4076230241, 207465.4156386415 296944.4204386931, 207474.1552104036 296938.7694425952, 207478.6211811768 296929.6755997709, 207478.0843471144 296918.6915387059, 207485.9151682403 296911.7084540682, 207498.2035319822 296905.8385332686, 207507.4009657075 296896.7486356672, 207522.5057692947 296895.9845886627, 207526.7899243465 296886.7796729726, 207528.1613272149 296878.9036776796, 207535.0804783141 296874.1387880893, 207544.6378591468 296869.930836051, 207557.6494026961 296869.8307725068, 207568.2066569905 296866.8440841639, 207580.3142747217 296859.6427763666, 207592.3255114014 296858.8762493101, 207603.3344665864 296859.773078335, 207613.4347432085 296859.2268615321, 207627.2647380631 296859.6823165266, 207638.3664614944 296858.4712999706, 207654.0174645888 296857.4860437027, 207665.5723512339 296858.3834114427, 207676.0360245755 296858.5032468855, 207690.0432714471 296864.5062295675, 207704.9602020018 296870.731901574, 207713.5089178144 296875.731753752, 207720.051121648 296886.2771792469, 207721.0380538193 296902.5870297427, 207724.0316687071 296913.1294246701, 207725.0229572083 296924.3357811038, 207724.5574778693 296936.6503476606, 207731.0988644198 296948.0833466215, 207736.6444972316 296953.5244330151, 207746.378153986 296955.9735830594)"
TRAIL-289,금정로 73,금정로 73-1,206750.7634864626,297409.229744327,207021.0384739691,297772.7677761944,129.07419750400965,35.27321959420379,129.0771711964626,35.27649445578474,523.1752083454855,"LINESTRING (206750.7634864626 297409.229744327, 206751.8086539009 297410.2740584451, 206750.0638692424 297431.7962158206, 206752.7841616408 297444.1132213046, 206749.4970639803 297459.754104768, 206742.0158909989 297487.2630453086, 206738.8201415599 297502.4602190385, 206734.6278153416 297511.9984201265, 206731.6152930781 297525.5315481449, 206733.4250957226 297538.7354361902, 206753.1462007639 297568.2617255884, 206760.7799733443 297579.9167391184, 206770.9628832538 297589.3547569233, 206776.8698767966 297598.4567380377, 206790.1434566415 297611.447361574, 206800.8706851453 297622.8828460775, 206809.4151686125 297633.2072395186, 206825.7873850937 297639.09972836, 206841.0674678018 297645.4352020986, 206851.0738150715 297647.5507600637, 206863.1685940161 297655.104257238, 206879.8981492866 297669.5399371608, 206885.076963139 297678.863327009, 206895.5370662139 297682.4215750765, 206901.8997106797 297690.3035847615, 206903.8008901622 297702.6200148643, 206910.5267563449 297711.3898746107, 206916.706555893 297720.381212523, 206926.8886334092 297730.4850827274, 206940.8909256515 297741.812304594, 206956.265068859 297743.8211633264, 206966.8121955249 297752.3721200295, 206978.7271787096 297756.8191541753, 206989.8222976291 297762.5969181012, 207001.5514230696 297772.0363971555, 207015.0163864235 297772.1577977423, 207021.0384739691 297772.7677761944)"
TRAIL-290,금정로 74,금정로 74-1,204668.8378444347,295453.6534852408,204674.8449860638,295453.6534852408,129.051304,35.255604999999996,129.05137001006375,35.255604971996505,6.007141629117541,"LINESTRING Z (204668.8378444347 295453.6534852408 0, 204674.8449860638 295453.6534852408 0)"
TRAIL-291,금정로 75,금정로 75-1,204674.8449860638,295453.6534852408,205098.21313473693,296166.879673249,129.05137001006375,35.255604971996505,129.05602665623238,35.26203153248766,957.6358980858446,"LINESTRING (204674.8449860638 295453.6534852408, 204674.8440686187 295453.6565916215, 204677.8445378279 295458.7616291011, 204686.398852293 295458.7660630815, 204698.136321939 295462.5443006814, 204710.6008822368 295468.0980576725, 204717.1466274045 295480.52734846, 204731.7927839895 295490.7419776198, 204747.9863070218 295500.2917720491, 204762.1784939217 295508.3982512276, 204771.5486223569 295514.3942432699, 204781.1008025322 295520.2793961421, 204789.0141575868 295527.6059793503, 204813.6674218486 295543.4842648888, 204826.1282429427 295555.6948998603, 204839.0479049225 295560.6943517235, 204848.6911731323 295566.2467894389, 204854.6951759572 295570.2440462067, 204865.4317053529 295573.4672376006, 204876.3525673071 295572.3636733763, 204886.9090629506 295571.9255972012, 204889.3608377769 295581.6901132103, 204887.9842788888 295602.9908723999, 204887.0679571336 295614.6396369816, 204882.6913556149 295630.3915082692, 204880.4079227721 295645.9226220702, 204879.3087133449 295659.2354695258, 204874.0232127393 295672.9898388054, 204875.0149443843 295690.1869031023, 204881.1065565166 295700.2862199443, 204888.5671303068 295703.0638885685, 204889.5626746501 295713.1604546242, 204894.2865995577 295728.1406361597, 204903.5525220137 295757.8790182277, 204909.9199520568 295762.6531279465, 204923.2041191559 295766.0996653414, 204929.5696559137 295774.3130942845, 204935.9351204548 295782.6374731611, 204935.7465724241 295794.6194698557, 204940.1069854413 295808.4900250161, 204943.7373228195 295826.13232566, 204947.463021085 295835.7866133703, 204952.9150848251 295850.2125005675, 204960.0068846729 295861.4218757003, 204962.9134972068 295871.1866659469, 204968.0956300518 295879.9542002336, 204966.7228340832 295894.1544544627, 204965.1613356045 295920.5585982813, 204961.9711392692 295930.0981486629, 204962.7828110496 295943.4120417897, 204957.0436966106 295954.7253202959, 204955.6673374017 295975.4713543121, 204966.7674634271 295978.4729776745, 204970.2213009595 295985.9082195812, 204971.0342377684 295996.8922618119, 204972.4822636745 296011.3159615067, 204968.1052766116 296027.8444183077, 204970.0097547739 296039.6056795277, 204977.1005893539 296052.2573613602, 204984.7383672584 296063.1342242659, 204990.466044885 296072.4568023249, 204993.2798414604 296085.3280260002, 204999.0989229845 296093.8740424798, 205010.5626920695 296097.2087580245, 205019.3843983351 296106.2002358463, 205024.2007493484 296117.8521834473, 205032.6601664909 296123.7370011096, 205041.3908901915 296132.6175047357, 205051.8523915142 296138.1706221109, 205062.8583659388 296146.3867472015, 205073.6840105864 296151.6072578869, 205081.5092613432 296152.3882755999, 205089.5125643969 296160.1589626525, 205098.21313473693 296166.879673249)"
TRAIL-292,금정로 75,금정로 75-2,205098.21313473693,296166.879673249,205634.64950579783,296606.17954852467,129.05602665623238,35.26203153248766,129.06192481670735,35.26598826061452,957.6358980858514,"LINESTRING (205098.21313473693 296166.879673249, 205101.1550125257 296169.1521115439, 205109.5223310481 296176.8120767681, 205120.5278285169 296185.6939451359, 205129.443800662 296188.5835863101, 205129.9840415712 296198.6799281233, 205139.1707757216 296205.4528232229, 205147.1742350587 296212.7797804754, 205153.4483836198 296220.7714305809, 205160.8144681788 296228.7637091036, 205170.4559991881 296235.7587872338, 205180.3721563313 296239.8694516423, 205193.5658630252 296240.9864842054, 205204.1217211373 296240.326888378, 205214.6775167483 296239.7782502988, 205225.4145984822 296240.4501293866, 205240.4284013004 296241.2354474217, 205251.9825674322 296245.1252503345, 205267.1766686425 296248.7952994401, 205280.7338791674 296250.6892895947, 205295.0210634714 296249.1444190892, 205307.3111787738 296239.3884339134, 205315.9600604248 296232.0711212833, 205325.8840727191 296222.7575508439, 205336.0784705227 296217.8819690436, 205343.7285432937 296207.0138387743, 205353.7357808082 296210.9028564521, 205365.1108458785 296209.9110980953, 205381.9443388041 296211.1415143374, 205399.9597106524 296214.1477957604, 205410.1469136043 296221.36534714, 205419.8800544792 296227.0294012834, 205430.8844521296 296237.1320484966, 205441.9840325472 296240.245203071, 205458.0009134194 296237.4812328673, 205468.285354078 296234.2700363162, 205478.2043391393 296233.4994297464, 205490.3995638551 296230.5113086057, 205499.7740003509 296227.4105401586, 205512.1496065129 296227.0852491038, 205526.8914391397 296226.2066955844, 205537.8120704505 296224.3273130097, 205554.370547787 296228.7753002915, 205565.4692073325 296233.3308970091, 205579.2961443676 296240.4399380714, 205595.4913462743 296243.6673764863, 205605.6802883032 296247.7786773383, 205619.6924762499 296249.5625134486, 205624.5161992388 296248.0122800654, 205625.2380118199 296257.8868755647, 205628.4132359457 296273.3102731796, 205629.4977774668 296285.1821138528, 205635.3129436937 296298.8320331627, 205639.7594986972 296318.3612116175, 205641.8460691108 296328.4585529002, 205641.745232039 296344.2127471838, 205639.6434912011 296358.4124553241, 205638.9081932904 296370.1722168525, 205638.0823880855 296381.1553037675, 205636.6196271929 296392.1379933284, 205633.7854557952 296413.5487032383, 205630.6810151515 296430.6323720762, 205631.3985853928 296447.2746431293, 205632.1196819963 296458.2586966487, 205630.7444055452 296474.8996632533, 205629.5547166665 296485.7715802317, 205631.367242774 296497.5329333247, 205635.1802203597 296511.5144452272, 205637.0828261365 296524.7181477222, 205637.3441676745 296543.3571559612, 205631.6948181225 296555.8904733136, 205627.5022578885 296566.9824105388, 205630.4985663793 296577.3022110708, 205630.2178422631 296589.7279336511, 205634.6663404337 296605.9287539802, 205634.64950579783 296606.17954852467)"
TRAIL-293,금정로 75,금정로 75-3,205634.64950579783,296606.17954852467,204913.53061283744,296703.86774169846,129.06192481670735,35.26598826061452,129.05400030527196,35.26687256310085,957.6358980858342,"LINESTRING (205634.64950579783 296606.17954852467, 205633.288658538 296626.4528155771, 205633.6601699207 296614.3599856066, 205629.3763659679 296625.8956480399, 205615.8184800904 296626.1090967261, 205604.8993510554 296626.3242033385, 205589.5220467489 296625.8708891972, 205569.8654666814 296629.7418358614, 205556.0338625541 296631.1756061889, 205545.5691538002 296632.2786283224, 205531.9194045749 296633.9344383125, 205520.635710657 296635.1479331452, 205510.8079513381 296636.2513850091, 205496.9751509795 296639.6822644235, 205483.5987331904 296640.78358624, 205470.4017473996 296646.1009663656, 205458.3024409321 296641.8777144632, 205445.9307509704 296636.6558048611, 205432.7395888615 296632.3209833349, 205434.2926545539 296622.0039847846, 205441.6722705751 296606.5870024763, 205435.2173964542 296597.3746371694, 205424.9369802273 296594.5948171091, 205415.3853581826 296590.3731541909, 205408.2947638951 296579.0524625113, 205402.4771793984 296569.1748297651, 205393.8347793293 296566.0631889645, 205385.1046893393 296557.4042289065, 205355.0843417216 296545.4042611177, 205344.5313241505 296541.8477527969, 205334.7965095532 296539.5121407045, 205323.3344024249 296534.5128286749, 205312.2329241517 296535.1719638506, 205301.0410412081 296534.8325501071, 205285.5718599026 296535.6001005057, 205273.8342159051 296534.9275645445, 205255.5463359517 296532.1432646288, 205242.3526113688 296531.802758744, 205228.0658833082 296533.3477126987, 205218.6008013452 296536.5596570041, 205206.4009627629 296548.4237829047, 205196.481198028 296551.191706279, 205184.197358978 296550.962754482, 205166.0899455623 296550.8414312454, 205156.2593509926 296556.8268692879, 205141.7879132157 296563.2534562429, 205130.6850340107 296566.4645602759, 205116.5821876505 296564.7923755429, 205104.3044486128 296553.801822454, 205096.0233338251 296555.2394366057, 205086.1948528603 296557.5637506184, 205073.0935853691 296554.6717976081, 205061.9917153147 296556.1078586458, 205048.5262206105 296553.6595191147, 205040.5203830189 296550.9923546902, 205028.6016216149 296548.7667994411, 205017.3178900601 296549.9809231249, 204995.5687532966 296553.5191204311, 204982.0066742237 296561.1668668413, 204969.3568599487 296564.5992067699, 204954.1606745332 296565.4784205596, 204942.6941394349 296568.2457741389, 204941.2327399643 296578.3410146279, 204939.5885101174 296589.9893924929, 204937.9414329077 296606.852207935, 204935.7488972794 296622.827161867, 204934.560367562 296633.1444444098, 204931.0919658143 296652.7799047652, 204929.9012646141 296667.0912256472, 204924.8900331621 296679.4034430657, 204916.6924414197 296694.8204023425, 204913.53061283744 296703.86774169846)"
TRAIL-294,금정로 75,금정로 75-4,204913.53061283744,296703.86774169846,205126.6344899051,297508.54435797426,129.05400030527196,35.26687256310085,129.05634736411645,35.27412438928987,957.635898085835,"LINESTRING (204913.53061283744 296703.86774169846, 204911.49787373 296709.6842747737, 204905.0320463857 296719.7768023669, 204899.9284424525 296734.7516768937, 204892.1849332886 296751.9440343981, 204884.0779730833 296768.2486380968, 204876.247127774 296778.7842309173, 204869.4158737289 296791.7611714106, 204863.5872002698 296801.6321823233, 204859.1202207918 296817.3840432674, 204855.9307496161 296826.3689158817, 204863.2970799711 296833.473395129, 204864.656004569 296844.4577357022, 204863.4669871055 296855.884486003, 204852.0958325074 296851.2186551985, 204839.9937181266 296852.2106695262, 204829.3489780824 296850.318895385, 204829.6173170798 296858.9727912207, 204830.5234106064 296866.0737907406, 204848.526575367 296889.71484202, 204852.4339713769 296899.2582584244, 204855.1567157095 296912.1294061104, 204854.4233777591 296922.2250571292, 204854.1424786729 296936.980664948, 204855.5019355464 296946.9664961077, 204855.9507311509 296958.3941300652, 204853.9427866599 296969.9313886656, 204855.4842147519 296979.9173181563, 204858.7496930567 296998.6688754321, 204867.0254588755 297006.3285770915, 204875.753392898 297019.0920268514, 204875.2891087218 297036.3992853443, 204876.3771829084 297043.3894441304, 204887.8330035085 297059.2608563244, 204891.010764416 297071.7994276746, 204892.0060315723 297082.1179058909, 204892.4563972003 297090.5500141672, 204898.002204474 297098.6520488017, 204901.0906370005 297108.0840996116, 204907.5439401574 297120.5135109656, 204911.6309131326 297134.1620409855, 204912.4401322149 297151.9137759529, 204909.9778908995 297162.2303767357, 204912.155764114 297172.8823386677, 204917.244639286 297184.5343967686, 204927.3374197776 297196.7439156879, 204931.4263886182 297206.6203069164, 204935.6971377949 297216.8296363525, 204941.4210344949 297231.8104243464, 204949.6037059073 297242.7985221369, 204955.6020412025 297255.0058299529, 204963.7860773548 297263.4421926938, 204971.4211939877 297277.3145958047, 204972.8710262201 297288.0771190946, 204978.9624874903 297296.2904523819, 204988.8735191182 297307.7233228928, 204994.3272621764 297317.3786075212, 205002.602374503 297325.4822199063, 205013.6057733504 297335.8062673225, 205017.602613565 297347.4577787691, 205028.6055358364 297358.5584640251, 205040.7903569402 297371.2130616569, 205049.7940569533 297377.8748317386, 205064.4372544057 297387.2024682182, 205071.8940085777 297394.1962297335, 205079.6163982814 297414.170786732, 205085.250759432 297425.9341969273, 205087.6999987396 297438.9162172496, 205090.8787864448 297448.9031174555, 205096.6943884565 297461.8870398106, 205107.1497946012 297475.4283182933, 205114.4203909755 297489.6334781415, 205126.6344899051 297508.54435797426)"
TRAIL-295,금정로 75,금정로 75-5,205126.6344899051,297508.54435797426,204543.11146730336,297488.2378783115,129.05634736411645,35.27412438928987,129.04993369286362,35.273944175456265,957.6358980858098,"LINESTRING (205126.6344899051 297508.54435797426, 205126.9650018529 297509.0560839529, 205132.783036455 297517.6022059114, 205136.9611649302 297530.030496471, 205141.2272943099 297547.6732854956, 205143.6772415707 297559.2130303107, 205148.4016076867 297570.9759642701, 205158.2226622963 297579.746278885, 205167.4061894722 297589.6256960616, 205174.7694885349 297600.5025901308, 205185.4998560466 297610.0500759727, 205195.5928828025 297620.3738276105, 205205.6853745976 297631.5851558532, 205212.0490156134 297640.3535367635, 205217.0465784719 297651.4509919607, 205207.3095999909 297654.8846856502, 205196.4793217961 297660.9804567686, 205185.4664586878 297668.1855928624, 205176.0010538419 297674.0602814444, 205166.8095568313 297678.2709514805, 205155.9807916881 297681.8150213929, 205141.420680126 297687.3540005023, 205130.9549133273 297692.5624925281, 205119.3975150151 297697.5484861333, 205110.8415516074 297704.2003788455, 205100.0087650257 297714.9559835077, 205088.4547273753 297714.0618971286, 205076.9924169372 297711.8365288646, 205061.4372772775 297707.2790197552, 205050.7924743337 297707.384002705, 205041.7840846419 297709.7088258661, 205030.4140982345 297705.0427632417, 205019.1345873123 297701.2643307896, 205008.4869460297 297706.4728636433, 204997.6599971755 297706.9106452488, 204986.1100454811 297698.5833312279, 204974.5573210048 297695.2485863815, 204963.0059910593 297689.3621063982, 204949.6317422396 297689.4657083424, 204928.7123214613 297678.1378017946, 204915.3386002307 297677.2429437397, 204900.6005227703 297675.6816905854, 204890.9560550092 297676.5640249987, 204882.2245195061 297671.6776881426, 204869.762270727 297667.6769117068, 204856.7540644591 297663.786804422, 204846.7479276336 297660.4530557686, 204827.3681690545 297661.8849643736, 204813.4523134446 297653.889444233, 204807.2714987316 297642.7915830221, 204798.5409469743 297635.908305928, 204790.3541511348 297633.0193700509, 204776.7987977579 297631.348001367, 204765.9721219657 297631.1203870783, 204757.1509552413 297623.4604826833, 204743.8726658873 297613.9121671617, 204727.5027129734 297601.0338816981, 204716.0420255809 297595.2587121741, 204714.6823397866 297585.6057293047, 204709.7739474263 297576.727514123, 204704.867106717 297564.8537697911, 204701.78018686 297552.4262478434, 204702.9653260077 297547.8780933697, 204698.8721623295 297545.8789399664, 204688.6819126517 297546.3174238141, 204676.3987261101 297547.420508577, 204660.9337404372 297543.5294121703, 204648.7467924264 297534.4255842412, 204639.7443791355 297524.9905722503, 204629.3762973701 297517.3299992896, 204615.6386620946 297515.8806710417, 204605.6317065119 297513.6566468544, 204595.6258191904 297509.3246670367, 204585.1633743785 297508.209890159, 204575.5197713322 297507.0955404265, 204563.2398545002 297501.6529877728, 204555.9644255636 297495.3254111665, 204544.8682079501 297487.9974052297, 204543.11146730336 297488.2378783115)"
TRAIL-296,금정로 75,금정로 75-6,204543.11146730336,297488.2378783115,204162.73976275674,296978.87899462535,129.04993369286362,35.273944175456265,129.04575041761044,35.26935475960296,957.635898085856,"LINESTRING (204543.11146730336 297488.2378783115, 204538.4079761157 297488.8817200892, 204526.3109237856 297481.5532339404, 204515.1232937204 297475.0018384165, 204514.7663531453 297461.0225095087, 204523.4163697825 297447.8243092004, 204532.9729033284 297441.2833105641, 204535.798349109 297431.4105684677, 204541.8995443316 297420.8738011683, 204547.7273556093 297411.2244654397, 204548.7340459627 297399.5756816893, 204549.0151039576 297383.4887075625, 204553.4798650777 297370.5103205912, 204570.0466061981 297355.4300877348, 204578.1481414265 297347.667999346, 204581.61224582 297334.467228241, 204597.4535963489 297314.7269623908, 204591.9984117705 297307.0689385345, 204586.1819278007 297294.1962908065, 204580.5462712986 297283.5426510155, 204572.5429105969 297276.9928028217, 204561.5388242634 297266.8911856893, 204548.0752057077 297262.5575141363, 204539.3452040769 297253.4555807249, 204537.7124325991 297243.580601293, 204534.0801505725 297229.3777394841, 204527.0788289808 297220.2766868295, 204518.2575574424 297211.6185110909, 204500.2504118255 297195.5224056454, 204488.7002847317 297185.3096610294, 204477.4201733772 297180.9771815257, 204468.5969486861 297176.0912039837, 204455.2240268025 297171.9796078313, 204448.944347064 297175.3048786601, 204428.2967728623 297162.5359846502, 204421.7501697723 297153.5461834637, 204416.0236790226 297142.005039889, 204410.3877265111 297131.3515090388, 204397.9286847399 297118.8085806853, 204388.7441602439 297108.2642813934, 204383.1069694236 297100.0515702238, 204377.3787814551 297091.8388185677, 204369.101659315 297086.2875304905, 204361.7339681807 297081.6242539548, 204345.9966904402 297074.4052025226, 204337.9009742033 297069.9634862603, 204327.7126518825 297065.2988828209, 204317.6164204661 297058.3044780648, 204306.245398761 297053.3064967386, 204297.7870151551 297046.0910045565, 204288.6914425818 297039.4299455049, 204275.8659478496 297031.5467272397, 204259.762260782 297029.2092580138, 204247.9364414447 297023.7673536328, 204242.935149102 297017.3301594305, 204234.1124702341 297010.6692840017, 204228.1112825078 297002.1236637289, 204222.5668907894 296989.5842212622, 204211.5606134383 296982.589510554, 204201.5482691834 296990.4619798215, 204191.081672782 296996.8919571766, 204166.1478811615 297003.6480959001, 204155.5913589115 297007.8591618613, 204146.2178393269 297011.7379467192, 204130.6599592108 297009.5119041649, 204120.1949544061 297012.6135978335, 204109.3668141701 297013.9400094526, 204102.4564901331 297003.5079846477, 204099.3661298025 296996.4060655337, 204112.5574976024 297000.5170501952, 204123.4768449113 296998.7469018493, 204133.4002064091 296986.3255376487, 204144.8658083961 296983.8899919752, 204161.8824515593 296979.7928347755, 204162.73976275674 296978.87899462535)"
TRAIL-297,금정로 75,금정로 75-7,204162.73976275674,296978.87899462535,204537.57612969223,296255.83569291956,129.04575041761044,35.26935475960296,129.0498660465324,35.262836028114734,957.6358980857904,"LINESTRING (204162.73976275674 296978.87899462535, 204171.3498696041 296969.7011589015, 204175.7216094294 296960.3837537095, 204181.2760520687 296951.399735042, 204192.6503624222 296949.7408266452, 204204.5700903092 296949.1916420228, 204217.2163789119 296951.5273967007, 204229.4990717058 296953.0863799366, 204238.321810324 296959.7472502302, 204248.3323413392 296955.8688608859, 204266.9848289448 296956.0995480834, 204277.265502976 296958.2123781244, 204294.189419781 296957.9985205922, 204307.0191843171 296957.1170674567, 204318.1235175069 296949.2452375673, 204330.2282103868 296942.4833566038, 204339.0565903867 296937.2731544075, 204344.7932403309 296928.178378421, 204346.7104091566 296914.8658358869, 204344.9873373364 296902.993833483, 204341.5345113955 296893.1180194032, 204337.2651220188 296878.3602108509, 204335.8140391864 296868.485361167, 204332.6342641366 296858.3877910943, 204333.4603026567 296843.5214861703, 204335.1030656706 296833.2043404453, 204344.2040968153 296828.8818391204, 204351.577992263 296821.1192030383, 204357.5969072184 296792.9419424054, 204357.1481682405 296780.0720452697, 204357.6983920528 296771.1966691743, 204364.9816241101 296762.8792732733, 204369.3536099449 296753.6729099247, 204374.0004031752 296740.6945344094, 204378.3817160758 296712.2946066705, 204377.7502139485 296701.0888040261, 204383.5775048032 296693.103554632, 204390.5883900961 296683.6765929551, 204398.0536510602 296675.4702586903, 204407.4303899236 296665.9335174665, 204412.6210619563 296657.3932489319, 204422.0871962916 296651.1849318425, 204426.4667997798 296626.6681224943, 204432.1138320639 296615.3544519477, 204431.3904177335 296606.1456208543, 204437.7717836825 296581.8516921514, 204443.6038451896 296564.4361186126, 204449.6150163337 296552.900748207, 204462.1730528312 296550.6880354913, 204468.9102198137 296543.1470743158, 204473.8299667692 296530.7236163843, 204489.9409978788 296519.9699012888, 204497.3194147641 296503.886478604, 204512.2556524352 296477.0451247266, 204511.5324747553 296467.5034527115, 204513.6356326462 296446.8686462151, 204515.6449215017 296432.0029581149, 204519.0169013943 296421.5757711908, 204525.1165332453 296415.4768251931, 204527.6727566712 296398.7253416766, 204529.6806879068 296386.6332935074, 204529.505823015 296372.4321871797, 204530.6063803487 296355.2361936971, 204538.3458592149 296345.3659346415, 204536.8983095265 296328.7233896163, 204534.6315788819 296312.5242156458, 204534.0011886493 296299.4323365116, 204535.9172078273 296289.2263178595, 204537.2912185829 296271.1429011263, 204537.7528841855 296257.8296804124, 204537.57612969223 296255.83569291956)"
TRAIL-298,금정로 75,금정로 75-8,204537.57612969223,296255.83569291956,204674.8440686187,295453.6565916215,129.0498660465324,35.262836028114734,129.05137,35.255604999999996,957.6358980858624,"LINESTRING (204537.57612969223 296255.83569291956, 204536.8480590668 296247.6222455888, 204537.9451328485 296237.4158167502, 204535.58810954 296219.7743087942, 204532.1380131362 296204.3511618791, 204531.5107846328 296184.9353973404, 204526.8753260993 296174.2823117687, 204522.6966157911 296160.0792039945, 204525.7083886852 296142.3294455876, 204523.9868477283 296127.5728425304, 204518.8044267526 296118.8055601393, 204512.0750504111 296110.037507835, 204507.4394196004 296099.6063242598, 204514.9075427527 296086.8513325184, 204522.3749091917 296075.6495824861, 204524.472901075 296065.5546012941, 204529.3053801194 296046.3634686191, 204533.678268929 296036.3805765598, 204539.8726814469 296023.29213103, 204539.3324948795 296011.7535380964, 204541.8853982068 296001.8806813101, 204544.7144832512 295985.6840769255, 204547.7222787152 295976.0333418531, 204552.7327127648 295965.0522725299, 204556.2911592071 295946.1933510232, 204554.9315542311 295935.5419081937, 204555.3936537054 295921.4520775256, 204560.4965265593 295907.6974254552, 204573.9686784477 295899.1614439281, 204569.6090946786 295882.6283758553, 204567.2496828677 295869.6465735163, 204570.0758790409 295859.3300833992, 204581.2695818475 295857.7825190909, 204589.8208684443 295863.0012931868, 204612.4805936601 295861.2377109178, 204623.8566408522 295859.024620259, 204634.5060652639 295854.1484820924, 204646.4300636962 295848.1635583924, 204654.1693595145 295839.7356949355, 204662.7294416395 295827.8689554389, 204668.7447075437 295809.8989132543, 204666.021533848 295796.6950075812, 204661.6581748881 295787.7061800734, 204651.1077701998 295776.8280955142, 204661.5727863721 295776.8334905772, 204648.9284494209 295767.7294540422, 204648.0255837886 295753.8608196628, 204645.0260519603 295747.0916098636, 204649.8558720453 295733.8915978456, 204658.9639984007 295718.2529967218, 204663.5200496456 295706.6060861988, 204666.8016978403 295695.7351370436, 204674.1780000411 295685.6429246864, 204681.6445148047 295677.1040000595, 204692.9335565601 295667.6795041921, 204698.9455833052 295656.2552595797, 204695.7693028734 295639.389916084, 204695.1385781973 295627.2965464248, 204690.0503204832 295612.2053373916, 204684.4170121493 295595.2277782774, 204680.4197090407 295582.1341572033, 204682.0637277236 295570.5966951364, 204689.8938356102 295563.0564750405, 204696.0890862854 295549.4134188678, 204697.6416090204 295538.8744204899, 204697.1962887527 295520.2353750919, 204690.6495656412 295509.6921679009, 204683.3752063768 295498.3719711457, 204675.744569478 295472.0739789718, 204674.8440686187 295453.6565916215)"
TRAIL-299,금정로 76,금정로 76-1,205911.6739085045,296348.3041638445,206775.66396827187,296514.3391673522,129.06496745876052,35.26366232134845,129.0744638034174,35.26515339614582,1044.2963606680255,"LINESTRING (205911.6739085045 296348.3041638445, 205918.6392648437 296347.496455824, 205927.4645570134 296349.2773720838, 205941.0225018325 296349.6191180459, 205954.3036585331 296355.7298670211, 205966.3102179126 296362.8383027807, 205975.2256724831 296365.8397257294, 205986.2314134258 296372.7256349921, 205997.7853864353 296376.1726117211, 206015.7958655177 296385.7259041323, 206027.8079650796 296384.4025684761, 206035.3556502335 296391.6190667647, 206043.2681156096 296397.6154151476, 206055.5518460311 296398.2893170721, 206081.845569978 296403.5214258636, 206091.7625517139 296405.5251293273, 206106.4110567887 296407.7539330093, 206117.697670417 296402.769024967, 206129.4379858314 296399.6705124222, 206141.263418001 296405.2258217511, 206155.6421821201 296402.68386548, 206163.2914963695 296394.1462798051, 206168.8489477709 296384.1649800008, 206169.948987226 296372.2945637365, 206167.2213597816 296369.0752812242, 206165.6827153565 296356.9811720397, 206173.4156392391 296359.3163104843, 206184.3310790648 296364.9819992635, 206192.9689117019 296374.6401767958, 206203.1538531443 296383.9665889075, 206214.0694735852 296389.2994775737, 206226.713736412 296394.9664078025, 206237.085052254 296397.8581481595, 206256.0993959333 296402.7529031715, 206265.2051701549 296393.5507397845, 206278.7629595996 296394.0039383954, 206284.402267692 296397.3362261733, 206291.6761374829 296405.4403127373, 206301.6820518384 296410.3288918516, 206312.8696328778 296416.9934361759, 206328.0581188385 296427.6548354855, 206340.7937955639 296432.5453715491, 206360.9036837144 296432.1157327346, 206377.5580124101 296428.5772233301, 206389.8398710431 296431.8033255104, 206401.8499201561 296433.3650690972, 206411.7701074097 296430.7094152027, 206422.9682355177 296422.3964601977, 206428.0736733633 296408.6428502615, 206429.9005801156 296398.7700010264, 206433.0935072826 296387.3448883156, 206437.6495352582 296378.4724950579, 206448.5723133167 296373.5986864567, 206460.943310645 296379.4876406519, 206468.673755199 296385.1513955019, 206474.9455021398 296394.6972036221, 206483.5862619842 296399.8068966564, 206492.4116320086 296401.255529052, 206505.3312432564 296403.3727916691, 206511.4289512552 296401.8239494091, 206518.3383185845 296410.3717382501, 206522.9717886213 296420.3601798471, 206522.7825886779 296430.3451391163, 206531.1427639653 296445.8835536267, 206538.6034212873 296446.9984078886, 206548.1579708713 296446.672494772, 206560.4382935675 296451.8958474228, 206573.9017574229 296456.7872415475, 206586.8230507308 296456.4638209868, 206597.7446806209 296453.1434286838, 206609.3914234796 296453.7066733904, 206620.6718326032 296457.4870845529, 206634.5009404967 296460.0489813433, 206646.1483255106 296459.7247098061, 206658.1538764632 296467.2778493141, 206666.3399071867 296471.8326552679, 206681.8953870288 296477.7242651143, 206698.9992922085 296481.5090854758, 206712.0067650487 296487.6207484999, 206722.1922827804 296495.2835665365, 206734.5641767078 296499.5087151459, 206744.6614866133 296503.3993449406, 206748.9379016352 296503.7353767041, 206766.1297297517 296511.5144293661, 206775.66396827187 296514.3391673522)"
TRAIL-300,금정로 76,금정로 76-2,206775.66396827187,296514.3391673522,207748.7183693031,296561.5639786662,129.0744638034174,35.26515339614582,129.085158,35.265572,1044.296360668011,"LINESTRING (206775.66396827187 296514.3391673522, 206792.7846842726 296519.4115742082, 206802.882448466 296522.6365964664, 206817.5276586629 296528.7496461413, 206830.810227145 296531.8661592756, 206845.2735867582 296537.757225474, 206860.4663843381 296541.6518494004, 206871.3804987217 296548.2059349421, 206882.936110282 296548.7694635103, 206891.8496388095 296553.6578660631, 206902.4005949393 296559.1022566998, 206919.5034892292 296563.8860048697, 206927.3238001019 296570.4377881384, 206937.1473749911 296575.1050427846, 206951.6155502197 296574.5614419606, 206964.0820713329 296573.7944292382, 206978.2742730324 296577.1337524561, 206998.4678996684 296585.6921882776, 207012.2045070227 296589.8078307159, 207029.2212163833 296588.2678237994, 207038.2340937205 296582.2837847014, 207045.9716216574 296578.1848337163, 207055.4297718589 296584.627060942, 207065.8023426899 296585.300844941, 207076.7206032688 296586.3079051679, 207087.9102698805 296589.3122115989, 207102.6562077435 296582.6670654254, 207118.0334274497 296583.2339018728, 207141.6910088817 296583.6963642214, 207155.7103776125 296575.3865467089, 207168.9123396734 296565.1900276273, 207179.4736132303 296557.4322300683, 207189.8472664597 296556.7748107293, 207206.0473516188 296552.4608479413, 207222.0675084156 296545.5950226444, 207237.8987681394 296547.382827265, 207250.9047139205 296554.8266136341, 207263.9184922223 296552.5072164977, 207278.2967158734 296550.7436655578, 207291.584738639 296546.8712915991, 207303.5112062108 296538.8928504222, 207313.0709893176 296532.0219635009, 207325.6339040057 296524.7097403898, 207328.5471992333 296522.8260299863, 207330.0029016688 296523.0491026392, 207341.012381877 296523.8346651774, 207349.926049357 296528.2797381627, 207365.2098207722 296531.9533946902, 207379.0455869918 296525.9736306955, 207389.4172032579 296527.8681865613, 207401.7020240902 296526.8797380354, 207419.9874382874 296531.8872948897, 207434.3596058731 296537.5573395108, 207446.5530601032 296537.0126590075, 207455.7429380873 296537.4640244682, 207468.2084537756 296538.0290534034, 207481.4057686558 296533.9349924753, 207493.3291992559 296529.8398936207, 207502.5227695241 296525.8534875199, 207517.3535526002 296527.0862231049, 207528.3617171821 296529.4252508171, 207530.2696935539 296532.8661539987, 207539.5479705563 296536.4241540821, 207555.9256041036 296537.6582447891, 207567.5730178407 296537.2242163492, 207580.7654427948 296539.0104110659, 207592.5942813492 296539.2422405733, 207613.7956271457 296539.1491467979, 207620.3419376026 296545.2566748029, 207626.157957686 296554.1372299139, 207629.1520814078 296564.3467510568, 207639.8886032851 296565.0215020533, 207650.168470502 296567.6928991147, 207662.0862851597 296570.2547520578, 207672.9161467032 296568.1559823673, 207685.8373236642 296567.8341345665, 207696.1197273378 296567.5100558129, 207707.8581966986 296566.9653404258, 207717.6903823386 296561.093623531, 207727.2474200912 296557.7734299388, 207735.7987967009 296559.9996632296, 207748.7183693031 296561.5639786662)"
