{
  "type": "FeatureCollection",
  "features": [
    {
      "type": "Feature",
      "properties": {
        "source": "generated-from-trails-and-rockfall",
        "backendUrl": "http://localhost:8080",
        "concavity": 2.2,
        "lengthThreshold": 0,
        "pointCount": 12000,
        "generatedAt": "2025-12-14T03:38:11.498Z"
      },
      "geometry": {
        "type": "Polygon",
        "coordinates": [
          [
            [
              128.99419800000004,
              35.194952
            ],
            [
              128.994174,
              35.195147999999996
            ],
            [
              128.99429200000003,
              35.195229000000005
            ],
            [
              128.994333,
              35.195318
            ],
            [
              128.994435,
              35.195399
            ],
            [
              128.994517,
              35.195485
            ],
            [
              128.99458,
              35.19561
            ],
            [
              128.994629,
              35.195693000000006
            ],
            [
              128.994678,
              35.19580299999999
            ],
            [
              128.994697,
              35.19596800000001
            ],
            [
              128.994713,
              35.196058
            ],
            [
              128.994753,
              35.196155
            ],
            [
              128.994727,
              35.196343000000006
            ],
            [
              128.994734,
              35.196553
            ],
            [
              128.994802,
              35.19667
            ],
            [
              128.994984,
              35.196753
            ],
            [
              128.995069,
              35.196848
            ],
            [
              128.995201,
              35.196894
            ],
            [
              129.024872,
              35.213565
            ],
            [
              129.024885,
              35.21358699999999
            ],
            [
              129.024987,
              35.213598000000005
            ],
            [
              129.025166,
              35.21363199999999
            ],
            [
              129.025299,
              35.213638
            ],
            [
              129.025433,
              35.21364100000001
            ],
            [
              129.025562,
              35.213615000000004
            ],
            [
              129.025778,
              35.213936
            ],
            [
              129.025675,
              35.213986000000006
            ],
            [
              129.025589,
              35.214051999999995
            ],
            [
              129.025455,
              35.214143
            ],
            [
              129.02535,
              35.21425099999999
            ],
            [
              129.025256,
              35.214351
            ],
            [
              129.025197,
              35.214489
            ],
            [
              129.025183,
              35.21460799999999
            ],
            [
              129.025263,
              35.214726
            ],
            [
              129.025369,
              35.21481
            ],
            [
              129.025501,
              35.214926
            ],
            [
              129.025619,
              35.215026
            ],
            [
              129.025743,
              35.215126000000005
            ],
            [
              129.025837,
              35.215241000000006
            ],
            [
              129.025935,
              35.215337999999996
            ],
            [
              129.026006,
              35.215450000000004
            ],
            [
              129.026072,
              35.215569
            ],
            [
              129.026164,
              35.215635000000006
            ],
            [
              129.026322,
              35.21570299999999
            ],
            [
              129.022796,
              35.227522
            ],
            [
              129.022672,
              35.227492000000005
            ],
            [
              129.022519,
              35.227477
            ],
            [
              129.022411,
              35.22744200000001
            ],
            [
              129.022268,
              35.227499
            ],
            [
              129.022166,
              35.227604
            ],
            [
              129.022108,
              35.227663
            ],
            [
              129.022082,
              35.227759
            ],
            [
              129.022062,
              35.227863
            ],
            [
              129.02193,
              35.227989
            ],
            [
              129.021789,
              35.22803100000001
            ],
            [
              129.021655,
              35.22810799999999
            ],
            [
              129.021473,
              35.228242
            ],
            [
              129.021258,
              35.228359
            ],
            [
              129.021155,
              35.228414
            ],
            [
              129.021065,
              35.22847899999999
            ],
            [
              129.020965,
              35.228584
            ],
            [
              129.02082000000001,
              35.228641
            ],
            [
              129.020705,
              35.22865199999999
            ],
            [
              129.020559,
              35.228722
            ],
            [
              129.020474,
              35.228768
            ],
            [
              129.02029,
              35.228926
            ],
            [
              129.02017,
              35.22896300000001
            ],
            [
              129.019933,
              35.229051
            ],
            [
              129.019853,
              35.229057
            ],
            [
              129.019786,
              35.229106
            ],
            [
              129.019715,
              35.22917699999999
            ],
            [
              129.019619,
              35.22925
            ],
            [
              129.01937,
              35.229367
            ],
            [
              129.019211,
              35.22939099999999
            ],
            [
              129.019074,
              35.229432
            ],
            [
              129.018995,
              35.229526
            ],
            [
              129.01885500000003,
              35.22957
            ],
            [
              129.018768,
              35.229569000000005
            ],
            [
              129.018684,
              35.229622000000006
            ],
            [
              129.018437,
              35.2296
            ],
            [
              129.018276,
              35.22964
            ],
            [
              129.018159,
              35.229607
            ],
            [
              129.017946,
              35.229443
            ],
            [
              129.01786800000002,
              35.229528
            ],
            [
              129.017773,
              35.229586
            ],
            [
              129.017667,
              35.22972299999999
            ],
            [
              129.0175,
              35.229768
            ],
            [
              129.017206,
              35.229914
            ],
            [
              129.017158,
              35.229969000000004
            ],
            [
              129.0170968328919,
              35.23004154706786
            ],
            [
              129.017072,
              35.230071
            ],
            [
              129.016989,
              35.23013499999999
            ],
            [
              129.016991,
              35.23023100000001
            ],
            [
              129.016932,
              35.230323
            ],
            [
              129.016846,
              35.23046699999999
            ],
            [
              129.016796,
              35.230645
            ],
            [
              129.016869,
              35.230742
            ],
            [
              129.016929,
              35.230893
            ],
            [
              129.016954,
              35.231043
            ],
            [
              129.016961,
              35.23128
            ],
            [
              129.017021,
              35.231423000000014
            ],
            [
              129.017034,
              35.231535
            ],
            [
              129.017069,
              35.23165000000001
            ],
            [
              129.01737700000004,
              35.23215
            ],
            [
              129.017383,
              35.232267
            ],
            [
              129.017366,
              35.232356
            ],
            [
              129.017392,
              35.232449
            ],
            [
              129.017445,
              35.23255
            ],
            [
              129.017483,
              35.232674
            ],
            [
              129.017529,
              35.23276800000001
            ],
            [
              129.017615,
              35.232889
            ],
            [
              129.017677,
              35.232999
            ],
            [
              129.017726,
              35.23311
            ],
            [
              129.017792,
              35.233246
            ],
            [
              129.017824,
              35.233328
            ],
            [
              129.017917,
              35.233505
            ],
            [
              129.01804,
              35.233607
            ],
            [
              129.018258,
              35.234143
            ],
            [
              129.018205,
              35.234242
            ],
            [
              129.018066,
              35.2343
            ],
            [
              129.017912,
              35.23428700000001
            ],
            [
              129.017845,
              35.234362999999995
            ],
            [
              129.017769,
              35.234489
            ],
            [
              129.017756,
              35.234480000000005
            ],
            [
              129.017615,
              35.234491999999996
            ],
            [
              129.0176,
              35.23454300000001
            ],
            [
              129.017461,
              35.234514000000004
            ],
            [
              129.017433,
              35.23443499999999
            ],
            [
              129.017275,
              35.234455
            ],
            [
              129.01714,
              35.234457
            ],
            [
              129.017033,
              35.234494
            ],
            [
              129.016897,
              35.234525
            ],
            [
              129.016776,
              35.23452100000001
            ],
            [
              129.016653,
              35.234543
            ],
            [
              129.016546,
              35.234553
            ],
            [
              129.016434,
              35.234576
            ],
            [
              129.016305,
              35.234593999999994
            ],
            [
              129.016192,
              35.2346
            ],
            [
              129.01603800000004,
              35.234677
            ],
            [
              129.016016,
              35.234627
            ],
            [
              129.015906,
              35.234635000000004
            ],
            [
              129.015786,
              35.234632
            ],
            [
              129.015597,
              35.234624000000004
            ],
            [
              129.015463,
              35.23458300000001
            ],
            [
              129.015249,
              35.234648
            ],
            [
              129.015072,
              35.234668000000006
            ],
            [
              129.015003,
              35.234678
            ],
            [
              129.014878,
              35.23474
            ],
            [
              129.01476,
              35.234717
            ],
            [
              129.014702,
              35.234797
            ],
            [
              129.014509,
              35.234877999999995
            ],
            [
              129.01441,
              35.23490600000001
            ],
            [
              129.014333,
              35.234974
            ],
            [
              129.014213,
              35.23508199999999
            ],
            [
              129.014616,
              35.234916
            ],
            [
              129.014734,
              35.234974
            ],
            [
              129.01484,
              35.23489000000001
            ],
            [
              129.015077,
              35.234808
            ],
            [
              129.015218,
              35.234775
            ],
            [
              129.015369,
              35.234746
            ],
            [
              129.015542,
              35.234733
            ],
            [
              129.015737,
              35.234733
            ],
            [
              129.015862,
              35.234719999999996
            ],
            [
              129.016213,
              35.234648
            ],
            [
              129.016396,
              35.234656
            ],
            [
              129.016501,
              35.234642
            ],
            [
              129.016611,
              35.234622
            ],
            [
              129.016719,
              35.234605
            ],
            [
              129.016881,
              35.23460200000001
            ],
            [
              129.017035,
              35.2346
            ],
            [
              129.01716800000003,
              35.234555
            ],
            [
              129.017351,
              35.234534000000004
            ],
            [
              129.017967,
              35.23458
            ],
            [
              129.018203,
              35.234652
            ],
            [
              129.018302,
              35.23469600000001
            ],
            [
              129.01842,
              35.234736
            ],
            [
              129.018646,
              35.23481900000001
            ],
            [
              129.018769,
              35.234835
            ],
            [
              129.018915,
              35.23485099999999
            ],
            [
              129.019027,
              35.234873
            ],
            [
              129.019276,
              35.234793
            ],
            [
              129.019401,
              35.234821
            ],
            [
              129.019493,
              35.234888
            ],
            [
              129.01961,
              35.234911
            ],
            [
              129.019742,
              35.234949
            ],
            [
              129.01984,
              35.23496200000001
            ],
            [
              129.019983,
              35.235043
            ],
            [
              129.020109,
              35.235097
            ],
            [
              129.02024,
              35.235138
            ],
            [
              129.02038,
              35.235205
            ],
            [
              129.020502,
              35.23530000000001
            ],
            [
              129.020592,
              35.235362
            ],
            [
              129.020673,
              35.23541999999999
            ],
            [
              129.020744,
              35.235496
            ],
            [
              129.020821,
              35.235584
            ],
            [
              129.020905,
              35.235665
            ],
            [
              129.020981,
              35.23575799999999
            ],
            [
              129.021052,
              35.235839
            ],
            [
              129.02110300000004,
              35.235826
            ],
            [
              129.021294,
              35.236041
            ],
            [
              129.021412,
              35.236093
            ],
            [
              129.021467,
              35.236173
            ],
            [
              129.021519,
              35.236259999999994
            ],
            [
              129.021558,
              35.236346999999995
            ],
            [
              129.021619,
              35.236469
            ],
            [
              129.021683,
              35.23659200000001
            ],
            [
              129.02177,
              35.236703
            ],
            [
              129.021832,
              35.23679099999999
            ],
            [
              129.021923,
              35.236892
            ],
            [
              129.021988,
              35.23697799999999
            ],
            [
              129.022075,
              35.237092
            ],
            [
              129.022131,
              35.23719
            ],
            [
              129.022192,
              35.237275999999994
            ],
            [
              129.022281,
              35.237399
            ],
            [
              129.022361,
              35.23752999999999
            ],
            [
              129.022425,
              35.237607999999994
            ],
            [
              129.022508,
              35.23774
            ],
            [
              129.02261,
              35.23784500000001
            ],
            [
              129.022666,
              35.237942
            ],
            [
              129.022735,
              35.23801900000001
            ],
            [
              129.02281,
              35.23814
            ],
            [
              129.022873,
              35.23822599999999
            ],
            [
              129.022938,
              35.238316
            ],
            [
              129.023015,
              35.238425
            ],
            [
              129.023079,
              35.23851700000001
            ],
            [
              129.02318700000004,
              35.23866
            ],
            [
              129.023243,
              35.238743
            ],
            [
              129.023304,
              35.238820000000004
            ],
            [
              129.023386,
              35.238964
            ],
            [
              129.018096,
              35.253482999999996
            ],
            [
              129.017983,
              35.253455
            ],
            [
              129.017842,
              35.25341100000001
            ],
            [
              129.017791,
              35.25342
            ],
            [
              129.017526,
              35.25339300000001
            ],
            [
              129.017404,
              35.25343
            ],
            [
              129.017254,
              35.253460999999994
            ],
            [
              129.017134,
              35.253473
            ],
            [
              129.016789,
              35.25334300000001
            ],
            [
              129.01664800000003,
              35.25330600000001
            ],
            [
              129.013662,
              35.252675
            ],
            [
              129.013694,
              35.25276600000001
            ],
            [
              129.013791,
              35.252863000000005
            ],
            [
              129.013882,
              35.25294699999999
            ],
            [
              129.014073,
              35.252946
            ],
            [
              129.014215,
              35.252950999999996
            ],
            [
              129.014346,
              35.252943
            ],
            [
              129.01445,
              35.25296
            ],
            [
              129.014511,
              35.252986
            ],
            [
              129.014597,
              35.253049
            ],
            [
              129.014682,
              35.25298599999999
            ],
            [
              129.014843,
              35.252998
            ],
            [
              129.014993,
              35.252967000000005
            ],
            [
              129.015261,
              35.253075
            ],
            [
              129.015246,
              35.25319100000001
            ],
            [
              129.015235,
              35.253287
            ],
            [
              129.015287,
              35.253372999999996
            ],
            [
              129.015411,
              35.253416
            ],
            [
              129.01552,
              35.253485
            ],
            [
              129.015767,
              35.25354999999999
            ],
            [
              129.016044,
              35.25355
            ],
            [
              129.016179,
              35.2535
            ],
            [
              129.016295,
              35.253471
            ],
            [
              129.016344,
              35.25338099999999
            ],
            [
              129.016532,
              35.25333100000001
            ],
            [
              129.016918,
              35.25341100000001
            ],
            [
              129.017002,
              35.253469
            ],
            [
              129.018066,
              35.25374999999999
            ],
            [
              129.018075,
              35.25385899999999
            ],
            [
              129.018118,
              35.25397
            ],
            [
              129.018147,
              35.254077
            ],
            [
              129.018309,
              35.25415799999999
            ],
            [
              129.01850300000004,
              35.254282
            ],
            [
              129.018614,
              35.254378
            ],
            [
              129.018698,
              35.25444499999999
            ],
            [
              129.018703,
              35.25453400000001
            ],
            [
              129.018728,
              35.254658000000006
            ],
            [
              129.018724,
              35.254747
            ],
            [
              129.018591,
              35.254816
            ],
            [
              129.018491,
              35.254895
            ],
            [
              129.018473,
              35.25503200000001
            ],
            [
              129.018444,
              35.255154000000005
            ],
            [
              129.018397,
              35.255242
            ],
            [
              129.018289,
              35.255404000000006
            ],
            [
              129.01817100000002,
              35.25556499999999
            ],
            [
              129.018099,
              35.255651
            ],
            [
              129.01808100000002,
              35.25574099999999
            ],
            [
              129.018309,
              35.25577799999999
            ],
            [
              129.018459,
              35.255796000000004
            ],
            [
              129.018551,
              35.255718
            ],
            [
              129.018715,
              35.25589299999999
            ],
            [
              129.018877,
              35.25587399999999
            ],
            [
              129.019,
              35.255894
            ],
            [
              129.019162,
              35.255914
            ],
            [
              129.019219,
              35.255987
            ],
            [
              129.019301740684,
              35.256020575957926
            ],
            [
              129.019357,
              35.256043
            ],
            [
              129.019488,
              35.256063000000005
            ],
            [
              129.019592,
              35.25617200000001
            ],
            [
              129.019698,
              35.25622700000001
            ],
            [
              129.019802,
              35.25629299999999
            ],
            [
              129.019901,
              35.256369
            ],
            [
              129.019988,
              35.25645600000001
            ],
            [
              129.02014,
              35.256551
            ],
            [
              129.020288,
              35.256597
            ],
            [
              129.020407,
              35.25656099999999
            ],
            [
              129.020602,
              35.256601999999994
            ],
            [
              129.020739,
              35.256635
            ],
            [
              129.020856,
              35.25668499999999
            ],
            [
              129.020993,
              35.256702
            ],
            [
              129.021244,
              35.256681
            ],
            [
              129.021338,
              35.256642
            ],
            [
              129.021509,
              35.256648000000006
            ],
            [
              129.02167,
              35.256653
            ],
            [
              129.021783,
              35.256688
            ],
            [
              129.021848,
              35.25661
            ],
            [
              129.021919,
              35.256517
            ],
            [
              129.022031,
              35.256460999999994
            ],
            [
              129.022202,
              35.256482
            ],
            [
              129.022396,
              35.25654
            ],
            [
              129.022603,
              35.256561
            ],
            [
              129.022769,
              35.256553
            ],
            [
              129.022907,
              35.256578000000005
            ],
            [
              129.023085,
              35.256591
            ],
            [
              129.023212,
              35.25657100000001
            ],
            [
              129.023296,
              35.256492
            ],
            [
              129.023528,
              35.256511
            ],
            [
              129.023643,
              35.256614
            ],
            [
              129.023728,
              35.256738000000006
            ],
            [
              129.02377,
              35.256801
            ],
            [
              129.023851,
              35.256735
            ],
            [
              129.023946,
              35.256695
            ],
            [
              129.024223,
              35.25664499999999
            ],
            [
              129.024301,
              35.256721
            ],
            [
              129.024427,
              35.256764
            ],
            [
              129.02457,
              35.256813
            ],
            [
              129.024735,
              35.25681399999999
            ],
            [
              129.024872,
              35.256856
            ],
            [
              129.024989,
              35.256915000000006
            ],
            [
              129.025205,
              35.256988
            ],
            [
              129.025393,
              35.25703599999999
            ],
            [
              129.025482,
              35.257076
            ],
            [
              129.02559,
              35.257143
            ],
            [
              129.025665,
              35.257245000000005
            ],
            [
              129.025675,
              35.25742399999999
            ],
            [
              129.025654,
              35.257518
            ],
            [
              129.025671,
              35.257638
            ],
            [
              129.02574600000003,
              35.257762
            ],
            [
              129.025908,
              35.257813999999996
            ],
            [
              129.026056,
              35.257811999999994
            ],
            [
              129.026183,
              35.257785
            ],
            [
              129.026264,
              35.257732
            ],
            [
              129.026417,
              35.257729999999995
            ],
            [
              129.026508,
              35.25775900000001
            ],
            [
              129.026569,
              35.257842000000004
            ],
            [
              129.026587,
              35.257974
            ],
            [
              129.02663,
              35.258076
            ],
            [
              129.026738,
              35.258152
            ],
            [
              129.026824,
              35.258222
            ],
            [
              129.026858,
              35.258320999999995
            ],
            [
              129.026951,
              35.258314
            ],
            [
              129.027072,
              35.258281000000004
            ],
            [
              129.02710702127666,
              35.25827960712881
            ],
            [
              129.027248,
              35.25827400000002
            ],
            [
              129.027374,
              35.258286000000005
            ],
            [
              129.02764,
              35.258394
            ],
            [
              129.027717,
              35.258457
            ],
            [
              129.027919,
              35.258555
            ],
            [
              129.028095,
              35.258594
            ],
            [
              129.02822700000002,
              35.258582
            ],
            [
              129.028439,
              35.25852900000001
            ],
            [
              129.028559,
              35.25847400000001
            ],
            [
              129.028647,
              35.25841299999999
            ],
            [
              129.028689,
              35.258323000000004
            ],
            [
              129.028755,
              35.258113
            ],
            [
              129.028863,
              35.258075999999996
            ],
            [
              129.02896,
              35.258029
            ],
            [
              129.029053,
              35.25795800000001
            ],
            [
              129.030532,
              35.25928
            ],
            [
              129.030456,
              35.259374
            ],
            [
              129.030422,
              35.259423
            ],
            [
              129.0304,
              35.259521
            ],
            [
              129.030393,
              35.259623
            ],
            [
              129.030376,
              35.25972800000001
            ],
            [
              129.030308,
              35.259813
            ],
            [
              129.030183,
              35.259995
            ],
            [
              129.030109,
              35.260124
            ],
            [
              129.030022,
              35.260169
            ],
            [
              129.0298,
              35.26037699999999
            ],
            [
              129.029696,
              35.260452
            ],
            [
              129.029672,
              35.26055900000001
            ],
            [
              129.029614,
              35.260716
            ],
            [
              129.029291,
              35.260864
            ],
            [
              129.02923,
              35.260939
            ],
            [
              129.02916500000003,
              35.26105900000001
            ],
            [
              129.029159,
              35.261136
            ],
            [
              129.029081,
              35.261236
            ],
            [
              129.028962,
              35.26133699999999
            ],
            [
              129.028864,
              35.261424
            ],
            [
              129.028878,
              35.26154499999999
            ],
            [
              129.02887,
              35.26166700000001
            ],
            [
              129.028837,
              35.26176399999999
            ],
            [
              129.028795,
              35.261851
            ],
            [
              129.028759,
              35.261948000000004
            ],
            [
              129.028761,
              35.26206
            ],
            [
              129.028669,
              35.262116
            ],
            [
              129.028576,
              35.262396
            ],
            [
              129.028483,
              35.26247899999999
            ],
            [
              129.02839500000002,
              35.262518
            ],
            [
              129.028189,
              35.26276
            ],
            [
              129.028117,
              35.26269
            ],
            [
              129.028047,
              35.26261699999999
            ],
            [
              129.028006,
              35.262681
            ],
            [
              129.027964,
              35.26278099999999
            ],
            [
              129.027901,
              35.26285500000001
            ],
            [
              129.027796,
              35.26315499999999
            ],
            [
              129.027637,
              35.263197
            ],
            [
              129.027548,
              35.263311
            ],
            [
              129.027317,
              35.263328
            ],
            [
              129.027287,
              35.263397
            ],
            [
              129.026472,
              35.263236
            ],
            [
              129.026361,
              35.263259
            ],
            [
              129.026236,
              35.263295
            ],
            [
              129.026134,
              35.26331700000001
            ],
            [
              129.026039,
              35.26337100000001
            ],
            [
              129.025935,
              35.263421
            ],
            [
              129.02579,
              35.263453
            ],
            [
              129.025659,
              35.263518
            ],
            [
              129.025556,
              35.263588000000006
            ],
            [
              129.025422,
              35.26362
            ],
            [
              129.025317,
              35.263639
            ],
            [
              129.025135,
              35.263578
            ],
            [
              129.025,
              35.263546
            ],
            [
              129.024849,
              35.26351
            ],
            [
              129.02455,
              35.26355699999999
            ],
            [
              129.024418,
              35.26359
            ],
            [
              129.024328,
              35.263664000000006
            ],
            [
              129.024285,
              35.263794
            ],
            [
              129.024131,
              35.263861
            ],
            [
              129.024033,
              35.263957000000005
            ],
            [
              129.023969,
              35.264022
            ],
            [
              129.023784,
              35.264013999999996
            ],
            [
              129.023594,
              35.263973
            ],
            [
              129.02348,
              35.263962
            ],
            [
              129.02336,
              35.263957000000005
            ],
            [
              129.023219,
              35.263904
            ],
            [
              129.023146,
              35.263969
            ],
            [
              129.022913,
              35.26403599999999
            ],
            [
              129.022801,
              35.263988
            ],
            [
              129.022727,
              35.263928
            ],
            [
              129.022631,
              35.263922
            ],
            [
              129.022638,
              35.264096
            ],
            [
              129.022619,
              35.264193
            ],
            [
              129.022631,
              35.264343
            ],
            [
              129.022669,
              35.264429
            ],
            [
              129.022692,
              35.264517
            ],
            [
              129.022794,
              35.264599000000004
            ],
            [
              129.022806,
              35.264701
            ],
            [
              129.022793,
              35.264857
            ],
            [
              129.022822,
              35.264938
            ],
            [
              129.022785,
              35.265018
            ],
            [
              129.022766,
              35.265144
            ],
            [
              129.022526,
              35.265147
            ],
            [
              129.022358,
              35.265165999999994
            ],
            [
              129.022242,
              35.26520399999999
            ],
            [
              129.020595,
              35.266719
            ],
            [
              129.02089400000003,
              35.266828
            ],
            [
              129.021166,
              35.266949000000004
            ],
            [
              129.021402,
              35.267026
            ],
            [
              129.021689,
              35.26699100000001
            ],
            [
              129.021977,
              35.26696199999999
            ],
            [
              129.022236,
              35.266967
            ],
            [
              129.022465,
              35.26703700000001
            ],
            [
              129.022604,
              35.267172
            ],
            [
              129.022631,
              35.267523
            ],
            [
              129.022851,
              35.267655000000005
            ],
            [
              129.022997,
              35.267871
            ],
            [
              129.023132,
              35.268059
            ],
            [
              129.023273,
              35.26824799999999
            ],
            [
              129.02344,
              35.268408
            ],
            [
              129.023563,
              35.268595
            ],
            [
              129.023795,
              35.268737
            ],
            [
              129.024,
              35.268843
            ],
            [
              129.02409,
              35.268776
            ],
            [
              129.024508,
              35.26864
            ],
            [
              129.024742,
              35.268712
            ],
            [
              129.024963,
              35.268916
            ],
            [
              129.025114,
              35.269013
            ],
            [
              129.025299,
              35.26920199999999
            ],
            [
              129.025455,
              35.269307
            ],
            [
              129.024839,
              35.26989300000001
            ],
            [
              129.024957,
              35.269835
            ],
            [
              129.025045,
              35.270109999999995
            ],
            [
              129.025143,
              35.270284000000004
            ],
            [
              129.02496,
              35.27070500000001
            ],
            [
              129.02487,
              35.270763
            ],
            [
              129.025124,
              35.270809
            ],
            [
              129.025399,
              35.270941
            ],
            [
              129.025662,
              35.271003
            ],
            [
              129.025914,
              35.27117500000001
            ],
            [
              129.025949,
              35.271333
            ],
            [
              129.026024,
              35.27144899999999
            ],
            [
              129.026281,
              35.271666999999994
            ],
            [
              129.0265,
              35.271762
            ],
            [
              129.02679894104475,
              35.27188369029737
            ],
            [
              129.026866,
              35.271891
            ],
            [
              129.027103,
              35.271947
            ],
            [
              129.027331,
              35.27202700000001
            ],
            [
              129.027569,
              35.271937
            ],
            [
              129.02776,
              35.272053
            ],
            [
              129.02794,
              35.272157
            ],
            [
              129.028179,
              35.272228000000005
            ],
            [
              129.02851000000004,
              35.272261000000015
            ],
            [
              129.02869400000003,
              35.272343
            ],
            [
              129.028977,
              35.27252800000001
            ],
            [
              129.029084,
              35.272678000000006
            ],
            [
              129.029239,
              35.27278
            ],
            [
              129.029428,
              35.272932
            ],
            [
              129.029581,
              35.27298
            ],
            [
              129.029757,
              35.273086
            ],
            [
              129.029971,
              35.273205999999995
            ],
            [
              129.030176,
              35.273324
            ],
            [
              129.030505,
              35.273537999999995
            ],
            [
              129.030656,
              35.273699
            ],
            [
              129.03079,
              35.273774
            ],
            [
              129.030883,
              35.273998
            ],
            [
              129.030955,
              35.274167
            ],
            [
              129.03107,
              35.27428
            ],
            [
              129.031413,
              35.274701
            ],
            [
              129.03155600000002,
              35.27485600000001
            ],
            [
              129.031798,
              35.27489299999999
            ],
            [
              129.032093,
              35.27488999999999
            ],
            [
              129.03237,
              35.274906
            ],
            [
              129.03265,
              35.274907
            ],
            [
              129.03282,
              35.275064
            ],
            [
              129.032961,
              35.275195000000004
            ],
            [
              129.033075,
              35.27540100000001
            ],
            [
              129.033286,
              35.27561
            ],
            [
              129.033553,
              35.27581300000001
            ],
            [
              129.033778,
              35.275819
            ],
            [
              129.034033,
              35.27583299999999
            ],
            [
              129.034298,
              35.275968
            ],
            [
              129.034595,
              35.276119
            ],
            [
              129.034628,
              35.276794
            ],
            [
              129.034492,
              35.27677400000001
            ],
            [
              129.034364,
              35.276771
            ],
            [
              129.034098,
              35.276869
            ],
            [
              129.033983,
              35.27689600000001
            ],
            [
              129.033857,
              35.276909
            ],
            [
              129.033577,
              35.27707699999999
            ],
            [
              129.033474,
              35.27712
            ],
            [
              129.033267,
              35.277288999999996
            ],
            [
              129.033078,
              35.27734100000001
            ],
            [
              129.03287,
              35.277461
            ],
            [
              129.03277,
              35.277526
            ],
            [
              129.032531,
              35.277587000000004
            ],
            [
              129.032346,
              35.27758000000001
            ],
            [
              129.032297,
              35.27766
            ],
            [
              129.032214,
              35.27772
            ],
            [
              129.032113,
              35.277755
            ],
            [
              129.031983,
              35.277831000000006
            ],
            [
              129.031916,
              35.27785399999999
            ],
            [
              129.031764,
              35.277911
            ],
            [
              129.031672,
              35.277929
            ],
            [
              129.03158,
              35.278009
            ],
            [
              129.031396,
              35.278123
            ],
            [
              129.03126,
              35.278165
            ],
            [
              129.031165,
              35.27822400000001
            ],
            [
              129.031015,
              35.278299999999994
            ],
            [
              129.030914,
              35.278349000000006
            ],
            [
              129.030772,
              35.278399
            ],
            [
              129.030574,
              35.278483
            ],
            [
              129.030463,
              35.278499
            ],
            [
              129.030308,
              35.278537
            ],
            [
              129.030081,
              35.278577
            ],
            [
              129.030002,
              35.278545
            ],
            [
              129.029996,
              35.278606999999994
            ],
            [
              129.03004,
              35.27871100000001
            ],
            [
              129.030031,
              35.278808
            ],
            [
              129.029953,
              35.278890000000004
            ],
            [
              129.029866,
              35.27893300000001
            ],
            [
              129.029857,
              35.27897000000001
            ],
            [
              129.029735,
              35.279052
            ],
            [
              129.029644,
              35.279123
            ],
            [
              129.029557,
              35.27919
            ],
            [
              129.029491,
              35.27928000000001
            ],
            [
              129.029469,
              35.27937099999999
            ],
            [
              129.029426,
              35.279444000000005
            ],
            [
              129.029314,
              35.27957899999999
            ],
            [
              129.029266,
              35.279681999999994
            ],
            [
              129.029219,
              35.27975300000001
            ],
            [
              129.029147,
              35.27982
            ],
            [
              129.029078,
              35.27995299999999
            ],
            [
              129.028987,
              35.280014
            ],
            [
              129.028873,
              35.28017500000001
            ],
            [
              129.02885,
              35.28027600000001
            ],
            [
              129.028689,
              35.280398000000005
            ],
            [
              129.028577,
              35.280418
            ],
            [
              129.028583,
              35.280456
            ],
            [
              129.028318,
              35.280597
            ],
            [
              129.028191,
              35.28063000000001
            ],
            [
              129.028056,
              35.280753999999995
            ],
            [
              129.02798684819666,
              35.28080146864441
            ],
            [
              129.027938,
              35.280835
            ],
            [
              129.027843,
              35.280893
            ],
            [
              129.02773,
              35.280978
            ],
            [
              129.027616,
              35.28103099999999
            ],
            [
              129.027473,
              35.281111
            ],
            [
              129.027205,
              35.281208
            ],
            [
              129.027106,
              35.281276
            ],
            [
              129.027005,
              35.281392000000004
            ],
            [
              129.026893,
              35.281409
            ],
            [
              129.026768,
              35.281405
            ],
            [
              129.026528,
              35.28146900000001
            ],
            [
              129.026248,
              35.281516
            ],
            [
              129.025882,
              35.281566
            ],
            [
              129.025653,
              35.28160700000001
            ],
            [
              129.025451,
              35.281681999999996
            ],
            [
              129.025334,
              35.281778
            ],
            [
              129.025244,
              35.28185
            ],
            [
              129.025121,
              35.281888
            ],
            [
              129.025011,
              35.281917
            ],
            [
              129.024867,
              35.281921000000004
            ],
            [
              129.024755,
              35.28192800000001
            ],
            [
              129.024604,
              35.28191700000001
            ],
            [
              129.024483,
              35.281945
            ],
            [
              129.02441100000001,
              35.281996
            ],
            [
              129.024259,
              35.281989
            ],
            [
              129.024154,
              35.281983
            ],
            [
              129.02405,
              35.281934
            ],
            [
              129.023972,
              35.281968
            ],
            [
              129.023761,
              35.28207499999999
            ],
            [
              129.023617,
              35.282072
            ],
            [
              129.02352,
              35.28211499999999
            ],
            [
              129.023479,
              35.282183
            ],
            [
              129.023336,
              35.28232499999999
            ],
            [
              129.023258,
              35.282385
            ],
            [
              129.023182,
              35.28249300000001
            ],
            [
              129.023108,
              35.282592
            ],
            [
              129.023074,
              35.28271500000001
            ],
            [
              129.022983,
              35.28276
            ],
            [
              129.022883,
              35.282810999999995
            ],
            [
              129.022796,
              35.282937000000004
            ],
            [
              129.022659,
              35.282991
            ],
            [
              129.022571,
              35.283047
            ],
            [
              129.022514,
              35.28303799999999
            ],
            [
              129.022411,
              35.28305199999999
            ],
            [
              129.022321,
              35.283139
            ],
            [
              129.022205,
              35.283179
            ],
            [
              129.022105,
              35.283207
            ],
            [
              129.02199,
              35.283213
            ],
            [
              129.021844,
              35.28325399999999
            ],
            [
              129.021726,
              35.283301
            ],
            [
              129.021641,
              35.283364
            ],
            [
              129.021515,
              35.283425
            ],
            [
              129.021407,
              35.283464
            ],
            [
              129.021305,
              35.283542
            ],
            [
              129.021163,
              35.28360399999999
            ],
            [
              129.020998,
              35.28364
            ],
            [
              129.02089000000004,
              35.28367600000001
            ],
            [
              129.020733,
              35.28373700000001
            ],
            [
              129.02052,
              35.283767999999995
            ],
            [
              129.020368,
              35.283768
            ],
            [
              129.020254,
              35.283786
            ],
            [
              129.020205,
              35.28387699999999
            ],
            [
              129.019685,
              35.284195
            ],
            [
              129.01961,
              35.284061
            ],
            [
              129.019531,
              35.283922
            ],
            [
              129.019412,
              35.283753999999995
            ],
            [
              129.019365,
              35.283654
            ],
            [
              129.019304,
              35.283542
            ],
            [
              129.019247,
              35.283409
            ],
            [
              129.019119,
              35.283237
            ],
            [
              129.019077,
              35.283107
            ],
            [
              129.019054,
              35.282949
            ],
            [
              129.019028,
              35.282841000000005
            ],
            [
              129.018993,
              35.282748
            ],
            [
              129.018979,
              35.28265100000001
            ],
            [
              129.018953,
              35.28255
            ],
            [
              129.017005,
              35.28237500000001
            ],
            [
              129.016349,
              35.284926999999996
            ],
            [
              129.015486,
              35.287651
            ],
            [
              129.030573,
              35.317125000000004
            ],
            [
              129.030496,
              35.317208
            ],
            [
              129.030453,
              35.31730799999999
            ],
            [
              129.030224,
              35.317507
            ],
            [
              129.030105,
              35.31760100000001
            ],
            [
              129.03004,
              35.317691
            ],
            [
              129.030003,
              35.317794
            ],
            [
              129.029957,
              35.31790000000001
            ],
            [
              129.030376,
              35.317436
            ],
            [
              129.03068,
              35.317093000000014
            ],
            [
              129.03085,
              35.316993
            ],
            [
              129.030992,
              35.31695199999999
            ],
            [
              129.03115900000003,
              35.316975
            ],
            [
              129.03129,
              35.31699
            ],
            [
              129.031492,
              35.31696500000001
            ],
            [
              129.031659,
              35.316961
            ],
            [
              129.03181400000003,
              35.31695599999999
            ],
            [
              129.03197,
              35.316959
            ],
            [
              129.032083,
              35.316969
            ],
            [
              129.032213,
              35.316964
            ],
            [
              129.032308,
              35.316852
            ],
            [
              129.032306,
              35.316735
            ],
            [
              129.032251,
              35.316462
            ],
            [
              129.032273,
              35.31629
            ],
            [
              129.032353,
              35.31617099999999
            ],
            [
              129.032556,
              35.316146
            ],
            [
              129.032675,
              35.316121
            ],
            [
              129.032795,
              35.316085
            ],
            [
              129.032972,
              35.316027
            ],
            [
              129.033061,
              35.31595
            ],
            [
              129.033077,
              35.315846
            ],
            [
              129.03309,
              35.315749
            ],
            [
              129.033162,
              35.315682
            ],
            [
              129.033303,
              35.31562300000001
            ],
            [
              129.033521,
              35.31579
            ],
            [
              129.033613,
              35.315868
            ],
            [
              129.033695,
              35.315931
            ],
            [
              129.033847,
              35.31601299999999
            ],
            [
              129.034064,
              35.316067
            ],
            [
              129.034193,
              35.316147
            ],
            [
              129.034206,
              35.316239
            ],
            [
              129.03415600000002,
              35.316413000000004
            ],
            [
              129.034136,
              35.316497
            ],
            [
              129.034078,
              35.316609
            ],
            [
              129.034011,
              35.316817
            ],
            [
              129.033989,
              35.316926
            ],
            [
              129.034096,
              35.31700200000001
            ],
            [
              129.034251,
              35.317106
            ],
            [
              129.034328,
              35.317178000000006
            ],
            [
              129.034408,
              35.317256
            ],
            [
              129.034563,
              35.317276
            ],
            [
              129.03467200000003,
              35.317334
            ],
            [
              129.03478,
              35.317393
            ],
            [
              129.034894,
              35.31738899999999
            ],
            [
              129.034997,
              35.317423000000005
            ],
            [
              129.03512,
              35.317429
            ],
            [
              129.035304,
              35.317416
            ],
            [
              129.035417,
              35.317397
            ],
            [
              129.035524,
              35.317426000000005
            ],
            [
              129.035641,
              35.317446000000004
            ],
            [
              129.03578,
              35.317476000000006
            ],
            [
              129.035885,
              35.317492
            ],
            [
              129.03601100000003,
              35.317583
            ],
            [
              129.03612,
              35.31762700000001
            ],
            [
              129.036212,
              35.31766600000001
            ],
            [
              129.036297,
              35.31774299999999
            ],
            [
              129.036318,
              35.317786
            ],
            [
              129.036427,
              35.317794
            ],
            [
              129.036518,
              35.317853
            ],
            [
              129.036628,
              35.31787099999999
            ],
            [
              129.036753,
              35.317878
            ],
            [
              129.03682179978017,
              35.317915435210594
            ],
            [
              129.036889,
              35.317952
            ],
            [
              129.037065,
              35.318002
            ],
            [
              129.037087,
              35.31809400000001
            ],
            [
              129.037103,
              35.318103
            ],
            [
              129.03718200000003,
              35.318087000000006
            ],
            [
              129.037333,
              35.318015
            ],
            [
              129.037572,
              35.31801
            ],
            [
              129.037691,
              35.318009
            ],
            [
              129.037848,
              35.318053
            ],
            [
              129.03799,
              35.318019
            ],
            [
              129.038106,
              35.317996
            ],
            [
              129.038143,
              35.318057
            ],
            [
              129.038215,
              35.31813
            ],
            [
              129.03832,
              35.318182
            ],
            [
              129.038386,
              35.31819699999999
            ],
            [
              129.038514,
              35.318139
            ],
            [
              129.038655,
              35.318143
            ],
            [
              129.038803,
              35.31819200000001
            ],
            [
              129.038955,
              35.318298000000006
            ],
            [
              129.039104,
              35.31834599999999
            ],
            [
              129.039233,
              35.318417
            ],
            [
              129.039467,
              35.31847100000001
            ],
            [
              129.039599,
              35.31850200000001
            ],
            [
              129.039696,
              35.31854899999999
            ],
            [
              129.039898,
              35.318583
            ],
            [
              129.04002,
              35.318618
            ],
            [
              129.04012,
              35.318659000000004
            ],
            [
              129.040231,
              35.31867200000001
            ],
            [
              129.040368,
              35.318704
            ],
            [
              129.040507,
              35.318765
            ],
            [
              129.040639,
              35.318766
            ],
            [
              129.040741,
              35.318725
            ],
            [
              129.040914,
              35.31873999999999
            ],
            [
              129.041054,
              35.318778
            ],
            [
              129.041181,
              35.318812
            ],
            [
              129.041374,
              35.318861
            ],
            [
              129.041494,
              35.318895
            ],
            [
              129.042104,
              35.32133799999999
            ],
            [
              129.041989,
              35.321401
            ],
            [
              129.04184,
              35.321428
            ],
            [
              129.041724,
              35.321464000000006
            ],
            [
              129.041617,
              35.321505
            ],
            [
              129.04135000000002,
              35.32164099999999
            ],
            [
              129.041231,
              35.321693
            ],
            [
              129.04116600000003,
              35.32178900000001
            ],
            [
              129.041057,
              35.32183199999999
            ],
            [
              129.04097,
              35.321894
            ],
            [
              129.04090400000004,
              35.321965
            ],
            [
              129.04085,
              35.322069
            ],
            [
              129.040734,
              35.322147
            ],
            [
              129.040578,
              35.322250000000004
            ],
            [
              129.040468,
              35.322343000000004
            ],
            [
              129.040371,
              35.322382
            ],
            [
              129.040247,
              35.322438
            ],
            [
              129.040091,
              35.32251
            ],
            [
              129.040026,
              35.32267000000001
            ],
            [
              129.040027,
              35.322784000000006
            ],
            [
              129.04008,
              35.32291
            ],
            [
              129.039986,
              35.323096
            ],
            [
              129.039929,
              35.32319
            ],
            [
              129.039672,
              35.32341099999999
            ],
            [
              129.039583,
              35.32348
            ],
            [
              129.039473,
              35.323542999999994
            ],
            [
              129.03932,
              35.323637
            ],
            [
              129.039225,
              35.323698
            ],
            [
              129.039171,
              35.323762
            ],
            [
              129.039216,
              35.323912
            ],
            [
              129.03922100000003,
              35.324001
            ],
            [
              129.039197,
              35.324112
            ],
            [
              129.039029,
              35.324281
            ],
            [
              129.038992,
              35.32436500000001
            ],
            [
              129.038951,
              35.32450600000001
            ],
            [
              129.038919,
              35.32459200000001
            ],
            [
              129.038868,
              35.324708
            ],
            [
              129.03887565797427,
              35.324769263802146
            ],
            [
              129.038877,
              35.32478
            ],
            [
              129.038847,
              35.324871
            ],
            [
              129.038758,
              35.32497299999999
            ],
            [
              129.038711,
              35.32513399999999
            ],
            [
              129.038823,
              35.32525700000001
            ],
            [
              129.038791,
              35.325371000000004
            ],
            [
              129.038795,
              35.325468
            ],
            [
              129.038798,
              35.325588
            ],
            [
              129.038788,
              35.325672
            ],
            [
              129.038818,
              35.325815999999996
            ],
            [
              129.038804,
              35.325911999999995
            ],
            [
              129.03875000000002,
              35.325989
            ],
            [
              129.038804,
              35.32616399999999
            ],
            [
              129.038789,
              35.326262
            ],
            [
              129.038697,
              35.326465
            ],
            [
              129.038699,
              35.32656899999999
            ],
            [
              129.038687,
              35.32666400000001
            ],
            [
              129.038664,
              35.326773
            ],
            [
              129.03865,
              35.326857000000004
            ],
            [
              129.038623,
              35.326957
            ],
            [
              129.038568,
              35.327077
            ],
            [
              129.038536,
              35.327199
            ],
            [
              129.038527,
              35.32721500000001
            ],
            [
              129.038544,
              35.327284
            ],
            [
              129.038608,
              35.32738
            ],
            [
              129.038746,
              35.327417000000004
            ],
            [
              129.038882,
              35.32752399999999
            ],
            [
              129.03898,
              35.327584
            ],
            [
              129.038982,
              35.327841
            ],
            [
              129.038901,
              35.327946
            ],
            [
              129.038853,
              35.328091
            ],
            [
              129.038922,
              35.32817899999999
            ],
            [
              129.039046,
              35.328209
            ],
            [
              129.039187,
              35.328255000000006
            ],
            [
              129.039292,
              35.328309999999995
            ],
            [
              129.039374,
              35.328485
            ],
            [
              129.039364,
              35.32856900000001
            ],
            [
              129.039351,
              35.328692
            ],
            [
              129.039324,
              35.32884200000001
            ],
            [
              129.039306,
              35.329015
            ],
            [
              129.039268,
              35.329092
            ],
            [
              129.039281,
              35.329205
            ],
            [
              129.039308,
              35.329341
            ],
            [
              129.039318,
              35.32943499999999
            ],
            [
              129.03931100000003,
              35.329527
            ],
            [
              129.039298,
              35.329618
            ],
            [
              129.039281,
              35.329768
            ],
            [
              129.039239,
              35.32987800000001
            ],
            [
              129.039262,
              35.33001500000001
            ],
            [
              129.039205,
              35.33009800000001
            ],
            [
              129.039203,
              35.330129
            ],
            [
              129.03929,
              35.330194
            ],
            [
              129.039369,
              35.330281
            ],
            [
              129.039482,
              35.330380000000005
            ],
            [
              129.039606,
              35.330548
            ],
            [
              129.039641,
              35.33065700000001
            ],
            [
              129.039679,
              35.33080300000001
            ],
            [
              129.039706,
              35.330914
            ],
            [
              129.039741,
              35.331009
            ],
            [
              129.039759,
              35.33111600000001
            ],
            [
              129.039829,
              35.331183
            ],
            [
              129.039843,
              35.331206
            ],
            [
              129.039867,
              35.331234
            ],
            [
              129.039941,
              35.331430000000005
            ],
            [
              129.039891,
              35.331556000000006
            ],
            [
              129.03989,
              35.33166300000001
            ],
            [
              129.039895,
              35.331797
            ],
            [
              129.039917,
              35.331908
            ],
            [
              129.039966,
              35.332036
            ],
            [
              129.040011,
              35.332121
            ],
            [
              129.039982,
              35.332297999999994
            ],
            [
              129.03993,
              35.33240099999999
            ],
            [
              129.03991,
              35.33252900000001
            ],
            [
              129.040021,
              35.33221
            ],
            [
              129.040077,
              35.32300899999999
            ],
            [
              129.042325,
              35.321296000000004
            ],
            [
              129.042421,
              35.32122
            ],
            [
              129.042528,
              35.321059
            ],
            [
              129.042613,
              35.320947000000004
            ],
            [
              129.042691,
              35.320842
            ],
            [
              129.042823,
              35.320782
            ],
            [
              129.042935,
              35.320728
            ],
            [
              129.043009,
              35.320631
            ],
            [
              129.04311,
              35.320502
            ],
            [
              129.043166,
              35.320368
            ],
            [
              129.043207,
              35.320217
            ],
            [
              129.043161,
              35.320041999999994
            ],
            [
              129.043151,
              35.319951999999994
            ],
            [
              129.043106,
              35.31986599999999
            ],
            [
              129.04308600000002,
              35.319715
            ],
            [
              129.043049,
              35.319616
            ],
            [
              129.043025,
              35.319527
            ],
            [
              129.043067,
              35.319436
            ],
            [
              129.043053,
              35.31933300000001
            ],
            [
              129.043092,
              35.319245
            ],
            [
              129.043074,
              35.31913300000001
            ],
            [
              129.043185,
              35.318785
            ],
            [
              129.043228,
              35.318697
            ],
            [
              129.04415,
              35.31826
            ],
            [
              129.044288,
              35.318346
            ],
            [
              129.044419,
              35.31841000000001
            ],
            [
              129.044531,
              35.318454
            ],
            [
              129.044637,
              35.31852
            ],
            [
              129.044767,
              35.318505
            ],
            [
              129.044925,
              35.318459999999995
            ],
            [
              129.045052,
              35.31846500000001
            ],
            [
              129.045164,
              35.31844100000001
            ],
            [
              129.045308,
              35.318428
            ],
            [
              129.04537050449633,
              35.31844060596522
            ],
            [
              129.045427,
              35.318452
            ],
            [
              129.045613,
              35.318490999999995
            ],
            [
              129.045843,
              35.318633000000005
            ],
            [
              129.045868,
              35.318727
            ],
            [
              129.046028,
              35.318811000000004
            ],
            [
              129.046153,
              35.31880999999999
            ],
            [
              129.046287,
              35.31878400000001
            ],
            [
              129.046426,
              35.318739
            ],
            [
              129.046519,
              35.31867
            ],
            [
              129.046591,
              35.318576
            ],
            [
              129.046675,
              35.318487
            ],
            [
              129.046806,
              35.31841
            ],
            [
              129.04698000000002,
              35.31825700000001
            ],
            [
              129.047085,
              35.31819200000001
            ],
            [
              129.047243,
              35.31812800000001
            ],
            [
              129.047401,
              35.318149
            ],
            [
              129.047548,
              35.318214
            ],
            [
              129.047724,
              35.318294
            ],
            [
              129.047852,
              35.318349
            ],
            [
              129.04796,
              35.31837000000001
            ],
            [
              129.04806,
              35.318404
            ],
            [
              129.048202,
              35.318466
            ],
            [
              129.048327,
              35.318466
            ],
            [
              129.048569,
              35.318355
            ],
            [
              129.04866,
              35.318244
            ],
            [
              129.048771,
              35.318132000000006
            ],
            [
              129.048863,
              35.318019
            ],
            [
              129.04895,
              35.317942
            ],
            [
              129.049135,
              35.31789800000001
            ],
            [
              129.049291,
              35.317937
            ],
            [
              129.049433,
              35.317962
            ],
            [
              129.049571,
              35.317936
            ],
            [
              129.049698,
              35.317907
            ],
            [
              129.049868,
              35.31788
            ],
            [
              129.050024,
              35.317875
            ],
            [
              129.050135,
              35.317918
            ],
            [
              129.050239,
              35.317967
            ],
            [
              129.050451,
              35.31801100000001
            ],
            [
              129.050583,
              35.31797100000001
            ],
            [
              129.050647,
              35.31789400000001
            ],
            [
              129.050765,
              35.317802
            ],
            [
              129.050856,
              35.317764000000004
            ],
            [
              129.050944,
              35.317659
            ],
            [
              129.051038,
              35.31758299999999
            ],
            [
              129.051137,
              35.31748000000001
            ],
            [
              129.051217,
              35.31739100000001
            ],
            [
              129.051297,
              35.317259
            ],
            [
              129.051349,
              35.317156
            ],
            [
              129.051387,
              35.31707300000001
            ],
            [
              129.05142,
              35.316986
            ],
            [
              129.051474,
              35.316874000000006
            ],
            [
              129.051593,
              35.316798
            ],
            [
              129.051898,
              35.316702
            ],
            [
              129.052025,
              35.316663
            ],
            [
              129.052128,
              35.31656999999999
            ],
            [
              129.05226,
              35.316427999999995
            ],
            [
              129.052321,
              35.316326
            ],
            [
              129.052352,
              35.316201
            ],
            [
              129.052377,
              35.316109999999995
            ],
            [
              129.052387,
              35.316002
            ],
            [
              129.052388,
              35.315886
            ],
            [
              129.052424,
              35.315796
            ],
            [
              129.052585,
              35.315747
            ],
            [
              129.052711,
              35.315650999999995
            ],
            [
              129.053005,
              35.315493
            ],
            [
              129.053148,
              35.315504
            ],
            [
              129.05324523982614,
              35.31544088301179
            ],
            [
              129.053327,
              35.315400999999994
            ],
            [
              129.053406,
              35.31534700000001
            ],
            [
              129.053487,
              35.31522199999999
            ],
            [
              129.053574,
              35.315163
            ],
            [
              129.053662,
              35.31505899999999
            ],
            [
              129.053759,
              35.314886
            ],
            [
              129.053792,
              35.314775000000004
            ],
            [
              129.053787,
              35.31468
            ],
            [
              129.053783,
              35.314575
            ],
            [
              129.053766,
              35.314429
            ],
            [
              129.053761,
              35.31431
            ],
            [
              129.053785,
              35.314217
            ],
            [
              129.053843,
              35.313995
            ],
            [
              129.053854,
              35.313905
            ],
            [
              129.053952,
              35.313814
            ],
            [
              129.053991,
              35.313722999999996
            ],
            [
              129.054043,
              35.313726
            ],
            [
              129.054176,
              35.313722
            ],
            [
              129.054346,
              35.313754
            ],
            [
              129.054504,
              35.31376000000001
            ],
            [
              129.054616,
              35.313717
            ],
            [
              129.054659,
              35.313685
            ],
            [
              129.054774,
              35.313585
            ],
            [
              129.054856,
              35.313500000000005
            ],
            [
              129.05494400000003,
              35.313394
            ],
            [
              129.05504200000001,
              35.31332700000001
            ],
            [
              129.055154,
              35.313235
            ],
            [
              129.055236,
              35.313155
            ],
            [
              129.055342,
              35.313093
            ],
            [
              129.055433,
              35.313009
            ],
            [
              129.055466,
              35.312917000000006
            ],
            [
              129.055508,
              35.312835
            ],
            [
              129.05556,
              35.312737
            ],
            [
              129.05562,
              35.312644000000006
            ],
            [
              129.055667,
              35.31253000000001
            ],
            [
              129.055772,
              35.312400000000004
            ],
            [
              129.055825,
              35.31227
            ],
            [
              129.05590600000002,
              35.31217
            ],
            [
              129.055908,
              35.312051
            ],
            [
              129.055937,
              35.31194200000001
            ],
            [
              129.055982,
              35.311851
            ],
            [
              129.056088,
              35.311754
            ],
            [
              129.056194,
              35.311705
            ],
            [
              129.056329,
              35.311622
            ],
            [
              129.056439,
              35.311569
            ],
            [
              129.056618,
              35.31151200000001
            ],
            [
              129.056755,
              35.31149400000002
            ],
            [
              129.056892,
              35.31147500000001
            ],
            [
              129.056979,
              35.31138899999999
            ],
            [
              129.057034,
              35.311303
            ],
            [
              129.057046,
              35.311207
            ],
            [
              129.057015,
              35.31109500000001
            ],
            [
              129.056891,
              35.31099400000001
            ],
            [
              129.056796,
              35.310964
            ],
            [
              129.056694,
              35.310857
            ],
            [
              129.056644,
              35.310757
            ],
            [
              129.05661,
              35.31063699999999
            ],
            [
              129.056604,
              35.310542
            ],
            [
              129.05663500000003,
              35.310429
            ],
            [
              129.05671,
              35.310356
            ],
            [
              129.056694,
              35.31025400000001
            ],
            [
              129.056684,
              35.31023899999999
            ],
            [
              129.056664,
              35.310173
            ],
            [
              129.05785500000002,
              35.309693
            ],
            [
              129.057982,
              35.309713
            ],
            [
              129.05805676450376,
              35.30955525121263
            ],
            [
              129.058072,
              35.309539
            ],
            [
              129.05819,
              35.30945800000001
            ],
            [
              129.058289,
              35.30936800000001
            ],
            [
              129.058365,
              35.309292
            ],
            [
              129.058487,
              35.30922
            ],
            [
              129.058578,
              35.309171
            ],
            [
              129.058606,
              35.309053000000006
            ],
            [
              129.058637,
              35.308898000000006
            ],
            [
              129.058818,
              35.308737
            ],
            [
              129.058973,
              35.30867200000001
            ],
            [
              129.058995,
              35.308595999999994
            ],
            [
              129.058997,
              35.30847200000001
            ],
            [
              129.058982,
              35.308368
            ],
            [
              129.05902,
              35.308268
            ],
            [
              129.059025,
              35.30817100000001
            ],
            [
              129.059137,
              35.308001000000004
            ],
            [
              129.059151,
              35.307888
            ],
            [
              129.059163,
              35.30779600000001
            ],
            [
              129.059181,
              35.307683999999995
            ],
            [
              129.059161,
              35.307551
            ],
            [
              129.059192,
              35.307461
            ],
            [
              129.059321,
              35.30739200000001
            ],
            [
              129.059501,
              35.30736
            ],
            [
              129.059623,
              35.30732
            ],
            [
              129.059742,
              35.307231
            ],
            [
              129.059879,
              35.30715
            ],
            [
              129.059982,
              35.30708400000001
            ],
            [
              129.060043,
              35.306974
            ],
            [
              129.060088,
              35.30689399999999
            ],
            [
              129.060146,
              35.306791000000004
            ],
            [
              129.060128,
              35.306670000000004
            ],
            [
              129.060037,
              35.306572
            ],
            [
              129.059987,
              35.306426
            ],
            [
              129.059918,
              35.306344
            ],
            [
              129.059859,
              35.30626800000001
            ],
            [
              129.059854,
              35.306177000000005
            ],
            [
              129.059897,
              35.306116
            ],
            [
              129.060056,
              35.30604400000001
            ],
            [
              129.060166,
              35.305972
            ],
            [
              129.060233,
              35.305894
            ],
            [
              129.060277,
              35.305770999999986
            ],
            [
              129.060256,
              35.305652
            ],
            [
              129.060283,
              35.305576
            ],
            [
              129.060328,
              35.30543000000001
            ],
            [
              129.060314,
              35.305256
            ],
            [
              129.060606,
              35.30511000000001
            ],
            [
              129.06071,
              35.30516299999999
            ],
            [
              129.060831,
              35.305227
            ],
            [
              129.060912,
              35.30529
            ],
            [
              129.060983,
              35.30535900000001
            ],
            [
              129.061103,
              35.305319999999995
            ],
            [
              129.06119,
              35.30519100000001
            ],
            [
              129.061333,
              35.30505
            ],
            [
              129.061458,
              35.30495199999999
            ],
            [
              129.06153,
              35.304866999999994
            ],
            [
              129.061653,
              35.304804
            ],
            [
              129.061755,
              35.304691999999996
            ],
            [
              129.06183,
              35.304572
            ],
            [
              129.061906,
              35.30437200000001
            ],
            [
              129.062023,
              35.304300999999995
            ],
            [
              129.062224,
              35.304194
            ],
            [
              129.062333,
              35.304154000000004
            ],
            [
              129.06246,
              35.304105
            ],
            [
              129.062522,
              35.30400600000001
            ],
            [
              129.062565,
              35.303906999999995
            ],
            [
              129.062596,
              35.303774
            ],
            [
              129.062639,
              35.30363899999999
            ],
            [
              129.06265400000004,
              35.303488
            ],
            [
              129.06264456727504,
              35.30347232130486
            ],
            [
              129.06258,
              35.30336499999999
            ],
            [
              129.062552,
              35.30326600000001
            ],
            [
              129.062583,
              35.303165
            ],
            [
              129.062583,
              35.303067
            ],
            [
              129.06258,
              35.30293900000001
            ],
            [
              129.06256400000004,
              35.30270800000001
            ],
            [
              129.062523,
              35.302579
            ],
            [
              129.062479,
              35.302479
            ],
            [
              129.062501,
              35.30234300000001
            ],
            [
              129.062531,
              35.302189
            ],
            [
              129.062653,
              35.302119
            ],
            [
              129.062738,
              35.302035999999994
            ],
            [
              129.062981,
              35.30201
            ],
            [
              129.063087,
              35.30211400000001
            ],
            [
              129.063182,
              35.302167
            ],
            [
              129.063294,
              35.302203999999996
            ],
            [
              129.06343200000003,
              35.30219099999999
            ],
            [
              129.063545,
              35.302217
            ],
            [
              129.063658,
              35.302249
            ],
            [
              129.063768,
              35.302308000000004
            ],
            [
              129.06392300000002,
              35.302339
            ],
            [
              129.064027,
              35.302404
            ],
            [
              129.064137,
              35.302394
            ],
            [
              129.064188,
              35.30228900000001
            ],
            [
              129.064237,
              35.30220200000001
            ],
            [
              129.064363,
              35.30210799999999
            ],
            [
              129.064422,
              35.302006999999996
            ],
            [
              129.064685,
              35.30180800000001
            ],
            [
              129.064792,
              35.301724
            ],
            [
              129.064886,
              35.30162700000001
            ],
            [
              129.065055,
              35.30148100000001
            ],
            [
              129.065154,
              35.30140500000001
            ],
            [
              129.06528,
              35.301391
            ],
            [
              129.065427,
              35.301341
            ],
            [
              129.065484,
              35.301256
            ],
            [
              129.065478,
              35.30116
            ],
            [
              129.065489,
              35.30107
            ],
            [
              129.065445,
              35.30097
            ],
            [
              129.065494,
              35.300883
            ],
            [
              129.065603,
              35.300735
            ],
            [
              129.065622,
              35.300626
            ],
            [
              129.065649,
              35.300528
            ],
            [
              129.065737,
              35.300425000000004
            ],
            [
              129.065829,
              35.30034500000001
            ],
            [
              129.065895,
              35.30026699999999
            ],
            [
              129.065896,
              35.30012800000001
            ],
            [
              129.065966,
              35.29989
            ],
            [
              129.066016,
              35.299821
            ],
            [
              129.066088,
              35.299688
            ],
            [
              129.066133,
              35.29959
            ],
            [
              129.066217,
              35.29948000000001
            ],
            [
              129.066284,
              35.29939000000001
            ],
            [
              129.066359,
              35.299274
            ],
            [
              129.066411,
              35.29918599999999
            ],
            [
              129.066617,
              35.298968
            ],
            [
              129.066772,
              35.298925999999994
            ],
            [
              129.066824,
              35.298846000000005
            ],
            [
              129.066839,
              35.298749
            ],
            [
              129.066852,
              35.298659
            ],
            [
              129.066843,
              35.298548
            ],
            [
              129.066852,
              35.298455
            ],
            [
              129.066915,
              35.29832600000001
            ],
            [
              129.066788,
              35.298246999999996
            ],
            [
              129.066742,
              35.298156999999996
            ],
            [
              129.066705,
              35.298053
            ],
            [
              129.066652,
              35.297952
            ],
            [
              129.066566,
              35.29790200000001
            ],
            [
              129.066569,
              35.297725
            ],
            [
              129.06664231466422,
              35.297676807192204
            ],
            [
              129.066712,
              35.29763100000001
            ],
            [
              129.066817,
              35.297489000000006
            ],
            [
              129.066928,
              35.29740600000001
            ],
            [
              129.06695,
              35.297289
            ],
            [
              129.066879,
              35.29713400000001
            ],
            [
              129.066964,
              35.297017999999994
            ],
            [
              129.06703,
              35.29693999999999
            ],
            [
              129.067102,
              35.296849
            ],
            [
              129.067129,
              35.296751
            ],
            [
              129.067137,
              35.296668999999994
            ],
            [
              129.067187,
              35.296563000000006
            ],
            [
              129.067141,
              35.29647000000001
            ],
            [
              129.06715,
              35.296293000000006
            ],
            [
              129.067277,
              35.29616999999999
            ],
            [
              129.067365,
              35.296107000000006
            ],
            [
              129.067385,
              35.295982
            ],
            [
              129.067338,
              35.295824
            ],
            [
              129.067329,
              35.295743
            ],
            [
              129.067331,
              35.295632
            ],
            [
              129.067453,
              35.295571
            ],
            [
              129.067514,
              35.295446000000005
            ],
            [
              129.067564,
              35.295338
            ],
            [
              129.067601,
              35.295252
            ],
            [
              129.06762,
              35.295128999999996
            ],
            [
              129.067609,
              35.295042
            ],
            [
              129.067622,
              35.29487700000001
            ],
            [
              129.067641,
              35.29476
            ],
            [
              129.067624,
              35.294636
            ],
            [
              129.067581,
              35.29449900000001
            ],
            [
              129.067553,
              35.29441299999999
            ],
            [
              129.067511,
              35.294287000000004
            ],
            [
              129.067442,
              35.294194
            ],
            [
              129.067348,
              35.294135
            ],
            [
              129.067225,
              35.294045999999994
            ],
            [
              129.06708400000002,
              35.293985
            ],
            [
              129.066883,
              35.293912
            ],
            [
              129.066905,
              35.293824
            ],
            [
              129.066898,
              35.293736
            ],
            [
              129.066946,
              35.293647
            ],
            [
              129.066982,
              35.293556
            ],
            [
              129.066992,
              35.293457
            ],
            [
              129.066983,
              35.29337000000001
            ],
            [
              129.066991,
              35.293266
            ],
            [
              129.067143,
              35.29315700000001
            ],
            [
              129.067233,
              35.293073
            ],
            [
              129.067344,
              35.29290100000001
            ],
            [
              129.067332,
              35.292734
            ],
            [
              129.067302,
              35.292626
            ],
            [
              129.067233,
              35.292471000000006
            ],
            [
              129.06719,
              35.292390000000005
            ],
            [
              129.068619,
              35.290815
            ],
            [
              129.068731,
              35.290850000000006
            ],
            [
              129.068891,
              35.290922
            ],
            [
              129.069018,
              35.291021
            ],
            [
              129.069098,
              35.291126
            ],
            [
              129.069152,
              35.291232
            ],
            [
              129.069233,
              35.29130700000001
            ],
            [
              129.06934,
              35.29146299999999
            ],
            [
              129.069316,
              35.29152799999999
            ],
            [
              129.069303,
              35.291614
            ],
            [
              129.069374,
              35.291688000000015
            ],
            [
              129.069442,
              35.291831
            ],
            [
              129.069564,
              35.291945000000005
            ],
            [
              129.069598,
              35.292051
            ],
            [
              129.069608,
              35.292181
            ],
            [
              129.069624,
              35.2923
            ],
            [
              129.069667,
              35.29244
            ],
            [
              129.069749,
              35.29252000000001
            ],
            [
              129.06987,
              35.292604999999995
            ],
            [
              129.069944,
              35.292669
            ],
            [
              129.070007,
              35.292752
            ],
            [
              129.070103,
              35.292860999999995
            ],
            [
              129.070193,
              35.292941
            ],
            [
              129.070347,
              35.293154
            ],
            [
              129.070396,
              35.29325399999999
            ],
            [
              129.07041300000003,
              35.293363
            ],
            [
              129.070417,
              35.293479
            ],
            [
              129.070444,
              35.29360500000001
            ],
            [
              129.070398,
              35.293691
            ],
            [
              129.07039320303997,
              35.29370737584633
            ],
            [
              129.070369,
              35.29379
            ],
            [
              129.07044,
              35.293898
            ],
            [
              129.07052,
              35.293994
            ],
            [
              129.0705,
              35.294206
            ],
            [
              129.070542,
              35.29435500000001
            ],
            [
              129.07067100000003,
              35.294412
            ],
            [
              129.070722,
              35.294512000000005
            ],
            [
              129.070776,
              35.294725
            ],
            [
              129.070831,
              35.294819
            ],
            [
              129.070863,
              35.294948999999995
            ],
            [
              129.070876,
              35.295124
            ],
            [
              129.070967,
              35.2952
            ],
            [
              129.071118,
              35.29523499999999
            ],
            [
              129.07123200000004,
              35.29526400000001
            ],
            [
              129.071396,
              35.29524599999999
            ],
            [
              129.071518,
              35.295255
            ],
            [
              129.071711,
              35.295211
            ],
            [
              129.071875,
              35.29524599999999
            ],
            [
              129.07202,
              35.295324
            ],
            [
              129.072125,
              35.295372
            ],
            [
              129.072229,
              35.295353
            ],
            [
              129.072346,
              35.29536
            ],
            [
              129.072493,
              35.29539
            ],
            [
              129.07276,
              35.295480000000005
            ],
            [
              129.07287,
              35.29548900000001
            ],
            [
              129.072998,
              35.29552900000001
            ],
            [
              129.073157,
              35.295621000000004
            ],
            [
              129.073244,
              35.29569099999999
            ],
            [
              129.073374,
              35.295666000000004
            ],
            [
              129.073581,
              35.29563
            ],
            [
              129.073756,
              35.295655
            ],
            [
              129.07386,
              35.295711999999995
            ],
            [
              129.07396,
              35.295631
            ],
            [
              129.074056,
              35.29558200000001
            ],
            [
              129.074268,
              35.29561999999999
            ],
            [
              129.074386,
              35.295673
            ],
            [
              129.074466,
              35.29575500000001
            ],
            [
              129.074494,
              35.29583699999999
            ],
            [
              129.074651,
              35.295843
            ],
            [
              129.0748,
              35.295817
            ],
            [
              129.074902,
              35.295761
            ],
            [
              129.074993,
              35.295709
            ],
            [
              129.075114,
              35.295621000000004
            ],
            [
              129.07522000000003,
              35.295553
            ],
            [
              129.075424,
              35.295667
            ],
            [
              129.07557,
              35.295718
            ],
            [
              129.075733,
              35.295708
            ],
            [
              129.075879,
              35.2957
            ],
            [
              129.075981,
              35.295666
            ],
            [
              129.07607,
              35.295615000000005
            ],
            [
              129.07632,
              35.295656
            ],
            [
              129.076428,
              35.295609000000006
            ],
            [
              129.076536,
              35.295543
            ],
            [
              129.076766,
              35.295336
            ],
            [
              129.076829,
              35.295258
            ],
            [
              129.07702,
              35.295169
            ],
            [
              129.077284,
              35.295098
            ],
            [
              129.077354,
              35.29505400000001
            ],
            [
              129.077404,
              35.294939
            ],
            [
              129.07764,
              35.294842
            ],
            [
              129.077765,
              35.294795
            ],
            [
              129.077912,
              35.294788000000004
            ],
            [
              129.078113,
              35.29473
            ],
            [
              129.078218,
              35.294639
            ],
            [
              129.0783366195254,
              35.29461483678725
            ],
            [
              129.07838,
              35.294606
            ],
            [
              129.078469,
              35.294559
            ],
            [
              129.078563,
              35.29451
            ],
            [
              129.078818,
              35.294344
            ],
            [
              129.079043,
              35.294299
            ],
            [
              129.079187,
              35.294231999999994
            ],
            [
              129.079478,
              35.29416100000001
            ],
            [
              129.079573,
              35.294268
            ],
            [
              129.07968,
              35.294378
            ],
            [
              129.079762,
              35.294487000000004
            ],
            [
              129.07987,
              35.294699
            ],
            [
              129.079901,
              35.294831
            ],
            [
              129.079951,
              35.294931999999996
            ],
            [
              129.080077,
              35.295064
            ],
            [
              129.080139,
              35.295233999999994
            ],
            [
              129.080133,
              35.295365
            ],
            [
              129.080108,
              35.295457
            ],
            [
              129.080154,
              35.295595999999996
            ],
            [
              129.080224,
              35.29567500000001
            ],
            [
              129.080388,
              35.2959
            ],
            [
              129.080415,
              35.296033
            ],
            [
              129.080644,
              35.29609500000001
            ],
            [
              129.080745,
              35.296154
            ],
            [
              129.08089100000004,
              35.296282
            ],
            [
              129.080878,
              35.296374
            ],
            [
              129.080906,
              35.296485
            ],
            [
              129.080935,
              35.29660400000001
            ],
            [
              129.080971,
              35.296695
            ],
            [
              129.081034,
              35.296795
            ],
            [
              129.081084,
              35.29688000000001
            ],
            [
              129.081151,
              35.296985
            ],
            [
              129.081217,
              35.297086
            ],
            [
              129.081346,
              35.297062
            ],
            [
              129.0815,
              35.29712500000001
            ],
            [
              129.081604,
              35.297182
            ],
            [
              129.081746,
              35.297248
            ],
            [
              129.081883,
              35.2973
            ],
            [
              129.082005,
              35.297327
            ],
            [
              129.082089,
              35.29738499999999
            ],
            [
              129.082275,
              35.29753300000001
            ],
            [
              129.082341,
              35.297623
            ],
            [
              129.08246300000002,
              35.29770700000001
            ],
            [
              129.082639,
              35.297919
            ],
            [
              129.082753,
              35.297923999999995
            ],
            [
              129.082862,
              35.297864000000004
            ],
            [
              129.082978,
              35.297824000000006
            ],
            [
              129.083158,
              35.297835000000006
            ],
            [
              129.083309,
              35.297972
            ],
            [
              129.083436,
              35.297804000000006
            ],
            [
              129.083539,
              35.29768500000001
            ],
            [
              129.083606,
              35.297578
            ],
            [
              129.083726,
              35.29738199999999
            ],
            [
              129.083754,
              35.297289
            ],
            [
              129.083842,
              35.297188
            ],
            [
              129.083942,
              35.297046
            ],
            [
              129.083997,
              35.296963000000005
            ],
            [
              129.084075,
              35.296839999999996
            ],
            [
              129.080652,
              35.293256
            ],
            [
              129.080733,
              35.293161
            ],
            [
              129.080674,
              35.293052
            ],
            [
              129.080659,
              35.292936999999995
            ],
            [
              129.080654,
              35.292797
            ],
            [
              129.080731,
              35.29267000000001
            ],
            [
              129.080749,
              35.29255
            ],
            [
              129.080848,
              35.29243799999999
            ],
            [
              129.081065,
              35.292313
            ],
            [
              129.08114,
              35.292247
            ],
            [
              129.081357,
              35.292214
            ],
            [
              129.081463,
              35.292176000000005
            ],
            [
              129.081574,
              35.292144
            ],
            [
              129.081684,
              35.29208
            ],
            [
              129.081831,
              35.29187600000001
            ],
            [
              129.081907,
              35.291798
            ],
            [
              129.081987,
              35.29166800000001
            ],
            [
              129.082052,
              35.291581
            ],
            [
              129.082203,
              35.291518
            ],
            [
              129.082325,
              35.291493
            ],
            [
              129.082418,
              35.29139500000001
            ],
            [
              129.082505,
              35.29133
            ],
            [
              129.082619,
              35.291267999999995
            ],
            [
              129.082734,
              35.291224
            ],
            [
              129.08284,
              35.291166
            ],
            [
              129.082998,
              35.291133
            ],
            [
              129.083102,
              35.29107199999999
            ],
            [
              129.083232,
              35.29101500000001
            ],
            [
              129.083339,
              35.290963
            ],
            [
              129.083382,
              35.290872
            ],
            [
              129.083456,
              35.290705
            ],
            [
              129.083569,
              35.290623
            ],
            [
              129.083624,
              35.290533
            ],
            [
              129.083655,
              35.290397000000006
            ],
            [
              129.0838,
              35.290178000000004
            ],
            [
              129.083837,
              35.29008
            ],
            [
              129.083902,
              35.289968
            ],
            [
              129.083916,
              35.289855
            ],
            [
              129.083969,
              35.289749
            ],
            [
              129.084003,
              35.289667
            ],
            [
              129.08402,
              35.289564
            ],
            [
              129.08405,
              35.289435999999995
            ],
            [
              129.084136,
              35.289199
            ],
            [
              129.08423,
              35.28896999999999
            ],
            [
              129.084275,
              35.288861
            ],
            [
              129.084302,
              35.288743000000004
            ],
            [
              129.084357,
              35.28864899999999
            ],
            [
              129.084363,
              35.288511
            ],
            [
              129.08436174246674,
              35.28848811291444
            ],
            [
              129.084358,
              35.28842
            ],
            [
              129.084393,
              35.288301
            ],
            [
              129.084472,
              35.288144
            ],
            [
              129.084464,
              35.287913999999994
            ],
            [
              129.08448,
              35.287823
            ],
            [
              129.084461,
              35.287663
            ],
            [
              129.08449800000002,
              35.287562000000015
            ],
            [
              129.084514,
              35.287470000000006
            ],
            [
              129.084551,
              35.28738400000001
            ],
            [
              129.08461700000004,
              35.28728900000001
            ],
            [
              129.084728,
              35.287158000000005
            ],
            [
              129.084817,
              35.28708600000001
            ],
            [
              129.084911,
              35.287027
            ],
            [
              129.084977,
              35.286909
            ],
            [
              129.084984,
              35.286792999999996
            ],
            [
              129.084973,
              35.28669500000001
            ],
            [
              129.084999,
              35.28657700000001
            ],
            [
              129.085026,
              35.286474000000005
            ],
            [
              129.084995,
              35.28635799999999
            ],
            [
              129.085022,
              35.28624599999999
            ],
            [
              129.085012,
              35.286134999999994
            ],
            [
              129.08501,
              35.286025
            ],
            [
              129.085035,
              35.285903
            ],
            [
              129.085078,
              35.285813
            ],
            [
              129.085111,
              35.285682
            ],
            [
              129.085096,
              35.285562
            ],
            [
              129.085212,
              35.285427000000006
            ],
            [
              129.085242,
              35.285245
            ],
            [
              129.08531700000003,
              35.285171
            ],
            [
              129.085808,
              35.285605000000004
            ],
            [
              129.086071,
              35.285596000000005
            ],
            [
              129.086303,
              35.285587
            ],
            [
              129.08655,
              35.285482
            ],
            [
              129.086717,
              35.28539200000001
            ],
            [
              129.086886,
              35.285321
            ],
            [
              129.087088,
              35.285208
            ],
            [
              129.087314,
              35.285121000000004
            ],
            [
              129.087416,
              35.285031
            ],
            [
              129.087605,
              35.284963
            ],
            [
              129.087849,
              35.28484699999999
            ],
            [
              129.088097,
              35.284744
            ],
            [
              129.088243,
              35.284652
            ],
            [
              129.088526,
              35.28455300000001
            ],
            [
              129.088711,
              35.28446699999999
            ],
            [
              129.08897,
              35.28438400000001
            ],
            [
              129.089219,
              35.284335000000006
            ],
            [
              129.089504,
              35.284226
            ],
            [
              129.089745,
              35.284133
            ],
            [
              129.089984,
              35.28403500000001
            ],
            [
              129.090154,
              35.28386
            ],
            [
              129.09027,
              35.283638
            ],
            [
              129.090373,
              35.283518
            ],
            [
              129.090484,
              35.283438
            ],
            [
              129.09069,
              35.283363
            ],
            [
              129.090894,
              35.283479
            ],
            [
              129.091079,
              35.283809000000005
            ],
            [
              129.091031,
              35.283666000000004
            ],
            [
              129.088217,
              35.279683
            ],
            [
              129.088354,
              35.27952700000001
            ],
            [
              129.088385,
              35.279435
            ],
            [
              129.088399,
              35.279343999999995
            ],
            [
              129.088405,
              35.279255
            ],
            [
              129.088418,
              35.279162
            ],
            [
              129.088464,
              35.279016000000006
            ],
            [
              129.088516,
              35.27893600000001
            ],
            [
              129.088648,
              35.278848
            ],
            [
              129.088757,
              35.278729000000006
            ],
            [
              129.088971,
              35.278544
            ],
            [
              129.089064,
              35.27844300000001
            ],
            [
              129.089161,
              35.278313999999995
            ],
            [
              129.089165,
              35.278212999999994
            ],
            [
              129.089126,
              35.27808799999999
            ],
            [
              129.089116,
              35.27798000000001
            ],
            [
              129.089148,
              35.277848
            ],
            [
              129.089159,
              35.27775900000001
            ],
            [
              129.089238,
              35.277635
            ],
            [
              129.089335,
              35.277537
            ],
            [
              129.089415,
              35.277454
            ],
            [
              129.089474,
              35.277355
            ],
            [
              129.08956300000003,
              35.277234
            ],
            [
              129.089663,
              35.277093
            ],
            [
              129.089725,
              35.276963
            ],
            [
              129.089775,
              35.276824000000005
            ],
            [
              129.089801,
              35.276676
            ],
            [
              129.089833,
              35.276567
            ],
            [
              129.089898,
              35.276435
            ],
            [
              129.089936,
              35.27633900000001
            ],
            [
              129.090001,
              35.276211
            ],
            [
              129.090047,
              35.27610000000001
            ],
            [
              129.090081,
              35.275999
            ],
            [
              129.090123,
              35.275886
            ],
            [
              129.090157,
              35.275772
            ],
            [
              129.090178,
              35.275523
            ],
            [
              129.090338,
              35.275456
            ],
            [
              129.090457,
              35.275307
            ],
            [
              129.090498,
              35.27516600000001
            ],
            [
              129.090641,
              35.274914
            ],
            [
              129.090799,
              35.274784
            ],
            [
              129.090875,
              35.274709
            ],
            [
              129.091008,
              35.274609999999996
            ],
            [
              129.091135,
              35.274559
            ],
            [
              129.091248,
              35.274482
            ],
            [
              129.091354,
              35.274424
            ],
            [
              129.091515,
              35.274335
            ],
            [
              129.091622,
              35.274273
            ],
            [
              129.091808,
              35.27416300000001
            ],
            [
              129.091925,
              35.274105
            ],
            [
              129.092046,
              35.274033
            ],
            [
              129.092157,
              35.274007
            ],
            [
              129.09228200000004,
              35.273909
            ],
            [
              129.092436,
              35.273889999999994
            ],
            [
              129.084869,
              35.263718
            ],
            [
              129.084765,
              35.26374700000001
            ],
            [
              129.08464,
              35.263782000000006
            ],
            [
              129.084454,
              35.263713
            ],
            [
              129.084388,
              35.26364399999999
            ],
            [
              129.084298,
              35.263546
            ],
            [
              129.08424000000002,
              35.263452
            ],
            [
              129.084174,
              35.26336500000001
            ],
            [
              129.084077,
              35.263249
            ],
            [
              129.083973,
              35.263141
            ],
            [
              129.083883,
              35.26308100000001
            ],
            [
              129.083789,
              35.262969000000005
            ],
            [
              129.083676,
              35.26289700000001
            ],
            [
              129.083648,
              35.26281600000001
            ],
            [
              129.083555,
              35.262744000000005
            ],
            [
              129.083361,
              35.26273900000001
            ],
            [
              129.083285,
              35.262644
            ],
            [
              129.083153,
              35.262665000000005
            ],
            [
              129.083081,
              35.262698
            ],
            [
              129.082938,
              35.262733999999995
            ],
            [
              129.082806,
              35.26273799999999
            ],
            [
              129.082644,
              35.262564999999995
            ],
            [
              129.08263,
              35.262415999999995
            ],
            [
              129.082669,
              35.262294
            ],
            [
              129.082576,
              35.262182
            ],
            [
              129.082497,
              35.262098
            ],
            [
              129.083925,
              35.260301000000005
            ],
            [
              129.084112,
              35.260432
            ],
            [
              129.084216,
              35.26048200000001
            ],
            [
              129.084327,
              35.260436999999996
            ],
            [
              129.084355,
              35.26035000000001
            ],
            [
              129.084362,
              35.260222
            ],
            [
              129.084385,
              35.260126
            ],
            [
              129.084342,
              35.260042
            ],
            [
              129.084284,
              35.25989800000001
            ],
            [
              129.08426,
              35.259775000000005
            ],
            [
              129.084242,
              35.259612999999995
            ],
            [
              129.084215,
              35.259516
            ],
            [
              129.0842,
              35.259392000000005
            ],
            [
              129.084172,
              35.25923800000001
            ],
            [
              129.08414600000003,
              35.259134
            ],
            [
              129.083208,
              35.258657
            ],
            [
              129.083212,
              35.25856000000001
            ],
            [
              129.083196,
              35.25844
            ],
            [
              129.083124,
              35.258346
            ],
            [
              129.083013,
              35.258221000000006
            ],
            [
              129.082979,
              35.258120000000005
            ],
            [
              129.082995,
              35.25803
            ],
            [
              129.083041,
              35.25794500000001
            ],
            [
              129.083216,
              35.257817
            ],
            [
              129.08327,
              35.25772499999999
            ],
            [
              129.083326,
              35.257649
            ],
            [
              129.083379,
              35.257546999999995
            ],
            [
              129.08339,
              35.25741099999999
            ],
            [
              129.083423,
              35.25732399999998
            ],
            [
              129.083386,
              35.257226
            ],
            [
              129.083344,
              35.25710200000001
            ],
            [
              129.083269,
              35.256904999999996
            ],
            [
              129.083302,
              35.256747000000004
            ],
            [
              129.083328,
              35.256645
            ],
            [
              129.083382,
              35.256519
            ],
            [
              129.083428,
              35.25643399999999
            ],
            [
              129.083482,
              35.256339999999994
            ],
            [
              129.08354000000003,
              35.256253
            ],
            [
              129.08362,
              35.256142000000004
            ],
            [
              129.083719,
              35.25603199999999
            ],
            [
              129.083776,
              35.255936
            ],
            [
              129.083874,
              35.25583100000001
            ],
            [
              129.083928,
              35.255739000000005
            ],
            [
              129.084783,
              35.25446
            ],
            [
              129.084706,
              35.2544
            ],
            [
              129.084593,
              35.254395
            ],
            [
              129.084563,
              35.254365
            ],
            [
              129.084467,
              35.25432800000001
            ],
            [
              129.084354,
              35.254290999999995
            ],
            [
              129.084257,
              35.254244
            ],
            [
              129.084164,
              35.254073
            ],
            [
              129.083989,
              35.253958
            ],
            [
              129.083878,
              35.253915
            ],
            [
              129.083656,
              35.25386
            ],
            [
              129.083561,
              35.253803000000005
            ],
            [
              129.083452,
              35.25378200000001
            ],
            [
              129.083142,
              35.253778
            ],
            [
              129.082742,
              35.253843
            ],
            [
              129.0826,
              35.25384900000001
            ],
            [
              129.082482,
              35.2538
            ],
            [
              129.082343,
              35.25379000000001
            ],
            [
              129.08223,
              35.25375600000001
            ],
            [
              129.082118,
              35.253746
            ],
            [
              129.081993,
              35.253636
            ],
            [
              129.081911,
              35.25369200000001
            ],
            [
              129.08174,
              35.25360499999999
            ],
            [
              129.081568,
              35.253592
            ],
            [
              129.081447,
              35.253545
            ],
            [
              129.081504,
              35.252191
            ],
            [
              129.081617,
              35.25218
            ],
            [
              129.08182,
              35.252095
            ],
            [
              129.081986,
              35.25203599999999
            ],
            [
              129.082082,
              35.25202
            ],
            [
              129.082362,
              35.252037
            ],
            [
              129.082451,
              35.252049
            ],
            [
              129.082665,
              35.252066
            ],
            [
              129.082815,
              35.252055
            ],
            [
              129.083054,
              35.25202500000001
            ],
            [
              129.083174,
              35.252058000000005
            ],
            [
              129.083298,
              35.252072
            ],
            [
              129.083444,
              35.25208
            ],
            [
              129.083584,
              35.252062
            ],
            [
              129.083674,
              35.25201799999999
            ],
            [
              129.083762,
              35.251963999999994
            ],
            [
              129.08379400000004,
              35.251898
            ],
            [
              129.083916,
              35.251869
            ],
            [
              129.08403,
              35.251837
            ],
            [
              129.084124,
              35.251806
            ],
            [
              129.084215,
              35.251753
            ],
            [
              129.08433,
              35.251647000000006
            ],
            [
              129.084441,
              35.251466
            ],
            [
              129.084517,
              35.251386
            ],
            [
              129.084609,
              35.251265
            ],
            [
              129.084692,
              35.251151
            ],
            [
              129.0847018309902,
              35.25113299496344
            ],
            [
              129.084781,
              35.250988
            ],
            [
              129.084815,
              35.25089
            ],
            [
              129.084863,
              35.250813
            ],
            [
              129.084905,
              35.250688000000004
            ],
            [
              129.084893,
              35.250561
            ],
            [
              129.084886,
              35.25046300000001
            ],
            [
              129.084861,
              35.250305
            ],
            [
              129.084848,
              35.250205
            ],
            [
              129.084838,
              35.25011200000001
            ],
            [
              129.084818,
              35.24994600000001
            ],
            [
              129.084854,
              35.249849999999995
            ],
            [
              129.084856,
              35.24971599999999
            ],
            [
              129.084845,
              35.249588
            ],
            [
              129.084837,
              35.249493000000015
            ],
            [
              129.084826,
              35.249404999999996
            ],
            [
              129.085066,
              35.249275
            ],
            [
              129.085164,
              35.24927
            ],
            [
              129.085236,
              35.249348
            ],
            [
              129.085352,
              35.249376
            ],
            [
              129.085472,
              35.249394
            ],
            [
              129.085608,
              35.249427000000004
            ],
            [
              129.08574,
              35.249433
            ],
            [
              129.085934,
              35.24946099999999
            ],
            [
              129.086045,
              35.249497
            ],
            [
              129.086252,
              35.24959900000001
            ],
            [
              129.086451,
              35.249592
            ],
            [
              129.086762,
              35.24953300000001
            ],
            [
              129.086882,
              35.249543
            ],
            [
              129.086995,
              35.249499
            ],
            [
              129.087174,
              35.24948799999999
            ],
            [
              129.08731100000003,
              35.249491
            ],
            [
              129.087534,
              35.24947300000001
            ],
            [
              129.087701,
              35.249455
            ],
            [
              129.087909,
              35.249429
            ],
            [
              129.088035,
              35.249418
            ],
            [
              129.088221,
              35.24939
            ],
            [
              129.08827300000002,
              35.249486000000005
            ],
            [
              129.08842,
              35.249551
            ],
            [
              129.088533,
              35.24955
            ],
            [
              129.088644,
              35.249537999999994
            ],
            [
              129.088805,
              35.249495
            ],
            [
              129.088945,
              35.249444
            ],
            [
              129.089063,
              35.249412
            ],
            [
              129.089262,
              35.249355
            ],
            [
              129.089406,
              35.24935200000001
            ],
            [
              129.089491,
              35.249297000000006
            ],
            [
              129.0896,
              35.249211
            ],
            [
              129.089843,
              35.249126
            ],
            [
              129.089979,
              35.249077
            ],
            [
              129.090056,
              35.249016
            ],
            [
              129.090226,
              35.24890500000001
            ],
            [
              129.090343,
              35.24887600000001
            ],
            [
              129.090497,
              35.248757000000005
            ],
            [
              129.090772,
              35.24863
            ],
            [
              129.090904,
              35.248563000000004
            ],
            [
              129.091128,
              35.248568
            ],
            [
              129.091221,
              35.248489
            ],
            [
              129.091203,
              35.24834200000001
            ],
            [
              129.091148,
              35.248229
            ],
            [
              129.09109,
              35.24803
            ],
            [
              129.09108200000003,
              35.24793699999999
            ],
            [
              129.089777,
              35.246772
            ],
            [
              129.089667,
              35.246762
            ],
            [
              129.089543,
              35.24673200000001
            ],
            [
              129.089407,
              35.246712
            ],
            [
              129.089225,
              35.246732
            ],
            [
              129.08903,
              35.24673
            ],
            [
              129.088936,
              35.24684899999999
            ],
            [
              129.088917,
              35.246972
            ],
            [
              129.088919,
              35.247128
            ],
            [
              129.088884,
              35.247243999999995
            ],
            [
              129.088782,
              35.24736800000001
            ],
            [
              129.08878500000003,
              35.247496000000005
            ],
            [
              129.088771,
              35.247637
            ],
            [
              129.088728,
              35.24772600000001
            ],
            [
              129.088704,
              35.247837
            ],
            [
              129.088682,
              35.247889
            ],
            [
              129.088587,
              35.247987
            ],
            [
              129.08848,
              35.24803
            ],
            [
              129.088065,
              35.247992
            ],
            [
              129.087917,
              35.248008
            ],
            [
              129.087779,
              35.248026
            ],
            [
              129.087647,
              35.24805200000001
            ],
            [
              129.087528,
              35.248071
            ],
            [
              129.087357,
              35.248065000000004
            ],
            [
              129.087229,
              35.248039000000006
            ],
            [
              129.087122,
              35.247976
            ],
            [
              129.087,
              35.247979
            ],
            [
              129.086817,
              35.247972000000004
            ],
            [
              129.086695,
              35.24794800000001
            ],
            [
              129.086566,
              35.24792299999999
            ],
            [
              129.086454,
              35.247884
            ],
            [
              129.08633,
              35.24785399999999
            ],
            [
              129.086176,
              35.247787
            ],
            [
              129.086029,
              35.24773400000001
            ],
            [
              129.085905,
              35.247707
            ],
            [
              129.085728,
              35.247671000000004
            ],
            [
              129.085592,
              35.24765
            ],
            [
              129.085471,
              35.24764000000001
            ],
            [
              129.085312,
              35.247614
            ],
            [
              129.085121,
              35.247645000000006
            ],
            [
              129.085004,
              35.247640000000004
            ],
            [
              129.084863,
              35.247629
            ],
            [
              129.084833,
              35.247696999999995
            ],
            [
              129.084732,
              35.24775100000001
            ],
            [
              129.084596,
              35.247834
            ],
            [
              129.08451,
              35.247892
            ],
            [
              129.083507,
              35.247353
            ],
            [
              129.083477,
              35.247271
            ],
            [
              129.083373,
              35.247128
            ],
            [
              129.083349,
              35.246990000000004
            ],
            [
              129.0833,
              35.24686200000001
            ],
            [
              129.083206,
              35.246714999999995
            ],
            [
              129.083138,
              35.24663499999999
            ],
            [
              129.082968,
              35.24663
            ],
            [
              129.082817,
              35.246639
            ],
            [
              129.082774,
              35.246561
            ],
            [
              129.082714,
              35.246452
            ],
            [
              129.082714,
              35.246287999999986
            ],
            [
              129.082714,
              35.246085
            ],
            [
              129.082691,
              35.245985
            ],
            [
              129.082724,
              35.245889999999996
            ],
            [
              129.082786,
              35.24581
            ],
            [
              129.082803,
              35.245703
            ],
            [
              129.082909,
              35.245672
            ],
            [
              129.082925,
              35.24553300000001
            ],
            [
              129.08291,
              35.24540200000001
            ],
            [
              129.082982,
              35.24519
            ],
            [
              129.082999,
              35.245114
            ],
            [
              129.083,
              35.245037
            ],
            [
              129.082972,
              35.244932
            ],
            [
              129.082957,
              35.244842
            ],
            [
              129.082972,
              35.244776
            ],
            [
              129.083041,
              35.24466300000001
            ],
            [
              129.083125,
              35.244561
            ],
            [
              129.083112,
              35.244434
            ],
            [
              129.082977,
              35.24431299999999
            ],
            [
              129.082935,
              35.24422599999999
            ],
            [
              129.082861,
              35.244164
            ],
            [
              129.082522,
              35.244129
            ],
            [
              129.082399,
              35.244087
            ],
            [
              129.08220500000002,
              35.24418000000001
            ],
            [
              129.08217,
              35.244314
            ],
            [
              129.081896,
              35.24439499999999
            ],
            [
              129.081762,
              35.244388
            ],
            [
              129.081639,
              35.244432
            ],
            [
              129.081557,
              35.244400000000006
            ],
            [
              129.081352,
              35.244491
            ],
            [
              129.081164,
              35.244623
            ],
            [
              129.081057,
              35.244620999999995
            ],
            [
              129.080941,
              35.244656
            ],
            [
              129.080646,
              35.244772
            ],
            [
              129.080491,
              35.244769
            ],
            [
              129.080305,
              35.244837
            ],
            [
              129.080075,
              35.24489
            ],
            [
              129.079939,
              35.244838
            ],
            [
              129.079739,
              35.244782
            ],
            [
              129.079541,
              35.244871
            ],
            [
              129.079344,
              35.24498299999999
            ],
            [
              129.079233,
              35.244973
            ],
            [
              129.07912,
              35.244999
            ],
            [
              129.078933,
              35.245096
            ],
            [
              129.078797,
              35.245096
            ],
            [
              129.078548,
              35.244693
            ],
            [
              129.07868400000004,
              35.24447700000001
            ],
            [
              129.078888,
              35.24422800000001
            ],
            [
              129.079062,
              35.24403800000001
            ],
            [
              129.079134,
              35.243929
            ],
            [
              129.079347,
              35.24392300000001
            ],
            [
              129.079327,
              35.24371500000001
            ],
            [
              129.079608,
              35.243637
            ],
            [
              129.079873,
              35.243311000000006
            ],
            [
              129.080036,
              35.243138
            ],
            [
              129.080138,
              35.242943
            ],
            [
              129.080331,
              35.242864
            ],
            [
              129.081076,
              35.242349000000004
            ],
            [
              129.080898,
              35.242181
            ],
            [
              129.080827,
              35.242009
            ],
            [
              129.080733,
              35.241801
            ],
            [
              129.080518,
              35.241731
            ],
            [
              129.080293,
              35.24181200000001
            ],
            [
              129.080008,
              35.241715
            ],
            [
              129.079737,
              35.24068
            ],
            [
              129.079927,
              35.240539
            ],
            [
              129.07995,
              35.240327
            ],
            [
              129.080049,
              35.24019200000001
            ],
            [
              129.08026,
              35.239943999999994
            ],
            [
              129.080294,
              35.239762
            ],
            [
              129.080236,
              35.239587
            ],
            [
              129.080212,
              35.239097
            ],
            [
              129.080031,
              35.238834
            ],
            [
              129.079803,
              35.238645
            ],
            [
              129.079806,
              35.238347
            ],
            [
              129.079637,
              35.238167000000004
            ],
            [
              129.079434,
              35.23801
            ],
            [
              129.079248,
              35.237864
            ],
            [
              129.079027,
              35.237828
            ],
            [
              129.078882,
              35.237997
            ],
            [
              129.078629,
              35.238133
            ],
            [
              129.078429,
              35.23828999999999
            ],
            [
              129.078221,
              35.238414000000006
            ],
            [
              129.077983,
              35.238502
            ],
            [
              129.077678,
              35.23861000000001
            ],
            [
              129.07742300000004,
              35.238678
            ],
            [
              129.077148,
              35.23864799999999
            ],
            [
              129.076835,
              35.238714
            ],
            [
              129.07661,
              35.23882199999999
            ],
            [
              129.07633,
              35.23889700000001
            ],
            [
              129.0762,
              35.238208
            ],
            [
              129.076314,
              35.23815900000001
            ],
            [
              129.07626307879906,
              35.23810750668328
            ],
            [
              129.076225,
              35.238069
            ],
            [
              129.076076,
              35.237781000000005
            ],
            [
              129.076009,
              35.23762000000001
            ],
            [
              129.076076,
              35.237334000000004
            ],
            [
              129.076141,
              35.237097
            ],
            [
              129.075751,
              35.23688599999999
            ],
            [
              129.075712,
              35.236702
            ],
            [
              129.075491,
              35.236496
            ],
            [
              129.075378,
              35.236286
            ],
            [
              129.075232,
              35.236103
            ],
            [
              129.075034,
              35.236117
            ],
            [
              129.074787,
              35.23612500000001
            ],
            [
              129.074585,
              35.236005
            ],
            [
              129.074008,
              35.235882
            ],
            [
              129.073579,
              35.235668
            ],
            [
              129.07359,
              35.23558799999999
            ],
            [
              129.073417,
              35.23544199999999
            ],
            [
              129.073372,
              35.235251999999996
            ],
            [
              129.073364,
              35.235054999999996
            ],
            [
              129.073089,
              35.23468400000001
            ],
            [
              129.07321,
              35.23446
            ],
            [
              129.073455,
              35.234255000000005
            ],
            [
              129.07368,
              35.234057
            ],
            [
              129.073856,
              35.233882
            ],
            [
              129.073884,
              35.23366600000001
            ],
            [
              129.073768,
              35.23345200000001
            ],
            [
              129.073764,
              35.233039
            ],
            [
              129.073866,
              35.23286399999999
            ],
            [
              129.073991,
              35.232697
            ],
            [
              129.074123,
              35.232482
            ],
            [
              129.074162,
              35.232299
            ],
            [
              129.074185,
              35.232237
            ],
            [
              129.074258,
              35.232128
            ],
            [
              129.074319,
              35.23204900000001
            ],
            [
              129.074424,
              35.231901
            ],
            [
              129.074508,
              35.23191200000001
            ],
            [
              129.07459,
              35.231832000000004
            ],
            [
              129.074676,
              35.231736
            ],
            [
              129.074707,
              35.23167500000001
            ],
            [
              129.074755,
              35.231559
            ],
            [
              129.074746,
              35.231452
            ],
            [
              129.074751,
              35.23139
            ],
            [
              129.074729,
              35.23123700000001
            ],
            [
              129.074696,
              35.23111300000001
            ],
            [
              129.074667,
              35.230973
            ],
            [
              129.074697,
              35.230900999999996
            ],
            [
              129.074743,
              35.230795
            ],
            [
              129.074874,
              35.230724
            ],
            [
              129.074972,
              35.230720999999996
            ],
            [
              129.075149,
              35.230773
            ],
            [
              129.075271,
              35.230828
            ],
            [
              129.075631,
              35.23053500000001
            ],
            [
              129.075867,
              35.23056799999999
            ],
            [
              129.076131,
              35.23050299999999
            ],
            [
              129.076429,
              35.23043700000001
            ],
            [
              129.081042,
              35.22189100000001
            ],
            [
              129.081324,
              35.22204500000001
            ],
            [
              129.081643,
              35.222043
            ],
            [
              129.08191,
              35.22199
            ],
            [
              129.082188,
              35.221858
            ],
            [
              129.08248,
              35.221782
            ],
            [
              129.08284,
              35.22166200000001
            ],
            [
              129.083092,
              35.221584
            ],
            [
              129.083309,
              35.221489
            ],
            [
              129.083977,
              35.221461999999995
            ],
            [
              129.084393,
              35.221454
            ],
            [
              129.084696,
              35.221261
            ],
            [
              129.085255,
              35.220895
            ],
            [
              129.085023,
              35.220499
            ],
            [
              129.084855,
              35.22035300000001
            ],
            [
              129.084416,
              35.220168
            ],
            [
              129.083965,
              35.219939
            ],
            [
              129.083736,
              35.21982700000001
            ],
            [
              129.083494,
              35.21963100000001
            ],
            [
              129.083316,
              35.21950100000001
            ],
            [
              129.08257800000004,
              35.218650999999994
            ],
            [
              129.082444,
              35.218346999999994
            ],
            [
              129.080244,
              35.219535
            ],
            [
              129.080059,
              35.219247
            ],
            [
              129.079887,
              35.21899599999999
            ],
            [
              129.079778,
              35.218812
            ],
            [
              129.07967928775227,
              35.218747439487416
            ],
            [
              129.07379,
              35.21729799999999
            ],
            [
              129.073744,
              35.217336
            ],
            [
              129.073625,
              35.217346000000006
            ],
            [
              129.073501,
              35.217379000000015
            ],
            [
              129.073403,
              35.21744600000001
            ],
            [
              129.073255,
              35.217583000000005
            ],
            [
              129.073126,
              35.217696999999994
            ],
            [
              129.073032,
              35.217796
            ],
            [
              129.072963,
              35.217839
            ],
            [
              129.072834,
              35.21780400000001
            ],
            [
              129.07277,
              35.217732
            ],
            [
              129.072698,
              35.21764999999999
            ],
            [
              129.072555,
              35.21750900000001
            ],
            [
              129.072468,
              35.217417
            ],
            [
              129.072336,
              35.217348
            ],
            [
              129.072214,
              35.217301000000006
            ],
            [
              129.07204,
              35.217289000000015
            ],
            [
              129.071925,
              35.21720800000001
            ],
            [
              129.071809,
              35.217166
            ],
            [
              129.071467,
              35.217129
            ],
            [
              129.071335,
              35.217155
            ],
            [
              129.071214,
              35.21711400000001
            ],
            [
              129.07105,
              35.217129
            ],
            [
              129.070941,
              35.21684400000001
            ],
            [
              129.07092,
              35.216744999999996
            ],
            [
              129.070865,
              35.216648
            ],
            [
              129.070748,
              35.216590999999994
            ],
            [
              129.070612,
              35.21657
            ],
            [
              129.070519,
              35.216613
            ],
            [
              129.070407,
              35.21662100000001
            ],
            [
              129.070273,
              35.216564
            ],
            [
              129.070148,
              35.216522000000005
            ],
            [
              129.069989,
              35.21645000000001
            ],
            [
              129.06989,
              35.216433
            ],
            [
              129.069745,
              35.21638
            ],
            [
              129.069638,
              35.21634600000001
            ],
            [
              129.069527,
              35.216332
            ],
            [
              129.069349,
              35.216236
            ],
            [
              129.069269,
              35.216111000000005
            ],
            [
              129.069178,
              35.21603000000001
            ],
            [
              129.069089,
              35.215967000000006
            ],
            [
              129.068943,
              35.21594
            ],
            [
              129.068881,
              35.21593
            ],
            [
              129.068769,
              35.21595099999999
            ],
            [
              129.068725,
              35.215942
            ],
            [
              129.068593,
              35.215968
            ],
            [
              129.068477,
              35.21599700000001
            ],
            [
              129.06837,
              35.215999
            ],
            [
              129.06825,
              35.215991
            ],
            [
              129.068174,
              35.21595400000002
            ],
            [
              129.068075,
              35.215903
            ],
            [
              129.067965,
              35.215849000000006
            ],
            [
              129.067842,
              35.215782
            ],
            [
              129.067762,
              35.215708
            ],
            [
              129.067691,
              35.215638
            ],
            [
              129.067591,
              35.21558100000001
            ],
            [
              129.067459,
              35.215593
            ],
            [
              129.06724,
              35.21571399999999
            ],
            [
              129.06713,
              35.215762000000005
            ],
            [
              129.066972,
              35.215781
            ],
            [
              129.066801,
              35.215766
            ],
            [
              129.066699,
              35.215744
            ],
            [
              129.066553,
              35.215708
            ],
            [
              129.066439,
              35.215696
            ],
            [
              129.066337,
              35.21565799999999
            ],
            [
              129.066197,
              35.215607999999996
            ],
            [
              129.066095,
              35.215557
            ],
            [
              129.065995,
              35.215513
            ],
            [
              129.06595033764862,
              35.2154911578574
            ],
            [
              129.065858,
              35.215446
            ],
            [
              129.065719,
              35.215352
            ],
            [
              129.065593,
              35.215292
            ],
            [
              129.065495,
              35.215246
            ],
            [
              129.065398,
              35.215203
            ],
            [
              129.065219,
              35.215128
            ],
            [
              129.065054,
              35.215048
            ],
            [
              129.06495500000003,
              35.215001
            ],
            [
              129.064829,
              35.214951
            ],
            [
              129.064696,
              35.21488399999999
            ],
            [
              129.064569,
              35.214800999999994
            ],
            [
              129.064413,
              35.214721
            ],
            [
              129.064312,
              35.214673999999995
            ],
            [
              129.064152,
              35.214609
            ],
            [
              129.064025,
              35.214552
            ],
            [
              129.063902,
              35.214476
            ],
            [
              129.063819,
              35.214415
            ],
            [
              129.063732,
              35.214359
            ],
            [
              129.063562,
              35.214279000000005
            ],
            [
              129.063359,
              35.214188
            ],
            [
              129.06326,
              35.21412600000001
            ],
            [
              129.06317000000004,
              35.214074
            ],
            [
              129.063053,
              35.214038
            ],
            [
              129.062952,
              35.213968
            ],
            [
              129.062831,
              35.213885
            ],
            [
              129.062705,
              35.213821
            ],
            [
              129.06260900000004,
              35.213772000000006
            ],
            [
              129.062449,
              35.213692
            ],
            [
              129.062352,
              35.21363
            ],
            [
              129.062245,
              35.213582
            ],
            [
              129.062151,
              35.21353200000001
            ],
            [
              129.062031,
              35.213452000000004
            ],
            [
              129.061873,
              35.213423000000006
            ],
            [
              129.061851,
              35.213399
            ],
            [
              129.061637,
              35.213304
            ],
            [
              129.061521,
              35.21326400000001
            ],
            [
              129.061391,
              35.213196999999994
            ],
            [
              129.061292,
              35.213142999999995
            ],
            [
              129.061167,
              35.213073
            ],
            [
              129.061056,
              35.213032
            ],
            [
              129.060916,
              35.21295599999999
            ],
            [
              129.060799,
              35.212918
            ],
            [
              129.060672,
              35.212891
            ],
            [
              129.060508,
              35.212852
            ],
            [
              129.060332,
              35.212805
            ],
            [
              129.060155,
              35.212779
            ],
            [
              129.060013,
              35.212751
            ],
            [
              129.059872,
              35.212661999999995
            ],
            [
              129.059713,
              35.21261200000001
            ],
            [
              129.059546,
              35.212558
            ],
            [
              129.059409,
              35.21252700000001
            ],
            [
              129.059307,
              35.212494
            ],
            [
              129.059203,
              35.212458
            ],
            [
              129.05907100000002,
              35.212405
            ],
            [
              129.058963,
              35.212383
            ],
            [
              129.05881300000001,
              35.21232899999999
            ],
            [
              129.05868,
              35.212304
            ],
            [
              129.05850600000002,
              35.212227
            ],
            [
              129.058392,
              35.212168000000005
            ],
            [
              129.058244,
              35.212202
            ],
            [
              129.05809,
              35.21225199999999
            ],
            [
              129.058008,
              35.21226599999999
            ],
            [
              129.057868,
              35.212264999999995
            ],
            [
              129.057744,
              35.212291
            ],
            [
              129.057589,
              35.212321
            ],
            [
              129.05752556637856,
              35.21236089126565
            ],
            [
              129.057492,
              35.212382
            ],
            [
              129.057354,
              35.212413
            ],
            [
              129.057157,
              35.212455
            ],
            [
              129.056926,
              35.21256700000001
            ],
            [
              129.056852,
              35.212523
            ],
            [
              129.056703,
              35.212517000000005
            ],
            [
              129.056563,
              35.21249699999999
            ],
            [
              129.056434,
              35.21243400000001
            ],
            [
              129.056251,
              35.21245699999999
            ],
            [
              129.05612,
              35.21240000000001
            ],
            [
              129.055977,
              35.212441
            ],
            [
              129.05591,
              35.212481
            ],
            [
              129.05577,
              35.212419
            ],
            [
              129.05560300000002,
              35.21242900000001
            ],
            [
              129.055479,
              35.21252
            ],
            [
              129.054175,
              35.212858
            ],
            [
              129.05403,
              35.21283400000001
            ],
            [
              129.053889,
              35.212766
            ],
            [
              129.053796,
              35.212749
            ],
            [
              129.053693,
              35.212761
            ],
            [
              129.053575,
              35.21274499999999
            ],
            [
              129.053451,
              35.21269300000001
            ],
            [
              129.05335,
              35.212648
            ],
            [
              129.05316700000003,
              35.21263
            ],
            [
              129.05307,
              35.212604000000006
            ],
            [
              129.052966,
              35.212732
            ],
            [
              129.052623,
              35.21285300000001
            ],
            [
              129.052448,
              35.212881
            ],
            [
              129.052341,
              35.212931
            ],
            [
              129.052161,
              35.212988
            ],
            [
              129.052064,
              35.213035000000005
            ],
            [
              129.05208600000003,
              35.213167000000006
            ],
            [
              129.052108,
              35.213252000000004
            ],
            [
              129.05204,
              35.21335500000001
            ],
            [
              129.052067,
              35.213460000000005
            ],
            [
              129.05213500000002,
              35.213545
            ],
            [
              129.052152,
              35.213625
            ],
            [
              129.052155,
              35.213719
            ],
            [
              129.052162,
              35.21381000000001
            ],
            [
              129.052189,
              35.213917
            ],
            [
              129.052236,
              35.214077
            ],
            [
              129.052216,
              35.214193
            ],
            [
              129.052119,
              35.214324
            ],
            [
              129.052084,
              35.214423000000004
            ],
            [
              129.052052,
              35.214567
            ],
            [
              129.052052,
              35.214678
            ],
            [
              129.05212,
              35.215055
            ],
            [
              129.052033,
              35.215159
            ],
            [
              129.051975,
              35.21531399999999
            ],
            [
              129.05200267854752,
              35.21535647228185
            ],
            [
              129.052033,
              35.215403
            ],
            [
              129.052049,
              35.215706
            ],
            [
              129.051976,
              35.215823
            ],
            [
              129.051955,
              35.215936000000006
            ],
            [
              129.051919,
              35.21603000000001
            ],
            [
              129.052004,
              35.216055
            ],
            [
              129.052272,
              35.21615700000001
            ],
            [
              129.052251,
              35.216267
            ],
            [
              129.052201,
              35.21639799999999
            ],
            [
              129.052097,
              35.216471999999996
            ],
            [
              129.05205,
              35.216575
            ],
            [
              129.052044,
              35.216673
            ],
            [
              129.052125,
              35.216820000000006
            ],
            [
              129.052104,
              35.216918
            ],
            [
              129.052098,
              35.217038
            ],
            [
              129.052062,
              35.217133999999994
            ],
            [
              129.052063,
              35.217257
            ],
            [
              129.052014,
              35.217344999999995
            ],
            [
              129.051972,
              35.217501
            ],
            [
              129.051865,
              35.217569
            ],
            [
              129.051758,
              35.21763700000001
            ],
            [
              129.051699,
              35.217705
            ],
            [
              129.051605,
              35.217808000000005
            ],
            [
              129.051457,
              35.217835
            ],
            [
              129.051394,
              35.21791
            ],
            [
              129.051345,
              35.218048
            ],
            [
              129.051332,
              35.218161
            ],
            [
              129.051326,
              35.218284
            ],
            [
              129.051275,
              35.21841800000001
            ],
            [
              129.051209,
              35.218593000000006
            ],
            [
              129.051195,
              35.218685
            ],
            [
              129.051215,
              35.218796000000005
            ],
            [
              129.051286,
              35.218973000000005
            ],
            [
              129.051269,
              35.219055
            ],
            [
              129.051227,
              35.219144
            ],
            [
              129.051149,
              35.219194
            ],
            [
              129.051076,
              35.21926
            ],
            [
              129.0511,
              35.219423000000006
            ],
            [
              129.05117300000003,
              35.21943000000001
            ],
            [
              129.051301,
              35.21959199999999
            ],
            [
              129.051319,
              35.219709
            ],
            [
              129.051492,
              35.219857000000005
            ],
            [
              129.051565,
              35.21990699999999
            ],
            [
              129.05166400000002,
              35.219973
            ],
            [
              129.051714,
              35.22004499999999
            ],
            [
              129.05174,
              35.220149000000006
            ],
            [
              129.051755,
              35.220243
            ],
            [
              129.05177,
              35.22034
            ],
            [
              129.051768,
              35.220406
            ],
            [
              129.05186,
              35.220459000000005
            ],
            [
              129.053137,
              35.22155700000001
            ],
            [
              129.05317772710436,
              35.22163610459138
            ],
            [
              129.053189,
              35.221658000000005
            ],
            [
              129.053226,
              35.221796
            ],
            [
              129.053244,
              35.22186700000001
            ],
            [
              129.053291,
              35.222005
            ],
            [
              129.053322,
              35.222043
            ],
            [
              129.053355,
              35.222190999999995
            ],
            [
              129.053406,
              35.2223
            ],
            [
              129.053348,
              35.22235
            ],
            [
              129.053385,
              35.222395
            ],
            [
              129.053448,
              35.222479
            ],
            [
              129.053513,
              35.22256
            ],
            [
              129.053497,
              35.222714
            ],
            [
              129.05351500000003,
              35.222813
            ],
            [
              129.053545,
              35.223017
            ],
            [
              129.053624,
              35.223228999999996
            ],
            [
              129.053601,
              35.223328
            ],
            [
              129.053546,
              35.223425
            ],
            [
              129.053615,
              35.223648
            ],
            [
              129.053586,
              35.223745
            ],
            [
              129.053674,
              35.22386099999999
            ],
            [
              129.053774,
              35.22392700000001
            ],
            [
              129.053898,
              35.224005
            ],
            [
              129.054046,
              35.22400700000001
            ],
            [
              129.054214,
              35.223958
            ],
            [
              129.054326,
              35.22390300000001
            ],
            [
              129.054492,
              35.224079999999994
            ],
            [
              129.054462,
              35.224222
            ],
            [
              129.054436,
              35.224354999999996
            ],
            [
              129.05444,
              35.224458000000006
            ],
            [
              129.054521,
              35.224566
            ],
            [
              129.054496,
              35.224673
            ],
            [
              129.054457,
              35.224759
            ],
            [
              129.054451,
              35.224867999999994
            ],
            [
              129.054526,
              35.225053
            ],
            [
              129.054514,
              35.225170999999996
            ],
            [
              129.054565,
              35.22526800000001
            ],
            [
              129.054545,
              35.22537
            ],
            [
              129.054508,
              35.22551300000001
            ],
            [
              129.054481,
              35.225627
            ],
            [
              129.054448,
              35.22585
            ],
            [
              129.054542,
              35.226022
            ],
            [
              129.054518,
              35.22614399999999
            ],
            [
              129.054492,
              35.22624400000001
            ],
            [
              129.054465,
              35.226465000000005
            ],
            [
              129.054472,
              35.226557
            ],
            [
              129.054456,
              35.22669199999999
            ],
            [
              129.054467,
              35.22678700000001
            ],
            [
              129.054451,
              35.22698900000001
            ],
            [
              129.054483,
              35.22710699999999
            ],
            [
              129.054528,
              35.227381
            ],
            [
              129.05451,
              35.22752500000001
            ],
            [
              129.054458,
              35.22764899999999
            ],
            [
              129.054353,
              35.227734
            ],
            [
              129.05428,
              35.227865
            ],
            [
              129.05417000000003,
              35.228042
            ],
            [
              129.054082,
              35.228118
            ],
            [
              129.054001,
              35.228198
            ],
            [
              129.0539874527689,
              35.22824612837398
            ],
            [
              129.053963,
              35.228333
            ],
            [
              129.053934,
              35.228431
            ],
            [
              129.053827,
              35.228546
            ],
            [
              129.053658,
              35.22855400000001
            ],
            [
              129.05356000000003,
              35.228595999999996
            ],
            [
              129.053448,
              35.22864
            ],
            [
              129.053355,
              35.22872
            ],
            [
              129.053327,
              35.228846
            ],
            [
              129.053036,
              35.22895
            ],
            [
              129.052902,
              35.228947999999995
            ],
            [
              129.052635,
              35.228882999999996
            ],
            [
              129.052521,
              35.228851
            ],
            [
              129.052323,
              35.228868000000006
            ],
            [
              129.052219,
              35.229060000000004
            ],
            [
              129.052164,
              35.229159
            ],
            [
              129.052124,
              35.229243000000004
            ],
            [
              129.051959,
              35.229254999999995
            ],
            [
              129.051849,
              35.229211
            ],
            [
              129.051624,
              35.229124999999996
            ],
            [
              129.051456,
              35.229018
            ],
            [
              129.051298,
              35.228950000000005
            ],
            [
              129.051189,
              35.228859
            ],
            [
              129.051131,
              35.228785
            ],
            [
              129.05101,
              35.228829000000005
            ],
            [
              129.050855,
              35.228901
            ],
            [
              129.050831,
              35.229006000000005
            ],
            [
              129.050771,
              35.22918300000001
            ],
            [
              129.050807,
              35.229261
            ],
            [
              129.050814,
              35.22937699999999
            ],
            [
              129.050749,
              35.229474999999994
            ],
            [
              129.050704,
              35.229612
            ],
            [
              129.050651,
              35.22967400000001
            ],
            [
              129.050587,
              35.229894
            ],
            [
              129.050472,
              35.229983999999995
            ],
            [
              129.050385,
              35.230092
            ],
            [
              129.050289,
              35.230152
            ],
            [
              129.050179,
              35.230162
            ],
            [
              129.050005,
              35.23019200000001
            ],
            [
              129.04988300000002,
              35.23022000000001
            ],
            [
              129.049651,
              35.230384
            ],
            [
              129.049528,
              35.23042100000001
            ],
            [
              129.049425,
              35.230509
            ],
            [
              129.049356,
              35.230602999999995
            ],
            [
              129.049299,
              35.230691
            ],
            [
              129.049271,
              35.230886000000005
            ],
            [
              129.0492,
              35.231023
            ],
            [
              129.049071,
              35.23109399999999
            ],
            [
              129.048923,
              35.231134
            ],
            [
              129.048866,
              35.231075
            ],
            [
              129.048748,
              35.23102200000001
            ],
            [
              129.048677,
              35.230933
            ],
            [
              129.048616,
              35.230847
            ],
            [
              129.048652,
              35.230721
            ],
            [
              129.048623,
              35.230634
            ],
            [
              129.048597,
              35.230505
            ],
            [
              129.048593,
              35.23038900000001
            ],
            [
              129.048524,
              35.230329
            ],
            [
              129.048412,
              35.23019300000001
            ],
            [
              129.048326,
              35.23001000000001
            ],
            [
              129.04829156663516,
              35.229879918465194
            ],
            [
              129.048281,
              35.22984000000001
            ],
            [
              129.04835,
              35.229756
            ],
            [
              129.048327,
              35.22959000000001
            ],
            [
              129.048372,
              35.229510000000005
            ],
            [
              129.048449,
              35.22936800000001
            ],
            [
              129.048368,
              35.22927
            ],
            [
              129.048392,
              35.22917799999999
            ],
            [
              129.048445,
              35.229018
            ],
            [
              129.04847,
              35.228944
            ],
            [
              129.048674,
              35.22883
            ],
            [
              129.048798,
              35.22881300000001
            ],
            [
              129.04885,
              35.228799
            ],
            [
              129.048861,
              35.228733999999996
            ],
            [
              129.048847,
              35.228594
            ],
            [
              129.048704,
              35.22857199999999
            ],
            [
              129.048571,
              35.228517
            ],
            [
              129.048485,
              35.22844
            ],
            [
              129.048407,
              35.228364
            ],
            [
              129.048365,
              35.228266999999995
            ],
            [
              129.04828,
              35.228225
            ],
            [
              129.048088,
              35.228074
            ],
            [
              129.048029,
              35.22797800000001
            ],
            [
              129.047989,
              35.227853
            ],
            [
              129.047905,
              35.227736
            ],
            [
              129.047761,
              35.22752800000001
            ],
            [
              129.047638,
              35.227505
            ],
            [
              129.047547,
              35.227458
            ],
            [
              129.047464,
              35.227398
            ],
            [
              129.04739,
              35.22722099999999
            ],
            [
              129.047454,
              35.227166
            ],
            [
              129.04747,
              35.227078
            ],
            [
              129.04747,
              35.226967
            ],
            [
              129.047419,
              35.226847
            ],
            [
              129.047378,
              35.22672800000001
            ],
            [
              129.047351,
              35.22660900000001
            ],
            [
              129.047311,
              35.22649799999999
            ],
            [
              129.047291,
              35.226394
            ],
            [
              129.047225,
              35.226237
            ],
            [
              129.047196,
              35.226136
            ],
            [
              129.047069,
              35.225894
            ],
            [
              129.046968,
              35.225704
            ],
            [
              129.046867,
              35.225601000000005
            ],
            [
              129.046779,
              35.225532
            ],
            [
              129.046732,
              35.225432
            ],
            [
              129.046644,
              35.225309
            ],
            [
              129.046549,
              35.22519200000001
            ],
            [
              129.046457,
              35.225072999999995
            ],
            [
              129.046203,
              35.224819000000004
            ],
            [
              129.046025,
              35.224754
            ],
            [
              129.045867,
              35.22461499999999
            ],
            [
              129.045772,
              35.224540000000005
            ],
            [
              129.045671,
              35.22446299999999
            ],
            [
              129.045562,
              35.224419
            ],
            [
              129.045371,
              35.224211
            ],
            [
              129.045249,
              35.22415300000001
            ],
            [
              129.045118,
              35.224089000000006
            ],
            [
              129.045005,
              35.22408400000001
            ],
            [
              129.0449,
              35.224029
            ],
            [
              129.044772,
              35.223995000000016
            ],
            [
              129.044669,
              35.22397500000001
            ],
            [
              129.044603,
              35.22391700000001
            ],
            [
              129.044469,
              35.223873000000005
            ],
            [
              129.044363,
              35.223833
            ],
            [
              129.044242,
              35.22372300000001
            ],
            [
              129.044144,
              35.223541
            ],
            [
              129.044062,
              35.22346900000001
            ],
            [
              129.043952,
              35.223269
            ],
            [
              129.043907,
              35.22317400000001
            ],
            [
              129.043793,
              35.223006
            ],
            [
              129.043676,
              35.22289
            ],
            [
              129.043548,
              35.222807
            ],
            [
              129.043426,
              35.222751
            ],
            [
              129.043337,
              35.222595999999996
            ],
            [
              129.04329,
              35.222523
            ],
            [
              129.043229,
              35.222455
            ],
            [
              129.043054,
              35.222338
            ],
            [
              129.042922,
              35.222259
            ],
            [
              129.04287,
              35.222166
            ],
            [
              129.042765,
              35.222075999999994
            ],
            [
              129.042652,
              35.222039
            ],
            [
              129.042573,
              35.221944
            ],
            [
              129.042458,
              35.221904
            ],
            [
              129.04238200000003,
              35.221836
            ],
            [
              129.042276,
              35.221795
            ],
            [
              129.042171,
              35.221751
            ],
            [
              129.042072,
              35.221703999999995
            ],
            [
              129.042,
              35.22165600000001
            ],
            [
              129.041902,
              35.22162999999999
            ],
            [
              129.041767,
              35.22160800000001
            ],
            [
              129.04165700000001,
              35.22153599999999
            ],
            [
              129.041528,
              35.221418
            ],
            [
              129.041403,
              35.221317000000006
            ],
            [
              129.041359,
              35.221227
            ],
            [
              129.041365,
              35.221126000000005
            ],
            [
              129.041352,
              35.221045999999994
            ],
            [
              129.041339,
              35.220937000000006
            ],
            [
              129.041359,
              35.22085100000001
            ],
            [
              129.041379,
              35.220690000000005
            ],
            [
              129.041407,
              35.220691
            ],
            [
              129.041446,
              35.220574
            ],
            [
              129.041616,
              35.220507
            ],
            [
              129.04174,
              35.22051
            ],
            [
              129.041699,
              35.220400000000005
            ],
            [
              129.041605,
              35.22016300000001
            ],
            [
              129.041507,
              35.22002
            ],
            [
              129.041372,
              35.21989899999999
            ],
            [
              129.041226,
              35.21991500000001
            ],
            [
              129.041236,
              35.219857
            ],
            [
              129.041198,
              35.219761999999996
            ],
            [
              129.041152,
              35.21974600000001
            ],
            [
              129.041119,
              35.219663
            ],
            [
              129.04111,
              35.219627
            ],
            [
              129.041048,
              35.21956600000001
            ],
            [
              129.041037,
              35.21954600000001
            ],
            [
              129.040992,
              35.219455
            ],
            [
              129.040988,
              35.21944900000001
            ],
            [
              129.041015,
              35.219303
            ],
            [
              129.040964,
              35.219284
            ],
            [
              129.041012,
              35.21918099999999
            ],
            [
              129.041018,
              35.219151
            ],
            [
              129.041043,
              35.21909800000001
            ],
            [
              129.04109200000002,
              35.219054
            ],
            [
              129.041202,
              35.21892400000001
            ],
            [
              129.041226,
              35.218823
            ],
            [
              129.041164,
              35.218682
            ],
            [
              129.041143,
              35.218581
            ],
            [
              129.04102,
              35.2185
            ],
            [
              129.04086,
              35.21844
            ],
            [
              129.04077,
              35.218374999999995
            ],
            [
              129.040654,
              35.218374000000004
            ],
            [
              129.040507,
              35.218344
            ],
            [
              129.040394,
              35.218346000000004
            ],
            [
              129.039997,
              35.21788
            ],
            [
              129.040035,
              35.21747599999999
            ],
            [
              129.039999,
              35.217287000000006
            ],
            [
              129.039802,
              35.216737
            ],
            [
              129.03922,
              35.216352
            ],
            [
              129.039032,
              35.216246000000005
            ],
            [
              129.038559,
              35.215889
            ],
            [
              129.038006,
              35.215179
            ],
            [
              129.03755,
              35.214848
            ],
            [
              129.037238,
              35.21467599999999
            ],
            [
              129.036947,
              35.214519
            ],
            [
              129.036848,
              35.214385
            ],
            [
              129.036791,
              35.21424
            ],
            [
              129.036764,
              35.214157
            ],
            [
              129.036681,
              35.214038
            ],
            [
              129.036684,
              35.213935
            ],
            [
              129.036655,
              35.213888999999995
            ],
            [
              129.036639,
              35.213798
            ],
            [
              129.036682,
              35.21362299999999
            ],
            [
              129.036643,
              35.213526
            ],
            [
              129.03665,
              35.213395
            ],
            [
              129.036681,
              35.21332099999999
            ],
            [
              129.036751,
              35.213219
            ],
            [
              129.036792,
              35.213183
            ],
            [
              129.037517,
              35.179963
            ],
            [
              129.039771,
              35.178724
            ],
            [
              129.04646000000002,
              35.176353000000006
            ],
            [
              129.046359,
              35.176256
            ],
            [
              129.046255,
              35.176207
            ],
            [
              129.046094,
              35.176137999999995
            ],
            [
              129.045922,
              35.176119
            ],
            [
              129.04575,
              35.176105
            ],
            [
              129.045575,
              35.176044000000005
            ],
            [
              129.04546,
              35.175975
            ],
            [
              129.045379,
              35.175926
            ],
            [
              129.045223,
              35.175853
            ],
            [
              129.045082,
              35.17578
            ],
            [
              129.044987,
              35.175697
            ],
            [
              129.044881,
              35.175586
            ],
            [
              129.044822,
              35.175474
            ],
            [
              129.04478,
              35.1753
            ],
            [
              129.044664,
              35.175198
            ],
            [
              129.04456,
              35.175104
            ],
            [
              129.044449,
              35.175
            ],
            [
              129.044346,
              35.174926
            ],
            [
              129.044274,
              35.174849
            ],
            [
              129.044201,
              35.174769
            ],
            [
              129.044133,
              35.174659
            ],
            [
              129.044202,
              35.174555999999995
            ],
            [
              129.044189,
              35.174373
            ],
            [
              129.044184,
              35.174277000000004
            ],
            [
              129.04458500000004,
              35.17415900000001
            ],
            [
              129.044775,
              35.17417400000001
            ],
            [
              129.044934,
              35.174124
            ],
            [
              129.044829,
              35.173984
            ],
            [
              129.044792,
              35.173888
            ],
            [
              129.044752,
              35.173781
            ],
            [
              129.044755,
              35.173673
            ],
            [
              129.044707,
              35.17357
            ],
            [
              129.044682,
              35.173452000000005
            ],
            [
              129.04466,
              35.173356999999996
            ],
            [
              129.044594,
              35.17328
            ],
            [
              129.044528,
              35.173167
            ],
            [
              129.044424,
              35.17320000000001
            ],
            [
              129.044262,
              35.17327000000001
            ],
            [
              129.04412,
              35.173285
            ],
            [
              129.043914,
              35.173308
            ],
            [
              129.04371,
              35.173249
            ],
            [
              129.043541,
              35.173188
            ],
            [
              129.043427,
              35.173171
            ],
            [
              129.0432,
              35.173113
            ],
            [
              129.043073,
              35.173118
            ],
            [
              129.042894,
              35.17303400000001
            ],
            [
              129.042807,
              35.172972
            ],
            [
              129.042695,
              35.172943000000004
            ],
            [
              129.042553,
              35.173023
            ],
            [
              129.042437,
              35.17305499999999
            ],
            [
              129.042323,
              35.17315
            ],
            [
              129.042152,
              35.17325600000001
            ],
            [
              129.042085,
              35.173365
            ],
            [
              129.042032,
              35.173507
            ],
            [
              129.042021,
              35.173609000000006
            ],
            [
              129.04192,
              35.173748
            ],
            [
              129.04191208680808,
              35.1737606884081
            ],
            [
              129.041862,
              35.173840999999996
            ],
            [
              129.041842,
              35.17393200000001
            ],
            [
              129.041832,
              35.174043000000005
            ],
            [
              129.041848,
              35.174146
            ],
            [
              129.041854,
              35.174261
            ],
            [
              129.041893,
              35.174566000000006
            ],
            [
              129.041854,
              35.174701
            ],
            [
              129.04178,
              35.174843
            ],
            [
              129.041698,
              35.174921999999995
            ],
            [
              129.04160800000002,
              35.175038
            ],
            [
              129.041532,
              35.17511199999999
            ],
            [
              129.041428,
              35.175198
            ],
            [
              129.041262,
              35.17528999999999
            ],
            [
              129.041248,
              35.17538600000002
            ],
            [
              129.041302,
              35.175475999999996
            ],
            [
              129.041372,
              35.175602000000005
            ],
            [
              129.041444,
              35.175737
            ],
            [
              129.041425,
              35.175903
            ],
            [
              129.041342,
              35.17605300000001
            ],
            [
              129.041143,
              35.176259
            ],
            [
              129.041043,
              35.17632700000001
            ],
            [
              129.040954,
              35.176412
            ],
            [
              129.040898,
              35.176511
            ],
            [
              129.04093,
              35.17659700000001
            ],
            [
              129.041033,
              35.176663
            ],
            [
              129.04116200000004,
              35.176772
            ],
            [
              129.041066,
              35.177037999999996
            ],
            [
              129.04097,
              35.17709399999999
            ],
            [
              129.040873,
              35.1772
            ],
            [
              129.040769,
              35.177275
            ],
            [
              129.040589,
              35.17741000000001
            ],
            [
              129.040495,
              35.177556
            ],
            [
              129.040414,
              35.17773
            ],
            [
              129.04034700000003,
              35.178042
            ],
            [
              129.040264,
              35.178139
            ],
            [
              129.040187,
              35.17821399999999
            ],
            [
              129.040048,
              35.178364
            ],
            [
              129.039959,
              35.178543
            ],
            [
              129.039886,
              35.178659999999994
            ],
            [
              129.039644,
              35.178671000000016
            ],
            [
              129.039498,
              35.178607
            ],
            [
              129.039397,
              35.178523
            ],
            [
              129.039305,
              35.17846599999999
            ],
            [
              129.039201,
              35.178435
            ],
            [
              129.039105,
              35.17836100000001
            ],
            [
              129.038983,
              35.178274
            ],
            [
              129.038876,
              35.178224
            ],
            [
              129.038768,
              35.178287
            ],
            [
              129.038702,
              35.178423
            ],
            [
              129.038662,
              35.17851400000001
            ],
            [
              129.038609,
              35.17865200000001
            ],
            [
              129.038586,
              35.17874
            ],
            [
              129.03834900000004,
              35.17887600000001
            ],
            [
              129.03824068646784,
              35.17882294857898
            ],
            [
              129.038104,
              35.17875599999999
            ],
            [
              129.037971,
              35.178717
            ],
            [
              129.037838,
              35.17869399999999
            ],
            [
              129.03769800000003,
              35.17881500000001
            ],
            [
              129.037545,
              35.178982000000005
            ],
            [
              129.037475,
              35.179099
            ],
            [
              129.03751,
              35.17922299999999
            ],
            [
              129.037492,
              35.17946100000001
            ],
            [
              129.037452,
              35.17957499999999
            ],
            [
              129.037497,
              35.179712
            ],
            [
              129.03753000000003,
              35.17981000000001
            ],
            [
              129.037374,
              35.180105
            ],
            [
              129.037253,
              35.180175000000006
            ],
            [
              129.037131,
              35.180227
            ],
            [
              129.036898,
              35.180251
            ],
            [
              129.036771,
              35.18021399999999
            ],
            [
              129.03666200000004,
              35.18017
            ],
            [
              129.036546,
              35.180132
            ],
            [
              129.036421,
              35.180053
            ],
            [
              129.036223,
              35.180016
            ],
            [
              129.036099,
              35.180006000000006
            ],
            [
              129.035965,
              35.180038
            ],
            [
              129.03581,
              35.18006
            ],
            [
              129.035665,
              35.180079
            ],
            [
              129.03554000000003,
              35.180049
            ],
            [
              129.035339,
              35.180001999999995
            ],
            [
              129.035219,
              35.180002
            ],
            [
              129.035145,
              35.18002799999999
            ],
            [
              129.035108,
              35.180039
            ],
            [
              129.034989,
              35.18011
            ],
            [
              129.03493000000003,
              35.180206
            ],
            [
              129.03483,
              35.18032899999999
            ],
            [
              129.034738,
              35.180481
            ],
            [
              129.034637,
              35.180577
            ],
            [
              129.034531,
              35.180662999999996
            ],
            [
              129.034407,
              35.180724000000005
            ],
            [
              129.03427500000004,
              35.180804
            ],
            [
              129.03411100000002,
              35.180873000000005
            ],
            [
              129.034004,
              35.180918
            ],
            [
              129.033834,
              35.18098
            ],
            [
              129.033705,
              35.18101600000001
            ],
            [
              129.033567,
              35.181075
            ],
            [
              129.033411,
              35.18115
            ],
            [
              129.033301,
              35.18118
            ],
            [
              129.033296,
              35.181227
            ],
            [
              129.033177,
              35.181323
            ],
            [
              129.032929,
              35.181416000000006
            ],
            [
              129.032798,
              35.181436000000005
            ],
            [
              129.032627,
              35.181414
            ],
            [
              129.03244,
              35.181402
            ],
            [
              129.032315,
              35.181438
            ],
            [
              129.032167,
              35.181416999999996
            ],
            [
              129.032025,
              35.18134800000001
            ],
            [
              129.031852,
              35.18133199999999
            ],
            [
              129.031728,
              35.18125
            ],
            [
              129.031584,
              35.181220999999994
            ],
            [
              129.03148,
              35.181244
            ],
            [
              129.031365,
              35.181239000000005
            ],
            [
              129.031277,
              35.181181
            ],
            [
              129.031153,
              35.181216
            ],
            [
              129.03114961826088,
              35.18124201340161
            ],
            [
              129.03114,
              35.181316
            ],
            [
              129.030913,
              35.181355
            ],
            [
              129.030779,
              35.181458
            ],
            [
              129.030698,
              35.18151300000001
            ],
            [
              129.030608,
              35.181597
            ],
            [
              129.030248,
              35.181806
            ],
            [
              129.03015,
              35.181896
            ],
            [
              129.030079,
              35.181978
            ],
            [
              129.029945,
              35.182058000000005
            ],
            [
              129.029803,
              35.182143
            ],
            [
              129.029698,
              35.18226
            ],
            [
              129.02959,
              35.18235700000002
            ],
            [
              129.029596,
              35.182464
            ],
            [
              129.029509,
              35.182562999999995
            ],
            [
              129.029363,
              35.182695
            ],
            [
              129.029303,
              35.18278800000001
            ],
            [
              129.029028,
              35.182849
            ],
            [
              129.028986,
              35.18285899999999
            ],
            [
              129.028804,
              35.182961
            ],
            [
              129.028699,
              35.18292199999999
            ],
            [
              129.028585,
              35.18296200000001
            ],
            [
              129.028381,
              35.18303399999999
            ],
            [
              129.028248,
              35.183065
            ],
            [
              129.02813,
              35.183116
            ],
            [
              129.02799,
              35.183138
            ],
            [
              129.027878,
              35.183124
            ],
            [
              129.027757,
              35.183142000000004
            ],
            [
              129.02762,
              35.183127
            ],
            [
              129.027516,
              35.183113999999996
            ],
            [
              129.027331,
              35.183109
            ],
            [
              129.027158,
              35.18313199999999
            ],
            [
              129.027053,
              35.183086
            ],
            [
              129.026924,
              35.183014
            ],
            [
              129.026786,
              35.182962
            ],
            [
              129.026693,
              35.18293200000001
            ],
            [
              129.026582,
              35.182957
            ],
            [
              129.026459,
              35.182878
            ],
            [
              129.026351,
              35.182799
            ],
            [
              129.026247,
              35.182745
            ],
            [
              129.026181,
              35.18266800000001
            ],
            [
              129.02611,
              35.18253
            ],
            [
              129.025965,
              35.182455
            ],
            [
              129.025866,
              35.18240500000001
            ],
            [
              129.025745,
              35.182331999999995
            ],
            [
              129.025596,
              35.182245
            ],
            [
              129.02545,
              35.182203
            ],
            [
              129.025324,
              35.18217800000001
            ],
            [
              129.025207,
              35.18215399999999
            ],
            [
              129.025078,
              35.18216699999999
            ],
            [
              129.024966,
              35.182257
            ],
            [
              129.02482,
              35.182363
            ],
            [
              129.024684,
              35.182365
            ],
            [
              129.024478,
              35.182534
            ],
            [
              129.02437,
              35.182619
            ],
            [
              129.024266,
              35.182732
            ],
            [
              129.024216,
              35.182835
            ],
            [
              129.024174,
              35.182933
            ],
            [
              129.024003,
              35.18295500000001
            ],
            [
              129.023944,
              35.18298200000001
            ],
            [
              129.023643,
              35.18280599999999
            ],
            [
              129.02349400000003,
              35.182736000000006
            ],
            [
              129.023389,
              35.18267399999999
            ],
            [
              129.02328500000002,
              35.182615999999996
            ],
            [
              129.02319100000003,
              35.182535
            ],
            [
              129.023096,
              35.182452000000005
            ],
            [
              129.02299,
              35.18238
            ],
            [
              129.022898,
              35.182312
            ],
            [
              129.022696,
              35.182216999999994
            ],
            [
              129.022472,
              35.182091
            ],
            [
              129.022366,
              35.181946999999994
            ],
            [
              129.022332,
              35.181842
            ],
            [
              129.02228,
              35.18175000000001
            ],
            [
              129.02216,
              35.181686
            ],
            [
              129.022045,
              35.18164600000001
            ],
            [
              129.021896,
              35.181543
            ],
            [
              129.021791,
              35.181470000000004
            ],
            [
              129.021611,
              35.18139200000001
            ],
            [
              129.021474,
              35.181345
            ],
            [
              129.021343,
              35.181255
            ],
            [
              129.021224,
              35.181137
            ],
            [
              129.021134,
              35.181025
            ],
            [
              129.021057,
              35.18093600000001
            ],
            [
              129.020908,
              35.18082
            ],
            [
              129.020784,
              35.180747
            ],
            [
              129.020677,
              35.180704
            ],
            [
              129.020513,
              35.180648000000005
            ],
            [
              129.020365,
              35.18057
            ],
            [
              129.020229,
              35.18049700000001
            ],
            [
              129.020144,
              35.18044
            ],
            [
              129.020033,
              35.180361000000005
            ],
            [
              129.02,
              35.180144
            ],
            [
              129.019936,
              35.18002500000001
            ],
            [
              129.019854,
              35.17992099999999
            ],
            [
              129.019829,
              35.179759
            ],
            [
              129.01977,
              35.17966
            ],
            [
              129.019658,
              35.17957199999999
            ],
            [
              129.019524,
              35.179595
            ],
            [
              129.019164,
              35.179572
            ],
            [
              129.019076,
              35.179534999999994
            ],
            [
              129.018952,
              35.179514
            ],
            [
              129.018839,
              35.179471
            ],
            [
              129.018648,
              35.179458
            ],
            [
              129.018362,
              35.179448
            ],
            [
              129.018213,
              35.179383
            ],
            [
              129.018075,
              35.179292
            ],
            [
              129.017945,
              35.179301
            ],
            [
              129.017911,
              35.179238
            ],
            [
              129.017873,
              35.179142000000006
            ],
            [
              129.017767,
              35.179041000000005
            ],
            [
              129.0177062399222,
              35.179003652088014
            ],
            [
              129.017658,
              35.178974
            ],
            [
              129.017551,
              35.178877
            ],
            [
              129.017433,
              35.178827
            ],
            [
              129.017339,
              35.178766
            ],
            [
              129.017089,
              35.178707
            ],
            [
              129.016983,
              35.178615
            ],
            [
              129.016872,
              35.178555
            ],
            [
              129.016721,
              35.17844600000001
            ],
            [
              129.016685,
              35.178325
            ],
            [
              129.016598,
              35.178259
            ],
            [
              129.016468,
              35.178216
            ],
            [
              129.016371,
              35.17814599999999
            ],
            [
              129.016242,
              35.178019
            ],
            [
              129.016238,
              35.177684
            ],
            [
              129.016242,
              35.177598
            ],
            [
              129.016139,
              35.177511
            ],
            [
              129.016018,
              35.177496
            ],
            [
              129.0159,
              35.17747
            ],
            [
              129.015786,
              35.177386
            ],
            [
              129.01561,
              35.17732399999999
            ],
            [
              129.015543,
              35.177227
            ],
            [
              129.01548100000002,
              35.17717199999999
            ],
            [
              129.015339,
              35.177092
            ],
            [
              129.01531300000002,
              35.177016
            ],
            [
              129.015201,
              35.176991
            ],
            [
              129.015049,
              35.176942000000004
            ],
            [
              129.014937,
              35.176863
            ],
            [
              129.014761,
              35.17679199999999
            ],
            [
              129.014635,
              35.176742
            ],
            [
              129.014545,
              35.176672
            ],
            [
              129.014472,
              35.176591
            ],
            [
              129.014395,
              35.17648499999999
            ],
            [
              129.014347,
              35.176376
            ],
            [
              129.014286,
              35.176281
            ],
            [
              129.014209,
              35.17617
            ],
            [
              129.01409,
              35.176112
            ],
            [
              129.013953,
              35.176097
            ],
            [
              129.013859,
              35.176053
            ],
            [
              129.013744,
              35.176042
            ],
            [
              129.013494,
              35.176038
            ],
            [
              129.01334,
              35.175987
            ],
            [
              129.01641,
              35.154019000000005
            ],
            [
              129.016367,
              35.154192
            ],
            [
              129.016325,
              35.154281
            ],
            [
              129.016315,
              35.15443700000001
            ],
            [
              129.016244,
              35.15456699999999
            ],
            [
              129.016186,
              35.15464999999999
            ],
            [
              129.016138,
              35.154759
            ],
            [
              129.016067,
              35.15491899999999
            ],
            [
              129.016032,
              35.155052
            ],
            [
              129.015967,
              35.155196000000004
            ],
            [
              129.015934,
              35.155283000000004
            ],
            [
              129.015875,
              35.155378
            ],
            [
              129.015817,
              35.15546
            ],
            [
              129.015796,
              35.15556999999999
            ],
            [
              129.015701,
              35.155693
            ],
            [
              129.015672,
              35.155797
            ],
            [
              129.015639,
              35.15590600000001
            ],
            [
              129.015581,
              35.15600100000001
            ],
            [
              129.015506,
              35.156094
            ],
            [
              129.014977,
              35.156285000000004
            ],
            [
              129.014813,
              35.156285000000004
            ],
            [
              129.014702,
              35.156345
            ],
            [
              129.01461,
              35.156402
            ],
            [
              129.014515,
              35.156453000000006
            ],
            [
              129.01441,
              35.15649200000001
            ],
            [
              129.014298,
              35.156533
            ],
            [
              129.013608,
              35.156431
            ],
            [
              129.01346,
              35.156393
            ],
            [
              129.013312,
              35.15637400000001
            ],
            [
              129.013286,
              35.15646
            ],
            [
              129.013289,
              35.156575999999994
            ],
            [
              129.013265,
              35.156673000000005
            ],
            [
              129.013244,
              35.15679800000001
            ],
            [
              129.012894,
              35.15721700000001
            ],
            [
              129.012787,
              35.15724600000001
            ],
            [
              129.012648,
              35.157306
            ],
            [
              129.012527,
              35.157375
            ],
            [
              129.01245,
              35.157438
            ],
            [
              129.012342,
              35.157481
            ],
            [
              129.012153,
              35.15756299999999
            ],
            [
              129.012132,
              35.157824999999995
            ],
            [
              129.012007,
              35.157921
            ],
            [
              129.011921,
              35.157989
            ],
            [
              129.011844,
              35.158094000000006
            ],
            [
              129.011681,
              35.15851200000001
            ],
            [
              129.011621,
              35.158618
            ],
            [
              129.011515,
              35.158725
            ],
            [
              129.01147,
              35.158838
            ],
            [
              129.011419,
              35.159004
            ],
            [
              129.011435,
              35.159112
            ],
            [
              129.011348,
              35.159304
            ],
            [
              129.01126,
              35.159503
            ],
            [
              129.01119593840463,
              35.159680329954554
            ],
            [
              129.011191,
              35.159694
            ],
            [
              129.011057,
              35.159851
            ],
            [
              129.010924,
              35.159905
            ],
            [
              129.010791,
              35.159899
            ],
            [
              129.010686,
              35.159937
            ],
            [
              129.010769,
              35.16007800000001
            ],
            [
              129.010861,
              35.160172
            ],
            [
              129.010896,
              35.16026300000001
            ],
            [
              129.010996,
              35.160348
            ],
            [
              129.01112,
              35.160413999999996
            ],
            [
              129.01115,
              35.160535
            ],
            [
              129.011217,
              35.160663
            ],
            [
              129.011301,
              35.160987
            ],
            [
              129.011257,
              35.161077
            ],
            [
              129.011266,
              35.16119599999999
            ],
            [
              129.011114,
              35.16154
            ],
            [
              129.01113,
              35.16164
            ],
            [
              129.011143,
              35.161761999999996
            ],
            [
              129.011199,
              35.161878
            ],
            [
              129.01117,
              35.16199
            ],
            [
              129.011202,
              35.162098
            ],
            [
              129.01128400000002,
              35.16218
            ],
            [
              129.011236,
              35.162293000000005
            ],
            [
              129.011337,
              35.162402
            ],
            [
              129.011372,
              35.162518000000006
            ],
            [
              129.011492,
              35.162608000000006
            ],
            [
              129.011386,
              35.162887
            ],
            [
              129.011495,
              35.162973
            ],
            [
              129.01163,
              35.163000000000004
            ],
            [
              129.011778,
              35.163056
            ],
            [
              129.011913,
              35.16306899999999
            ],
            [
              129.011978,
              35.16314
            ],
            [
              129.011969,
              35.16325
            ],
            [
              129.011987,
              35.163341
            ],
            [
              129.011907,
              35.163493
            ],
            [
              129.011801,
              35.163612
            ],
            [
              129.011946,
              35.16378
            ],
            [
              129.011993,
              35.163907
            ],
            [
              129.011996,
              35.164007
            ],
            [
              129.012063,
              35.164097
            ],
            [
              129.012132,
              35.164196
            ],
            [
              129.012206,
              35.164255999999995
            ],
            [
              129.012295,
              35.16432900000001
            ],
            [
              129.012391,
              35.164388
            ],
            [
              129.012415,
              35.164485
            ],
            [
              129.012577,
              35.164575
            ],
            [
              129.012632,
              35.164651
            ],
            [
              129.012685,
              35.164753000000005
            ],
            [
              129.012706,
              35.164871999999995
            ],
            [
              129.012808,
              35.164987
            ],
            [
              129.012857,
              35.16506799999999
            ],
            [
              129.012891,
              35.165163
            ],
            [
              129.013061,
              35.165502000000004
            ],
            [
              129.01299,
              35.165626
            ],
            [
              129.012921,
              35.16570800000001
            ],
            [
              129.012786,
              35.165828000000005
            ],
            [
              129.012692,
              35.165895
            ],
            [
              129.012625,
              35.16601099999999
            ],
            [
              129.012701,
              35.166178
            ],
            [
              129.012692,
              35.16629499999999
            ],
            [
              129.012657,
              35.16651499999999
            ],
            [
              129.01263233078092,
              35.16653750528418
            ],
            [
              129.012543,
              35.166619
            ],
            [
              129.012438,
              35.166723
            ],
            [
              129.012394,
              35.166807000000006
            ],
            [
              129.012336,
              35.166889000000005
            ],
            [
              129.012219,
              35.167008
            ],
            [
              129.012093,
              35.167153000000006
            ],
            [
              129.012014,
              35.16724
            ],
            [
              129.011988,
              35.167379999999994
            ],
            [
              129.012031,
              35.16747900000001
            ],
            [
              129.012069,
              35.167583
            ],
            [
              129.01209,
              35.167705999999995
            ],
            [
              129.012178,
              35.167782
            ],
            [
              129.012227,
              35.16788
            ],
            [
              129.012185,
              35.168074
            ],
            [
              129.012186,
              35.168197
            ],
            [
              129.01211,
              35.168363
            ],
            [
              129.01213,
              35.16851100000001
            ],
            [
              129.012109,
              35.168617000000005
            ],
            [
              129.011911,
              35.168853
            ],
            [
              129.01186,
              35.168963
            ],
            [
              129.011756,
              35.16907499999999
            ],
            [
              129.011613,
              35.16918600000001
            ],
            [
              129.011473,
              35.169284999999995
            ],
            [
              129.011289,
              35.169383
            ],
            [
              129.011087,
              35.16955
            ],
            [
              129.011028,
              35.16964000000001
            ],
            [
              129.010956,
              35.169721
            ],
            [
              129.010839,
              35.169896
            ],
            [
              129.010729,
              35.169959
            ],
            [
              129.010648,
              35.170054
            ],
            [
              129.010595,
              35.170142
            ],
            [
              129.010529,
              35.170238
            ],
            [
              129.01058000000003,
              35.17035400000001
            ],
            [
              129.010623,
              35.170449000000005
            ],
            [
              129.010639,
              35.17061699999999
            ],
            [
              129.010642,
              35.170719
            ],
            [
              129.010584,
              35.170908000000004
            ],
            [
              129.010492,
              35.17097100000001
            ],
            [
              129.010348,
              35.171079
            ],
            [
              129.01023,
              35.171219
            ],
            [
              129.010119,
              35.171457
            ],
            [
              129.01004,
              35.171578
            ],
            [
              129.00996,
              35.171663
            ],
            [
              129.009899,
              35.171751
            ],
            [
              129.009852,
              35.171822
            ],
            [
              129.00985500000002,
              35.171839
            ],
            [
              129.009795,
              35.171867999999996
            ],
            [
              129.00991,
              35.172002000000006
            ],
            [
              129.009963,
              35.172082
            ],
            [
              129.009908,
              35.172288
            ],
            [
              129.009866,
              35.172343
            ],
            [
              129.009865,
              35.172477
            ],
            [
              129.00991,
              35.17256900000001
            ],
            [
              129.009993,
              35.172737
            ],
            [
              129.010081,
              35.172795
            ],
            [
              129.010197,
              35.172924
            ],
            [
              129.010287,
              35.17303400000001
            ],
            [
              129.010479,
              35.17310599999999
            ],
            [
              129.010687,
              35.17323699999999
            ],
            [
              129.010832,
              35.17332
            ],
            [
              129.010995,
              35.173480000000005
            ],
            [
              129.01106959147342,
              35.1735696604979
            ],
            [
              129.011094,
              35.173599
            ],
            [
              129.011117,
              35.17368199999999
            ],
            [
              129.011292,
              35.173817
            ],
            [
              129.011405,
              35.173904
            ],
            [
              129.011405,
              35.174015
            ],
            [
              129.011486,
              35.174091000000004
            ],
            [
              129.011591,
              35.17421
            ],
            [
              129.011637,
              35.174305999999994
            ],
            [
              129.011761,
              35.174439
            ],
            [
              129.011882,
              35.174555999999995
            ],
            [
              129.012073,
              35.174716
            ],
            [
              129.012185,
              35.17477900000001
            ],
            [
              129.0123,
              35.174844
            ],
            [
              129.012503,
              35.174997
            ],
            [
              129.012565,
              35.175109000000006
            ],
            [
              129.012633,
              35.175183
            ],
            [
              129.012715,
              35.175255
            ],
            [
              129.012751,
              35.17534899999999
            ],
            [
              129.012821,
              35.175450999999995
            ],
            [
              129.013004,
              35.175533
            ],
            [
              129.013054,
              35.175645
            ],
            [
              129.013067,
              35.175746
            ],
            [
              129.013201,
              35.175888
            ],
            [
              128.998403,
              35.19171299999999
            ],
            [
              128.99822,
              35.191766
            ],
            [
              128.998055,
              35.191713
            ],
            [
              128.99793,
              35.191719
            ],
            [
              128.997815,
              35.19171299999999
            ],
            [
              128.997673,
              35.191659
            ],
            [
              128.997597,
              35.191732
            ],
            [
              128.997459,
              35.191785
            ],
            [
              128.997333,
              35.1918
            ],
            [
              128.997196,
              35.191842999999984
            ],
            [
              128.99714367254742,
              35.191843000014615
            ],
            [
              128.997076,
              35.191843
            ],
            [
              128.996954,
              35.191835999999995
            ],
            [
              128.996838,
              35.191899
            ],
            [
              128.996678,
              35.191936
            ],
            [
              128.996681,
              35.19198
            ],
            [
              128.996764,
              35.192045
            ],
            [
              128.996939,
              35.192133
            ],
            [
              128.996935,
              35.192245
            ],
            [
              128.996947,
              35.192395
            ],
            [
              128.996872,
              35.192483
            ],
            [
              128.996913,
              35.19259999999999
            ],
            [
              128.99698600000002,
              35.19268699999999
            ],
            [
              128.997085,
              35.19279100000001
            ],
            [
              128.996927,
              35.193023999999994
            ],
            [
              128.996975,
              35.193124000000005
            ],
            [
              128.996978,
              35.193222
            ],
            [
              128.997004,
              35.193424
            ],
            [
              128.996834,
              35.193647999999996
            ],
            [
              128.996721,
              35.193656
            ],
            [
              128.996573,
              35.193630000000006
            ],
            [
              128.996473,
              35.19358100000001
            ],
            [
              128.99637,
              35.193558
            ],
            [
              128.99625,
              35.19366600000001
            ],
            [
              128.996116,
              35.193692
            ],
            [
              128.99601,
              35.193720000000006
            ],
            [
              128.995889,
              35.193671
            ],
            [
              128.995687,
              35.193727
            ],
            [
              128.995527,
              35.19376900000001
            ],
            [
              128.995349,
              35.19379299999999
            ],
            [
              128.995231,
              35.193791999999995
            ],
            [
              128.995121,
              35.19381299999999
            ],
            [
              128.994929,
              35.193936
            ],
            [
              128.994822,
              35.193979
            ],
            [
              128.994657,
              35.194007
            ],
            [
              128.994518,
              35.194095
            ],
            [
              128.994478,
              35.194193
            ],
            [
              128.994508,
              35.194295999999994
            ],
            [
              128.994552,
              35.194386
            ],
            [
              128.994578,
              35.194476
            ],
            [
              128.994641,
              35.194609
            ],
            [
              128.99452,
              35.19483199999999
            ],
            [
              128.994359,
              35.194902
            ],
            [
              128.99419800000004,
              35.194952
            ]
          ]
        ]
      }
    }
  ]
}